11:00:29 [SESSION] logging to C:\Users\user\Documents\avigilon-ptz-dashboard\backend\logs\session-20260714-110029-7096.log
11:03:27 [VIDEO] capture loop starting, stream_url='rtsp://administrator:123456@169.254.50.189/rtsp/defaultPrimary?streamType=u'
11:03:27 [VIDEO] opening capture: 'rtsp://administrator:123456@169.254.50.189/rtsp/defaultPrimary?streamType=u'
11:03:29 [VIDEO] capture opened successfully
11:03:33 [DETECT] inference took 4.80s
11:03:34 [DETECT] inference took 0.34s
11:03:35 [DETECT] inference took 0.41s
11:03:36 [DETECT] inference took 0.36s
11:03:37 [DETECT] inference took 0.38s
11:03:38 [DETECT] inference took 0.41s
11:03:39 [DETECT] inference took 0.34s
11:03:40 [DETECT] inference took 0.34s
11:03:41 [DETECT] inference took 0.33s
11:03:42 [DETECT] inference took 0.38s
11:03:43 [DETECT] inference took 0.42s
11:03:44 [DETECT] inference took 0.34s
11:03:45 [DETECT] inference took 0.30s
11:03:46 [DETECT] inference took 0.28s
11:03:47 [DETECT] inference took 0.25s
11:03:48 [DETECT] inference took 0.25s
11:03:49 [DETECT] inference took 0.25s
11:03:50 [DETECT] inference took 0.33s
11:03:51 [DETECT] inference took 0.31s
11:03:52 [DETECT] inference took 0.33s
11:03:53 [DETECT] inference took 0.31s
11:03:54 [DETECT] inference took 0.33s
11:03:55 [DETECT] inference took 0.31s
11:03:56 [DETECT] inference took 0.31s
11:03:57 [DETECT] inference took 0.33s
11:03:58 [DETECT] inference took 0.33s
11:03:59 [DETECT] inference took 0.33s
11:04:00 [DETECT] inference took 0.31s
11:04:01 [DETECT] inference took 0.33s
11:04:02 [DETECT] inference took 0.34s
11:04:03 [DETECT] inference took 0.33s
11:04:04 [DETECT] inference took 0.30s
11:04:05 [DETECT] inference took 0.33s
11:04:06 [DETECT] inference took 0.31s
11:04:07 [DETECT] inference took 0.33s
11:04:08 [DETECT] inference took 0.34s
11:04:09 [DETECT] inference took 0.31s
11:04:10 [DETECT] inference took 0.33s
11:04:11 [DETECT] inference took 0.31s
11:04:12 [DETECT] inference took 0.33s
11:04:13 [DETECT] inference took 0.33s
11:04:14 [DETECT] inference took 0.34s
11:04:15 [DETECT] inference took 0.34s
11:04:16 [DETECT] inference took 0.31s
11:04:17 [DETECT] inference took 0.25s
11:04:18 [DETECT] inference took 0.25s
11:04:19 [DETECT] inference took 0.31s
11:04:20 [DETECT] inference took 0.28s
11:04:21 [DETECT] inference took 0.30s
11:04:22 [DETECT] inference took 0.34s
11:04:23 [DETECT] inference took 0.33s
11:04:24 [DETECT] inference took 0.25s
11:04:25 [DETECT] inference took 0.30s
11:04:26 [DETECT] inference took 0.31s
11:04:27 [DETECT] inference took 0.33s
11:04:28 [DETECT] inference took 0.36s
11:04:29 [DETECT] inference took 0.36s
11:04:30 [DETECT] inference took 0.31s
11:04:31 [DETECT] inference took 0.33s
11:04:32 [DETECT] inference took 0.33s
11:04:32 [DETECT] inference took 0.48s
11:04:33 [DETECT] inference took 0.36s
11:04:34 [DETECT] inference took 0.34s
11:04:35 [DETECT] inference took 0.33s
11:04:36 [DETECT] inference took 0.34s
11:04:37 [DETECT] inference took 0.31s
11:04:38 [DETECT] inference took 0.30s
11:04:39 [DETECT] inference took 0.30s
11:04:40 [DETECT] inference took 0.36s
11:04:41 [DETECT] inference took 0.31s
11:04:42 [DETECT] inference took 0.34s
11:04:43 [DETECT] inference took 0.31s
11:04:44 [DETECT] inference took 0.31s
11:04:45 [DETECT] inference took 0.33s
11:04:46 [DETECT] inference took 0.33s
11:04:47 [DETECT] inference took 0.31s
11:04:48 [DETECT] inference took 0.34s
11:04:49 [DETECT] inference took 0.34s
11:04:50 [DETECT] inference took 0.33s
11:04:51 [DETECT] inference took 0.31s
11:04:52 [DETECT] inference took 0.31s
11:04:53 [DETECT] inference took 0.33s
11:04:54 [DETECT] inference took 0.33s
11:04:55 [DETECT] inference took 0.30s
11:04:56 [DETECT] inference took 0.31s
11:04:57 [DETECT] inference took 0.33s
11:04:58 [DETECT] inference took 0.36s
11:04:59 [DETECT] inference took 0.34s
11:05:00 [DETECT] inference took 0.33s
11:05:01 [DETECT] inference took 0.34s
11:05:02 [DETECT] inference took 0.33s
11:05:03 [DETECT] inference took 0.31s
11:05:04 [DETECT] inference took 0.33s
11:05:05 [DETECT] inference took 0.33s
11:05:06 [DETECT] inference took 0.33s
11:05:07 [DETECT] inference took 0.33s
11:05:08 [DETECT] inference took 0.33s
11:05:09 [DETECT] inference took 0.36s
11:05:10 [DETECT] inference took 0.33s
11:05:11 [DETECT] inference took 0.33s
11:05:12 [DETECT] inference took 0.31s
11:05:13 [DETECT] inference took 0.36s
11:05:14 [DETECT] inference took 0.31s
11:05:15 [DETECT] inference took 0.33s
11:05:15 [DETECT] inference took 0.34s
11:05:16 [DETECT] inference took 0.34s
11:05:17 [DETECT] inference took 0.36s
11:05:18 [DETECT] inference took 0.34s
11:05:19 [DETECT] inference took 0.31s
11:05:20 [DETECT] inference took 0.30s
11:05:21 [DETECT] inference took 0.30s
11:05:22 [DETECT] inference took 0.34s
11:05:23 [DETECT] inference took 0.31s
11:05:24 [DETECT] inference took 0.31s
11:05:25 [DETECT] inference took 0.23s
11:05:26 [DETECT] inference took 0.23s
11:05:27 [DETECT] inference took 0.23s
11:05:28 [DETECT] inference took 0.23s
11:05:29 [DETECT] inference took 0.28s
11:05:30 [DETECT] inference took 0.33s
11:05:31 [DETECT] inference took 0.31s
11:05:32 [DETECT] inference took 0.33s
11:05:33 [DETECT] inference took 0.33s
11:05:34 [DETECT] inference took 0.33s
11:05:35 [DETECT] inference took 0.33s
11:05:36 [DETECT] inference took 0.34s
11:05:37 [DETECT] inference took 0.31s
11:05:38 [DETECT] inference took 0.31s
11:05:39 [DETECT] inference took 0.31s
11:05:40 [DETECT] inference took 0.34s
11:05:41 [DETECT] inference took 0.33s
11:05:42 [DETECT] inference took 0.33s
11:05:43 [DETECT] inference took 0.33s
11:05:44 [DETECT] inference took 0.38s
11:05:45 [DETECT] inference took 0.33s
11:05:46 [DETECT] inference took 0.34s
11:05:47 [DETECT] inference took 0.39s
11:05:48 [DETECT] inference took 0.41s
11:05:49 [DETECT] inference took 0.36s
11:05:50 [DETECT] inference took 0.34s
11:05:51 [DETECT] inference took 0.36s
11:05:52 [DETECT] inference took 0.31s
11:05:53 [DETECT] inference took 0.33s
11:05:54 [DETECT] inference took 0.39s
11:05:55 [DETECT] inference took 0.38s
11:05:55 [DETECT] inference took 0.36s
11:05:56 [DETECT] inference took 0.36s
11:05:56 [DETECT] inference took 0.36s
11:05:57 [DETECT] inference took 0.34s
11:05:58 [DETECT] inference took 0.34s
11:05:59 [DETECT] inference took 0.33s
11:06:00 [DETECT] inference took 0.33s
11:06:00 [DETECT] inference took 0.36s
11:06:01 [DETECT] inference took 0.38s
11:06:02 [DETECT] inference took 0.36s
11:06:03 [DETECT] inference took 0.36s
11:06:04 [DETECT] inference took 0.38s
11:06:05 [DETECT] inference took 0.39s
11:06:06 [DETECT] inference took 0.38s
11:06:07 [DETECT] inference took 0.34s
11:06:08 [DETECT] inference took 0.36s
11:06:09 [DETECT] inference took 0.31s
11:06:10 [DETECT] inference took 0.39s
11:06:11 [DETECT] inference took 0.36s
11:06:12 [DETECT] inference took 0.36s
11:06:13 [DETECT] inference took 0.36s
11:06:14 [DETECT] inference took 0.36s
11:06:15 [DETECT] inference took 0.34s
11:06:16 [DETECT] inference took 0.34s
11:06:17 [DETECT] inference took 0.34s
11:06:17 [DETECT] inference took 0.36s
11:06:18 [DETECT] inference took 0.33s
11:06:18 [DETECT] inference took 0.38s
11:06:19 [DETECT] inference took 0.23s
11:06:20 [DETECT] inference took 0.23s
11:06:21 [DETECT] inference took 0.22s
11:06:22 [DETECT] inference took 0.33s
11:06:23 [DETECT] inference took 0.23s
11:06:24 [DETECT] inference took 0.25s
11:06:25 [DETECT] inference took 0.22s
11:06:26 [DETECT] inference took 0.20s
11:06:27 [DETECT] inference took 0.23s
11:06:28 [DETECT] inference took 0.48s
11:06:28 [DETECT] inference took 0.25s
11:06:29 [DETECT] inference took 0.23s
11:06:29 [DETECT] inference took 0.23s
11:06:30 [DETECT] inference took 0.22s
11:06:30 [DETECT] inference took 0.30s
11:06:31 [DETECT] inference took 0.33s
11:06:31 [DETECT] inference took 0.27s
11:06:32 [DETECT] inference took 0.20s
11:06:32 [DETECT] inference took 0.25s
11:06:33 [DETECT] inference took 0.22s
11:06:33 [DETECT] inference took 0.25s
11:06:34 [DETECT] inference took 0.22s
11:06:34 [DETECT] inference took 0.23s
11:06:35 [DETECT] inference took 0.25s
11:06:35 [DETECT] inference took 0.27s
11:06:36 [DETECT] inference took 0.31s
11:06:36 [DETECT] inference took 0.27s
11:06:37 [DETECT] inference took 0.25s
11:06:37 [DETECT] inference took 0.25s
11:06:38 [DETECT] inference took 0.52s
11:06:38 [DETECT] inference took 0.27s
11:06:39 [DETECT] inference took 0.25s
11:06:39 [DETECT] inference took 0.25s
11:06:40 [DETECT] inference took 0.23s
11:06:40 [DETECT] inference took 0.34s
11:06:41 [DETECT] inference took 0.70s
11:06:42 [DETECT] inference took 0.34s
11:06:42 [DETECT] inference took 0.28s
11:06:42 [DETECT] inference took 0.38s
11:06:44 [DETECT] inference took 1.34s
11:06:46 [DETECT] inference took 1.86s
11:06:54 [DETECT] inference took 7.98s
11:07:00 [DETECT] inference took 6.28s
11:07:01 [DETECT] inference took 1.05s
11:07:01 [DETECT] inference took 0.31s
11:07:02 [DETECT] inference took 0.27s
11:07:03 [DETECT] inference took 0.30s
11:07:04 [DETECT] inference took 0.20s
11:07:05 [DETECT] inference took 0.23s
11:07:05 [DETECT] inference took 0.20s
11:07:06 [DETECT] inference took 0.27s
11:07:06 [DETECT] inference took 0.20s
11:07:07 [DETECT] inference took 0.23s
11:07:07 [DETECT] inference took 0.20s
11:07:08 [DETECT] inference took 0.23s
11:07:08 [DETECT] inference took 0.22s
11:07:09 [DETECT] inference took 0.23s
11:07:09 [DETECT] inference took 0.20s
11:07:10 [DETECT] inference took 0.20s
11:07:11 [DETECT] inference took 0.20s
11:07:12 [DETECT] inference took 0.25s
11:07:13 [DETECT] inference took 0.20s
11:07:14 [DETECT] inference took 0.25s
11:07:14 [DETECT] inference took 0.28s
11:07:15 [DETECT] inference took 0.25s
11:07:15 [DETECT] inference took 0.25s
11:07:16 [DETECT] inference took 0.22s
11:07:16 [DETECT] inference took 0.20s
11:07:17 [DETECT] inference took 0.25s
11:07:17 [DETECT] inference took 0.20s
11:07:18 [DETECT] inference took 0.22s
11:07:18 [DETECT] inference took 0.20s
11:07:19 [DETECT] inference took 0.23s
11:07:19 [DETECT] inference took 0.25s
11:07:20 [DETECT] inference took 0.33s
11:07:20 [DETECT] inference took 0.27s
11:07:21 [DETECT] inference took 0.33s
11:07:21 [DETECT] inference took 0.30s
11:07:22 [DETECT] inference took 0.30s
11:07:22 [DETECT] inference took 0.27s
11:07:23 [DETECT] inference took 0.33s
11:07:23 [DETECT] inference took 0.27s
11:07:24 [DETECT] inference took 0.30s
11:07:24 [DETECT] inference took 0.28s
11:07:25 [DETECT] inference took 0.30s
11:07:25 [DETECT] inference took 0.27s
11:07:26 [DETECT] inference took 0.31s
11:07:26 [DETECT] inference took 0.27s
11:07:27 [DETECT] inference took 0.47s
11:07:27 [DETECT] inference took 0.30s
11:07:28 [DETECT] inference took 0.33s
11:07:28 [DETECT] inference took 0.30s
11:07:29 [DETECT] inference took 0.34s
11:07:29 [DETECT] inference took 0.28s
11:07:30 [DETECT] inference took 0.31s
11:07:30 [DETECT] inference took 0.28s
11:07:31 [DETECT] inference took 0.31s
11:07:31 [DETECT] inference took 0.27s
11:07:32 [DETECT] inference took 0.25s
11:07:32 [DETECT] inference took 0.20s
11:07:33 [DETECT] inference took 0.25s
11:07:33 [DETECT] inference took 0.22s
11:07:34 [DETECT] inference took 0.23s
11:07:34 [DETECT] inference took 0.20s
11:07:35 [DETECT] inference took 0.27s
11:07:36 [DETECT] inference took 0.48s
11:07:36 [DETECT] inference took 0.27s
11:07:37 [DETECT] inference took 0.31s
11:07:37 [DETECT] inference took 0.27s
11:07:38 [DETECT] inference took 0.31s
11:07:38 [DETECT] inference took 0.30s
11:07:40 [DETECT] inference took 0.47s
11:07:40 [DETECT] inference took 0.28s
11:07:41 [DETECT] inference took 0.33s
11:07:41 [DETECT] inference took 0.28s
11:07:42 [DETECT] inference took 0.34s
11:07:43 [DETECT] inference took 0.39s
11:07:43 [DETECT] inference took 0.33s
11:07:43 [DETECT] inference took 0.27s
11:07:44 [DETECT] inference took 0.31s
11:07:44 [DETECT] inference took 0.28s
11:07:45 [DETECT] inference took 0.33s
11:07:45 [DETECT] inference took 0.28s
11:07:46 [DETECT] inference took 0.30s
11:07:46 [DETECT] inference took 0.28s
11:07:47 [DETECT] inference took 0.31s
11:07:47 [DETECT] inference took 0.27s
11:07:48 [DETECT] inference took 0.30s
11:07:48 [DETECT] inference took 0.27s
11:07:49 [DETECT] inference took 0.31s
11:07:49 [DETECT] inference took 0.30s
11:07:50 [DETECT] inference took 0.34s
11:07:50 [DETECT] inference took 0.30s
11:07:51 [DETECT] inference took 0.31s
11:07:51 [DETECT] inference took 0.28s
11:07:52 [DETECT] inference took 0.33s
11:07:52 [DETECT] inference took 0.28s
11:07:53 [DETECT] inference took 0.30s
11:07:53 [DETECT] inference took 0.22s
11:07:54 [DETECT] inference took 0.25s
11:07:54 [DETECT] inference took 0.22s
11:07:55 [DETECT] inference took 0.25s
11:07:55 [DETECT] inference took 0.20s
11:07:56 [DETECT] inference took 0.27s
11:07:56 [DETECT] inference took 0.22s
11:07:57 [DETECT] inference took 0.42s
11:07:57 [DETECT] inference took 0.27s
11:07:58 [DETECT] inference took 0.25s
11:07:58 [DETECT] inference took 0.20s
11:07:59 [DETECT] inference took 0.23s
11:07:59 [DETECT] inference took 0.31s
11:08:00 [DETECT] inference took 0.33s
11:08:00 [DETECT] inference took 0.20s
11:08:01 [DETECT] inference took 0.25s
11:08:01 [DETECT] inference took 0.28s
11:08:02 [DETECT] inference took 0.34s
11:08:02 [DETECT] inference took 0.30s
11:08:03 [DETECT] inference took 0.30s
11:08:03 [DETECT] inference took 0.27s
11:08:04 [DETECT] inference took 0.31s
11:08:04 [DETECT] inference took 0.30s
11:08:06 [DETECT] inference took 0.33s
11:08:06 [DETECT] inference took 0.31s
11:08:06 [DETECT] inference took 0.30s
11:08:07 [DETECT] inference took 0.33s
11:08:07 [DETECT] inference took 0.28s
11:08:08 [DETECT] inference took 0.31s
11:08:08 [DETECT] inference took 0.27s
11:08:09 [DETECT] inference took 0.31s
11:08:09 [DETECT] inference took 0.28s
11:08:10 [DETECT] inference took 0.33s
11:08:10 [DETECT] inference took 0.28s
11:08:11 [DETECT] inference took 0.33s
11:08:11 [DETECT] inference took 0.30s
11:08:12 [DETECT] inference took 0.44s
11:08:13 [DETECT] inference took 0.45s
11:08:13 [DETECT] inference took 0.50s
11:08:14 [DETECT] inference took 0.44s
11:08:14 [DETECT] inference took 0.50s
11:08:15 [DETECT] inference took 0.33s
11:08:15 [DETECT] inference took 0.34s
11:08:15 [DETECT] inference took 0.28s
11:08:16 [DETECT] inference took 0.31s
11:08:16 [DETECT] inference took 0.28s
11:08:17 [DETECT] inference took 0.30s
11:08:17 [DETECT] inference took 0.20s
11:08:18 [DETECT] inference took 0.23s
11:08:18 [DETECT] inference took 0.20s
11:08:19 [DETECT] inference took 0.25s
11:08:19 [DETECT] inference took 0.20s
11:08:20 [DETECT] inference took 0.27s
11:08:20 [DETECT] inference took 0.20s
11:08:21 [DETECT] inference took 0.25s
11:08:21 [DETECT] inference took 0.23s
11:08:22 [DETECT] inference took 0.23s
11:08:22 [DETECT] inference took 0.22s
11:08:23 [DETECT] inference took 0.23s
11:08:23 [DETECT] inference took 0.22s
11:08:24 [DETECT] inference took 0.25s
11:08:24 [DETECT] inference took 0.22s
11:08:25 [DETECT] inference took 0.25s
11:08:25 [DETECT] inference took 0.27s
11:08:26 [DETECT] inference took 0.27s
11:08:26 [DETECT] inference took 0.27s
11:08:27 [DETECT] inference took 0.22s
11:08:27 [DETECT] inference took 0.20s
11:08:28 [DETECT] inference took 0.22s
11:08:28 [DETECT] inference took 0.20s
11:08:29 [DETECT] inference took 0.23s
11:08:29 [DETECT] inference took 0.20s
11:08:30 [DETECT] inference took 0.22s
11:08:30 [DETECT] inference took 0.20s
11:08:31 [DETECT] inference took 0.23s
11:08:31 [DETECT] inference took 0.20s
11:08:32 [DETECT] inference took 0.23s
11:08:32 [DETECT] inference took 0.20s
11:08:33 [DETECT] inference took 0.23s
11:08:33 [DETECT] inference took 0.20s
11:08:34 [DETECT] inference took 0.28s
11:08:35 [DETECT] inference took 0.31s
11:08:35 [DETECT] inference took 0.28s
11:08:36 [DETECT] inference took 0.31s
11:08:36 [DETECT] inference took 0.25s
11:08:37 [DETECT] inference took 0.33s
11:08:37 [DETECT] inference took 0.27s
11:08:38 [DETECT] inference took 0.30s
11:08:38 [DETECT] inference took 0.25s
11:08:39 [DETECT] inference took 0.31s
11:08:39 [DETECT] inference took 0.27s
11:08:40 [DETECT] inference took 0.31s
11:08:41 [DETECT] inference took 0.30s
11:08:41 [DETECT] inference took 0.41s
11:08:41 [DETECT] inference took 0.27s
11:08:42 [DETECT] inference took 0.33s
11:08:43 [DETECT] inference took 0.30s
11:08:43 [DETECT] inference took 0.31s
11:08:43 [DETECT] inference took 0.27s
11:08:44 [DETECT] inference took 0.33s
11:08:44 [DETECT] inference took 0.27s
11:08:45 [DETECT] inference took 0.30s
11:08:46 [DETECT] inference took 0.30s
11:08:46 [DETECT] inference took 0.31s
11:08:46 [DETECT] inference took 0.25s
11:08:47 [DETECT] inference took 0.33s
11:08:47 [DETECT] inference took 0.27s
11:08:48 [DETECT] inference took 0.30s
11:08:48 [DETECT] inference took 0.28s
11:08:49 [DETECT] inference took 0.20s
11:08:50 [DETECT] inference took 0.23s
11:08:50 [DETECT] inference took 0.22s
11:08:51 [DETECT] inference took 0.23s
11:08:51 [DETECT] inference took 0.20s
11:08:52 [DETECT] inference took 0.25s
11:08:52 [DETECT] inference took 0.28s
11:08:53 [DETECT] inference took 0.31s
11:08:53 [DETECT] inference took 0.27s
11:08:54 [DETECT] inference took 0.31s
11:08:55 [DETECT] inference took 0.30s
11:08:55 [DETECT] inference took 0.38s
11:08:56 [DETECT] inference took 0.31s
11:08:56 [DETECT] inference took 0.33s
11:08:56 [DETECT] inference took 0.27s
11:08:57 [DETECT] inference took 0.28s
11:08:58 [DETECT] inference took 0.31s
11:08:58 [DETECT] inference took 0.20s
11:08:59 [DETECT] inference took 0.23s
11:08:59 [DETECT] inference took 0.20s
11:09:00 [DETECT] inference took 0.25s
11:09:00 [DETECT] inference took 0.22s
11:09:01 [DETECT] inference took 0.25s
11:09:01 [DETECT] inference took 0.22s
11:09:02 [DETECT] inference took 0.25s
11:09:02 [DETECT] inference took 0.22s
11:09:03 [DETECT] inference took 0.22s
11:09:03 [DETECT] inference took 0.22s
11:09:04 [DETECT] inference took 0.23s
11:09:04 [DETECT] inference took 0.20s
11:09:05 [DETECT] inference took 0.22s
11:09:05 [DETECT] inference took 0.20s
11:09:06 [DETECT] inference took 0.23s
11:09:06 [DETECT] inference took 0.27s
11:09:07 [DETECT] inference took 0.30s
11:09:07 [DETECT] inference took 0.25s
11:09:08 [DETECT] inference took 0.30s
11:09:08 [DETECT] inference took 0.28s
11:09:09 [DETECT] inference took 0.30s
11:09:09 [DETECT] inference took 0.25s
11:09:10 [DETECT] inference took 0.30s
11:09:10 [DETECT] inference took 0.27s
11:09:11 [DETECT] inference took 0.28s
11:09:11 [DETECT] inference took 0.28s
11:09:12 [DETECT] inference took 0.27s
11:09:13 [DETECT] inference took 0.30s
11:09:13 [DETECT] inference took 0.20s
11:09:14 [DETECT] inference took 0.22s
11:09:14 [DETECT] inference took 0.20s
11:09:15 [DETECT] inference took 0.23s
11:09:15 [DETECT] inference took 0.23s
11:09:16 [DETECT] inference took 0.25s
11:09:16 [DETECT] inference took 0.22s
11:09:17 [DETECT] inference took 0.23s
11:09:17 [DETECT] inference took 0.27s
11:09:18 [DETECT] inference took 0.30s
11:09:18 [DETECT] inference took 0.28s
11:09:19 [DETECT] inference took 0.28s
11:09:20 [DETECT] inference took 0.30s
11:09:21 [DETECT] inference took 0.30s
11:09:21 [DETECT] inference took 0.33s
11:09:22 [DETECT] inference took 0.45s
11:09:22 [DETECT] inference took 0.44s
11:09:23 [DETECT] inference took 0.38s
11:09:23 [DETECT] inference took 0.42s
11:09:24 [DETECT] inference took 0.34s
11:09:24 [DETECT] inference took 0.42s
11:09:25 [DETECT] inference took 0.36s
11:09:26 [DETECT] inference took 0.33s
11:09:26 [DETECT] inference took 0.41s
11:09:27 [DETECT] inference took 0.38s
11:09:27 [DETECT] inference took 0.47s
11:09:28 [DETECT] inference took 0.36s
11:09:29 [DETECT] inference took 0.33s
11:09:30 [DETECT] inference took 0.34s
11:09:31 [DETECT] inference took 0.31s
11:09:32 [DETECT] inference took 0.38s
11:09:33 [DETECT] inference took 0.38s
11:09:34 [DETECT] inference took 0.38s
11:09:35 [DETECT] inference took 0.38s
11:09:36 [DETECT] inference took 0.34s
11:09:37 [DETECT] inference took 0.31s
11:09:37 [DETECT] inference took 0.39s
11:09:38 [DETECT] inference took 0.33s
11:09:39 [DETECT] inference took 0.34s
11:09:39 [DETECT] inference took 0.47s
11:09:40 [DETECT] inference took 0.47s
11:09:41 [DETECT] inference took 0.31s
11:09:42 [DETECT] inference took 0.33s
11:09:43 [DETECT] inference took 0.30s
11:09:44 [DETECT] inference took 0.31s
11:09:45 [DETECT] inference took 0.33s
11:09:46 [DETECT] inference took 0.30s
11:09:46 [DETECT] inference took 0.28s
11:09:48 [DETECT] inference took 0.31s
11:09:49 [DETECT] inference took 0.31s
11:09:49 [DETECT] inference took 0.22s
11:09:51 [DETECT] inference took 0.33s
11:09:52 [DETECT] inference took 0.30s
11:09:53 [DETECT] inference took 0.30s
11:09:54 [DETECT] inference took 0.34s
11:09:55 [DETECT] inference took 0.36s
11:09:56 [DETECT] inference took 0.33s
11:09:57 [DETECT] inference took 0.38s
11:09:57 [DETECT] inference took 0.22s
11:09:58 [DETECT] inference took 0.28s
11:10:00 [DETECT] inference took 0.33s
11:10:01 [DETECT] inference took 0.33s
11:10:02 [DETECT] inference took 0.31s
11:10:03 [DETECT] inference took 0.33s
11:10:04 [DETECT] inference took 0.34s
11:10:05 [DETECT] inference took 0.39s
11:10:06 [DETECT] inference took 0.34s
11:10:07 [DETECT] inference took 0.28s
11:10:08 [DETECT] inference took 0.33s
11:10:09 [DETECT] inference took 0.30s
11:10:10 [DETECT] inference took 0.28s
11:10:11 [DETECT] inference took 0.28s
11:10:12 [DETECT] inference took 0.28s
11:10:13 [DETECT] inference took 0.28s
11:10:14 [DETECT] inference took 0.34s
11:10:15 [DETECT] inference took 0.30s
11:10:16 [DETECT] inference took 0.31s
11:10:17 [DETECT] inference took 0.30s
11:10:18 [DETECT] inference took 0.30s
11:10:19 [DETECT] inference took 0.30s
11:10:20 [DETECT] inference took 0.27s
11:10:21 [DETECT] inference took 0.31s
11:10:22 [DETECT] inference took 0.27s
11:10:23 [DETECT] inference took 0.28s
11:10:23 [DETECT] inference took 0.22s
11:10:24 [DETECT] inference took 0.22s
11:10:25 [DETECT] inference took 0.20s
11:10:26 [DETECT] inference took 0.20s
11:10:27 [DETECT] inference took 0.20s
11:10:28 [DETECT] inference took 0.22s
11:10:30 [DETECT] inference took 0.44s
11:10:31 [DETECT] inference took 0.27s
11:10:32 [DETECT] inference took 0.27s
11:10:33 [DETECT] inference took 0.33s
11:10:34 [DETECT] inference took 0.31s
11:10:35 [DETECT] inference took 0.28s
11:10:36 [DETECT] inference took 0.27s
11:10:37 [DETECT] inference took 0.30s
11:10:38 [DETECT] inference took 0.28s
11:10:39 [DETECT] inference took 0.47s
11:10:40 [DETECT] inference took 0.31s
11:10:41 [DETECT] inference took 0.31s
11:10:42 [DETECT] inference took 0.28s
11:10:43 [DETECT] inference took 0.28s
11:10:44 [DETECT] inference took 0.28s
11:10:45 [DETECT] inference took 0.28s
11:10:46 [DETECT] inference took 0.39s
11:10:47 [DETECT] inference took 0.28s
11:10:48 [DETECT] inference took 0.30s
11:10:49 [DETECT] inference took 0.30s
11:10:50 [DETECT] inference took 0.28s
11:10:51 [DETECT] inference took 0.62s
11:10:52 [DETECT] inference took 0.28s
11:10:53 [DETECT] inference took 0.25s
11:10:54 [DETECT] inference took 0.28s
11:10:54 [DETECT] inference took 0.19s
11:10:55 [DETECT] inference took 0.20s
11:10:56 [DETECT] inference took 0.20s
11:10:57 [DETECT] inference took 0.20s
11:10:58 [DETECT] inference took 0.20s
11:10:59 [DETECT] inference took 0.20s
11:11:00 [DETECT] inference took 0.20s
11:11:01 [DETECT] inference took 0.20s
11:11:02 [DETECT] inference took 0.20s
11:11:03 [DETECT] inference took 0.20s
11:11:04 [DETECT] inference took 0.19s
11:11:05 [DETECT] inference took 0.20s
11:11:06 [DETECT] inference took 0.22s
11:11:07 [DETECT] inference took 0.19s
11:11:08 [DETECT] inference took 0.20s
11:11:09 [DETECT] inference took 0.20s
11:11:10 [DETECT] inference took 0.20s
11:11:12 [DETECT] inference took 0.34s
11:11:13 [DETECT] inference took 0.22s
11:11:13 [DETECT] inference took 0.19s
11:11:15 [DETECT] inference took 0.20s
11:11:15 [DETECT] inference took 0.20s
11:11:17 [DETECT] inference took 0.33s
11:11:17 [DETECT] inference took 0.20s
11:11:18 [DETECT] inference took 0.20s
11:11:19 [DETECT] inference took 0.20s
11:11:21 [DETECT] inference took 0.20s
11:11:22 [DETECT] inference took 0.20s
11:11:23 [DETECT] inference took 0.20s
11:11:24 [DETECT] inference took 0.20s
11:11:25 [DETECT] inference took 0.20s
11:11:26 [DETECT] inference took 0.19s
11:11:27 [DETECT] inference took 0.20s
11:11:28 [DETECT] inference took 0.23s
11:11:29 [DETECT] inference took 0.22s
11:11:30 [DETECT] inference took 0.23s
11:11:31 [DETECT] inference took 0.22s
11:11:32 [DETECT] inference took 0.22s
11:11:33 [DETECT] inference took 0.22s
11:11:34 [DETECT] inference took 0.22s
11:11:35 [DETECT] inference took 0.20s
11:11:36 [DETECT] inference took 0.22s
11:11:37 [DETECT] inference took 0.22s
11:11:37 [AUTONOMY] scan -> waypoint 0 pan=-1.00 tilt=-0.11 speed=0.60
11:11:38 [DETECT] inference took 0.31s
11:11:39 [DETECT] inference took 0.30s
11:11:39 [AUTONOMY] waypoint 0 reached after 1.7s (arrived=True)
11:11:40 [DETECT] inference took 0.23s
11:11:40 [AUTONOMY] scan -> waypoint 1 pan=1.00 tilt=-0.11 speed=0.60
11:11:40 [AUTONOMY] waypoint 1 reached after 0.4s (arrived=True)
11:11:41 [DETECT] inference took 0.27s
11:11:42 [AUTONOMY] scan -> waypoint 2 pan=1.00 tilt=0.20 speed=0.60
11:11:42 [DETECT] inference took 0.30s
11:11:42 [AUTONOMY] waypoint 2 reached after 0.8s (arrived=True)
11:11:43 [DETECT] inference took 0.31s
11:11:44 [AUTONOMY] scan -> waypoint 3 pan=-1.00 tilt=0.20 speed=0.60
11:11:44 [DETECT] inference took 0.30s
11:11:44 [AUTONOMY] waypoint 3 reached after 0.4s (arrived=True)
11:11:45 [DETECT] inference took 0.31s
11:11:45 [DETECT] inference took 0.38s
11:11:45 [AUTONOMY] investigating (candidate confidence=0.58)
11:11:46 [DETECT] inference took 0.30s
11:11:46 [DETECT] inference took 0.38s
11:11:47 [DETECT] inference took 0.33s
11:11:47 [TRACK] box=(978, 29, 1916, 1080) confidence=0.41 gap_since_previous=0.66s
11:11:47 [TRACK] offset_x=0.51 offset_y=0.03 box_ratio=0.475 (target=0.08) -> pan=0.30 tilt=0.00 zoom=-0.20
11:11:48 [DETECT] inference took 0.39s
11:11:48 [TRACK] box=(933, 65, 1914, 1080) confidence=0.71 gap_since_previous=1.09s
11:11:48 [TRACK] offset_x=0.48 offset_y=0.06 box_ratio=0.480 (target=0.08) -> pan=0.30 tilt=0.00 zoom=-0.20
11:11:49 [DETECT] inference took 0.41s
11:11:49 [TRACK] box=(872, 44, 1920, 1080) confidence=0.66 gap_since_previous=1.02s
11:11:49 [TRACK] offset_x=0.45 offset_y=0.04 box_ratio=0.524 (target=0.08) -> pan=0.30 tilt=0.00 zoom=-0.20
11:11:50 [DETECT] inference took 0.39s
11:11:50 [TRACK] box=(801, 42, 1919, 1080) confidence=0.67 gap_since_previous=0.98s
11:11:50 [TRACK] offset_x=0.42 offset_y=0.04 box_ratio=0.560 (target=0.08) -> pan=0.30 tilt=0.00 zoom=-0.20
11:11:51 [DETECT] inference took 0.39s
11:11:51 [TRACK] box=(753, 67, 1916, 1080) confidence=0.70 gap_since_previous=0.95s
11:11:51 [TRACK] offset_x=0.39 offset_y=0.06 box_ratio=0.568 (target=0.08) -> pan=0.30 tilt=0.00 zoom=-0.20
11:11:52 [DETECT] inference took 0.39s
11:11:52 [TRACK] box=(721, 35, 1909, 1080) confidence=0.58 gap_since_previous=1.03s
11:11:52 [TRACK] offset_x=0.37 offset_y=0.03 box_ratio=0.599 (target=0.08) -> pan=0.30 tilt=0.00 zoom=-0.20
11:11:53 [DETECT] inference took 0.39s
11:11:53 [TRACK] box=(714, 29, 1915, 1080) confidence=0.35 gap_since_previous=1.00s
11:11:53 [TRACK] offset_x=0.37 offset_y=0.03 box_ratio=0.609 (target=0.08) -> pan=0.30 tilt=0.00 zoom=-0.20
11:11:54 [DETECT] inference took 0.38s
11:11:55 [DETECT] inference took 0.33s
11:11:56 [DETECT] inference took 0.31s
11:11:56 [TRACK] target lost -- no qualifying detection for 3.00s (timeout=3.0s)
11:11:56 [AUTONOMY] investigating (candidate confidence=0.27)
11:11:57 [DETECT] inference took 0.31s
11:11:57 [AUTONOMY] investigation ended (candidate vanished) after 0.9s, zoom_attempts=0
11:11:57 [AUTONOMY] scan -> waypoint 4 pan=-1.00 tilt=0.50 speed=0.60
11:11:58 [AUTONOMY] waypoint 4 reached after 0.8s (arrived=True)
11:11:58 [DETECT] inference took 0.39s
11:11:58 [DETECT] inference took 0.38s
11:11:58 [AUTONOMY] investigating (candidate confidence=0.31)
11:11:59 [DETECT] inference took 0.34s
11:12:00 [DETECT] inference took 0.31s
11:12:00 [AUTONOMY] investigation ended (candidate vanished) after 1.5s, zoom_attempts=0
11:12:00 [AUTONOMY] scan -> waypoint 5 pan=1.00 tilt=0.50 speed=0.60
11:12:00 [AUTONOMY] waypoint 5 reached after 0.4s (arrived=True)
11:12:01 [DETECT] inference took 0.30s
11:12:01 [AUTONOMY] scan -> waypoint 0 pan=-1.00 tilt=-0.11 speed=0.60
11:12:02 [DETECT] inference took 0.31s
11:12:03 [AUTONOMY] waypoint 0 reached after 1.3s (arrived=True)
11:12:03 [DETECT] inference took 0.33s
11:12:03 [DETECT] inference took 0.36s
11:12:03 [AUTONOMY] investigating (candidate confidence=0.66)
11:12:04 [DETECT] inference took 0.30s
11:12:04 [AUTONOMY] investigation ended (candidate vanished) after 0.6s, zoom_attempts=0
11:12:04 [AUTONOMY] scan -> waypoint 1 pan=1.00 tilt=-0.11 speed=0.60
11:12:04 [AUTONOMY] waypoint 1 reached after 0.4s (arrived=True)
11:12:05 [DETECT] inference took 0.31s
11:12:06 [AUTONOMY] scan -> waypoint 2 pan=1.00 tilt=0.20 speed=0.60
11:12:06 [DETECT] inference took 0.31s
11:12:06 [AUTONOMY] waypoint 2 reached after 0.8s (arrived=True)
11:12:07 [DETECT] inference took 0.41s
11:12:08 [AUTONOMY] scan -> waypoint 3 pan=-1.00 tilt=0.20 speed=0.60
11:12:08 [DETECT] inference took 0.31s
11:12:08 [DETECT] inference took 0.31s
11:12:08 [AUTONOMY] investigating (candidate confidence=0.54)
11:12:09 [DETECT] inference took 0.30s
11:12:09 [DETECT] inference took 0.38s
11:12:09 [AUTONOMY] investigate zoom out (attempt 1/4, confidence=0.43, box_ratio=0.445)
11:12:10 [DETECT] inference took 0.34s
11:12:10 [DETECT] inference took 0.34s
11:12:11 [DETECT] inference took 0.31s
11:12:11 [DETECT] inference took 0.34s
11:12:12 [DETECT] inference took 0.30s
11:12:12 [TRACK] box=(957, 98, 1919, 1080) confidence=0.35 gap_since_previous=0.67s
11:12:12 [TRACK] offset_x=0.50 offset_y=0.09 box_ratio=0.456 (target=0.08) -> pan=0.30 tilt=0.00 zoom=-0.20
11:12:13 [DETECT] inference took 0.41s
11:12:13 [TRACK] box=(914, 74, 1920, 1080) confidence=0.57 gap_since_previous=1.11s
11:12:13 [TRACK] offset_x=0.48 offset_y=0.07 box_ratio=0.488 (target=0.08) -> pan=0.30 tilt=0.00 zoom=-0.20
11:12:14 [DETECT] inference took 0.41s
11:12:14 [TRACK] box=(907, 195, 1920, 1080) confidence=0.63 gap_since_previous=1.00s
11:12:14 [TRACK] offset_x=0.47 offset_y=0.18 box_ratio=0.432 (target=0.08) -> pan=0.30 tilt=-0.18 zoom=-0.20
11:12:15 [DETECT] inference took 0.39s
11:12:15 [TRACK] box=(705, 54, 1913, 1080) confidence=0.69 gap_since_previous=0.98s
11:12:15 [TRACK] offset_x=0.36 offset_y=0.05 box_ratio=0.598 (target=0.08) -> pan=0.30 tilt=0.00 zoom=-0.20
11:12:16 [DETECT] inference took 0.39s
11:12:16 [TRACK] box=(624, 13, 1911, 1080) confidence=0.68 gap_since_previous=1.00s
11:12:16 [TRACK] offset_x=0.32 offset_y=0.01 box_ratio=0.662 (target=0.08) -> pan=0.30 tilt=0.00 zoom=-0.20
11:12:17 [DETECT] inference took 0.42s
11:12:17 [TRACK] box=(347, 10, 1920, 1080) confidence=0.54 gap_since_previous=1.05s
11:12:17 [TRACK] offset_x=0.18 offset_y=0.01 box_ratio=0.812 (target=0.08) -> pan=0.18 tilt=0.00 zoom=-0.20
11:12:18 [DETECT] inference took 0.42s
11:12:18 [TRACK] box=(270, 34, 1903, 1080) confidence=0.48 gap_since_previous=0.98s
11:12:18 [TRACK] offset_x=0.13 offset_y=0.03 box_ratio=0.824 (target=0.08) -> pan=0.13 tilt=0.00 zoom=-0.20
11:12:19 [DETECT] inference took 0.39s
11:12:19 [TRACK] box=(285, 30, 1686, 1080) confidence=0.38 gap_since_previous=1.00s
11:12:19 [TRACK] offset_x=0.03 offset_y=0.03 box_ratio=0.709 (target=0.08) -> pan=0.00 tilt=0.00 zoom=-0.20
11:12:20 [DETECT] inference took 0.38s
11:12:21 [DETECT] inference took 0.33s
11:12:22 [DETECT] inference took 0.34s
11:12:22 [TRACK] target lost -- no qualifying detection for 3.00s (timeout=3.0s)
11:12:22 [AUTONOMY] scan -> waypoint 3 pan=-1.00 tilt=0.20 speed=0.60
11:12:23 [AUTONOMY] waypoint 3 reached after 0.8s (arrived=True)
11:12:23 [DETECT] inference took 0.41s
11:12:23 [DETECT] inference took 0.45s
11:12:23 [AUTONOMY] investigating (candidate confidence=0.27)
11:12:24 [DETECT] inference took 0.41s
11:12:24 [DETECT] inference took 0.36s
11:12:25 [DETECT] inference took 0.33s
11:12:25 [DETECT] inference took 0.34s
11:12:25 [AUTONOMY] investigate zoom out (attempt 1/4, confidence=0.51, box_ratio=0.463)
11:12:26 [DETECT] inference took 0.33s
11:12:26 [DETECT] inference took 0.39s
11:12:27 [DETECT] inference took 0.33s
11:12:27 [DETECT] inference took 0.34s
11:12:27 [AUTONOMY] investigate zoom out (attempt 2/4, confidence=0.49, box_ratio=0.469)
11:12:28 [DETECT] inference took 0.33s
11:12:28 [DETECT] inference took 0.31s
11:12:29 [DETECT] inference took 0.20s
11:12:29 [DETECT] inference took 0.27s
11:12:29 [AUTONOMY] investigate zoom out (attempt 3/4, confidence=0.39, box_ratio=0.467)
11:12:30 [DETECT] inference took 0.22s
11:12:30 [DETECT] inference took 0.25s
11:12:31 [DETECT] inference took 0.20s
11:12:31 [DETECT] inference took 0.25s
11:12:31 [AUTONOMY] investigate zoom out (attempt 4/4, confidence=0.40, box_ratio=0.467)
11:12:32 [DETECT] inference took 0.20s
11:12:32 [DETECT] inference took 0.27s
11:12:33 [DETECT] inference took 0.20s
11:12:33 [DETECT] inference took 0.25s
11:12:33 [AUTONOMY] investigation ended (attempt budget exhausted) after 9.6s, zoom_attempts=4
11:12:33 [AUTONOMY] investigating (candidate confidence=0.49)
11:12:34 [DETECT] inference took 0.20s
11:12:34 [DETECT] inference took 0.27s
11:12:35 [DETECT] inference took 0.20s
11:12:35 [DETECT] inference took 0.23s
11:12:35 [AUTONOMY] investigate zoom out (attempt 1/4, confidence=0.49, box_ratio=0.465)
11:12:36 [DETECT] inference took 0.20s
11:12:36 [DETECT] inference took 0.25s
11:12:37 [DETECT] inference took 0.22s
11:12:37 [DETECT] inference took 0.25s
11:12:37 [AUTONOMY] investigate zoom out (attempt 2/4, confidence=0.54, box_ratio=0.470)
11:12:38 [DETECT] inference took 0.20s
11:12:38 [DETECT] inference took 0.27s
11:12:39 [DETECT] inference took 0.22s
11:12:39 [DETECT] inference took 0.27s
11:12:39 [AUTONOMY] investigate zoom out (attempt 3/4, confidence=0.46, box_ratio=0.472)
11:12:40 [DETECT] inference took 0.22s
11:12:40 [DETECT] inference took 0.27s
11:12:41 [DETECT] inference took 0.20s
11:12:41 [DETECT] inference took 0.25s
11:12:41 [AUTONOMY] investigate zoom out (attempt 4/4, confidence=0.48, box_ratio=0.468)
11:12:42 [DETECT] inference took 0.22s
11:12:42 [DETECT] inference took 0.25s
11:12:43 [DETECT] inference took 0.20s
11:12:43 [DETECT] inference took 0.25s
11:12:43 [AUTONOMY] investigation ended (attempt budget exhausted) after 10.0s, zoom_attempts=4
11:12:43 [AUTONOMY] investigating (candidate confidence=0.49)
11:12:44 [DETECT] inference took 0.22s
11:12:44 [DETECT] inference took 0.27s
11:12:45 [DETECT] inference took 0.22s
11:12:45 [DETECT] inference took 0.27s
11:12:45 [AUTONOMY] investigate zoom out (attempt 1/4, confidence=0.55, box_ratio=0.473)
11:12:46 [DETECT] inference took 0.20s
11:12:46 [DETECT] inference took 0.30s
11:12:47 [DETECT] inference took 0.22s
11:12:47 [DETECT] inference took 0.25s
11:12:47 [AUTONOMY] investigate zoom out (attempt 2/4, confidence=0.66, box_ratio=0.473)
11:12:48 [DETECT] inference took 0.22s
11:12:48 [DETECT] inference took 0.27s
11:12:49 [DETECT] inference took 0.22s
11:12:49 [DETECT] inference took 0.25s
11:12:49 [AUTONOMY] investigate zoom out (attempt 3/4, confidence=0.50, box_ratio=0.472)
11:12:50 [DETECT] inference took 0.30s
11:12:50 [DETECT] inference took 0.36s
11:12:51 [DETECT] inference took 0.36s
11:12:51 [DETECT] inference took 0.36s
11:12:51 [AUTONOMY] investigate zoom out (attempt 4/4, confidence=0.60, box_ratio=0.390)
11:12:52 [DETECT] inference took 0.36s
11:12:52 [DETECT] inference took 0.36s
11:12:53 [DETECT] inference took 0.34s
11:12:53 [DETECT] inference took 0.36s
11:12:53 [AUTONOMY] investigation ended (attempt budget exhausted) after 10.2s, zoom_attempts=4
11:12:53 [AUTONOMY] investigating (candidate confidence=0.55)
11:12:54 [DETECT] inference took 0.33s
11:12:54 [DETECT] inference took 0.38s
11:12:55 [DETECT] inference took 0.34s
11:12:55 [DETECT] inference took 0.38s
11:12:55 [AUTONOMY] investigate zoom out (attempt 1/4, confidence=0.33, box_ratio=0.575)
11:12:56 [DETECT] inference took 0.36s
11:12:56 [DETECT] inference took 0.38s
11:12:57 [DETECT] inference took 0.34s
11:12:57 [DETECT] inference took 0.38s
11:12:57 [AUTONOMY] investigate zoom out (attempt 2/4, confidence=0.34, box_ratio=0.454)
11:12:58 [DETECT] inference took 0.36s
11:12:58 [DETECT] inference took 0.34s
11:12:59 [DETECT] inference took 0.33s
11:12:59 [DETECT] inference took 0.33s
11:12:59 [AUTONOMY] investigate zoom out (attempt 3/4, confidence=0.36, box_ratio=0.455)
11:13:00 [DETECT] inference took 0.33s
11:13:00 [DETECT] inference took 0.34s
11:13:01 [DETECT] inference took 0.31s
11:13:01 [DETECT] inference took 0.34s
11:13:01 [AUTONOMY] investigate zoom out (attempt 4/4, confidence=0.28, box_ratio=0.468)
11:13:02 [DETECT] inference took 0.33s
11:13:02 [DETECT] inference took 0.34s
11:13:03 [DETECT] inference took 0.22s
11:13:03 [DETECT] inference took 0.23s
11:13:03 [AUTONOMY] investigation ended (attempt budget exhausted) after 9.7s, zoom_attempts=4
11:13:03 [AUTONOMY] investigating (candidate confidence=0.39)
11:13:04 [DETECT] inference took 0.25s
11:13:04 [DETECT] inference took 0.25s
11:13:04 [AUTONOMY] investigate zoom out (attempt 1/4, confidence=0.40, box_ratio=0.470)
11:13:05 [DETECT] inference took 0.22s
11:13:05 [DETECT] inference took 0.25s
11:13:06 [DETECT] inference took 0.22s
11:13:06 [DETECT] inference took 0.25s
11:13:06 [AUTONOMY] investigate zoom out (attempt 2/4, confidence=0.42, box_ratio=0.470)
11:13:07 [DETECT] inference took 0.22s
11:13:08 [DETECT] inference took 0.22s
11:13:08 [AUTONOMY] investigation ended (candidate vanished) after 4.7s, zoom_attempts=2
11:13:08 [AUTONOMY] scan -> waypoint 4 pan=-1.00 tilt=0.50 speed=0.20
11:13:09 [DETECT] inference took 0.41s
11:13:09 [DETECT] inference took 0.41s
11:13:09 [AUTONOMY] investigating (candidate confidence=0.48)
11:13:10 [DETECT] inference took 0.42s
11:13:10 [DETECT] inference took 0.47s
11:13:11 [DETECT] inference took 0.34s
11:13:11 [AUTONOMY] investigation ended (candidate vanished) after 1.6s, zoom_attempts=0
11:13:11 [AUTONOMY] scan -> waypoint 4 pan=-1.00 tilt=0.50 speed=0.20
11:13:11 [AUTONOMY] waypoint 4 reached after 0.4s (arrived=True)
11:13:12 [DETECT] inference took 0.39s
11:13:13 [AUTONOMY] scan -> waypoint 5 pan=1.00 tilt=0.50 speed=0.60
11:13:13 [DETECT] inference took 0.31s
11:13:13 [AUTONOMY] waypoint 5 reached after 0.4s (arrived=True)
11:13:13 [DETECT] inference took 0.34s
11:13:13 [AUTONOMY] investigating (candidate confidence=0.40)
11:13:14 [DETECT] inference took 0.31s
11:13:14 [DETECT] inference took 0.34s
11:13:14 [AUTONOMY] investigate zoom out (attempt 1/4, confidence=0.32, box_ratio=0.472)
11:13:15 [DETECT] inference took 0.22s
11:13:15 [DETECT] inference took 0.23s
11:13:16 [DETECT] inference took 0.22s
11:13:16 [DETECT] inference took 0.25s
11:13:17 [DETECT] inference took 0.22s
11:13:17 [DETECT] inference took 0.23s
11:13:17 [AUTONOMY] investigate zoom out (attempt 2/4, confidence=0.28, box_ratio=0.468)
11:13:18 [DETECT] inference took 0.20s
11:13:18 [DETECT] inference took 0.25s
11:13:19 [DETECT] inference took 0.25s
11:13:19 [DETECT] inference took 0.25s
11:13:20 [DETECT] inference took 0.25s
11:13:20 [DETECT] inference took 0.25s
11:13:21 [DETECT] inference took 0.22s
11:13:21 [DETECT] inference took 0.25s
11:13:22 [DETECT] inference took 0.23s
11:13:22 [DETECT] inference took 0.23s
11:13:23 [DETECT] inference took 0.22s
11:13:23 [DETECT] inference took 0.23s
11:13:24 [DETECT] inference took 0.22s
11:13:24 [DETECT] inference took 0.25s
11:13:25 [DETECT] inference took 0.25s
11:13:25 [DETECT] inference took 0.27s
11:13:26 [DETECT] inference took 0.22s
11:13:26 [DETECT] inference took 0.25s
11:13:27 [DETECT] inference took 0.22s
11:13:27 [DETECT] inference took 0.23s
11:13:28 [DETECT] inference took 0.23s
11:13:28 [DETECT] inference took 0.23s
11:13:29 [DETECT] inference took 0.23s
11:13:29 [DETECT] inference took 0.25s
11:13:30 [DETECT] inference took 0.23s
11:13:30 [DETECT] inference took 0.25s
11:13:30 [DETECT] rejected drone candidate (confidence=0.43) -- overlaps a confidently-classified stationary object
11:13:31 [DETECT] inference took 0.23s
11:13:31 [DETECT] inference took 0.25s
11:13:31 [DETECT] rejected drone candidate (confidence=0.42) -- overlaps a confidently-classified stationary object
11:13:32 [DETECT] inference took 0.20s
11:13:32 [DETECT] inference took 0.25s
11:13:33 [DETECT] inference took 0.22s
11:13:33 [DETECT] inference took 0.25s
11:13:34 [DETECT] inference took 0.23s
11:13:34 [DETECT] inference took 0.23s
11:13:34 [DETECT] rejected drone candidate (confidence=0.37) -- overlaps a confidently-classified stationary object
11:13:35 [DETECT] inference took 0.25s
11:13:35 [DETECT] inference took 0.25s
11:13:35 [DETECT] rejected drone candidate (confidence=0.34) -- overlaps a confidently-classified stationary object
11:13:35 [AUTONOMY] scan -> waypoint 0 pan=-0.32 tilt=-0.11 speed=0.60
11:13:36 [DETECT] inference took 0.22s
11:13:36 [DETECT] inference took 0.30s
11:13:36 [DETECT] rejected drone candidate (confidence=0.34) -- overlaps a confidently-classified stationary object
11:13:37 [AUTONOMY] waypoint 0 reached after 1.3s (arrived=True)
11:13:37 [DETECT] inference took 0.38s
11:13:37 [DETECT] inference took 0.38s
11:13:37 [AUTONOMY] investigating (candidate confidence=0.26)
11:13:38 [DETECT] inference took 0.36s
11:13:38 [DETECT] inference took 0.39s
11:13:38 [AUTONOMY] investigate zoom out (attempt 1/4, confidence=0.62, box_ratio=0.557)
11:13:39 [DETECT] inference took 0.34s
11:13:39 [DETECT] inference took 0.34s
11:13:40 [DETECT] inference took 0.31s
11:13:40 [DETECT] inference took 0.36s
11:13:41 [DETECT] inference took 0.33s
11:13:41 [TRACK] box=(0, 192, 1838, 800) confidence=0.72 gap_since_previous=0.67s
11:13:41 [TRACK] offset_x=-0.04 offset_y=-0.08 box_ratio=0.539 (target=0.08) -> pan=0.00 tilt=0.00 zoom=-0.20
11:13:42 [DETECT] inference took 0.34s
11:13:42 [TRACK] box=(0, 181, 1834, 809) confidence=0.73 gap_since_previous=1.02s
11:13:42 [TRACK] offset_x=-0.04 offset_y=-0.08 box_ratio=0.555 (target=0.08) -> pan=0.00 tilt=0.00 zoom=-0.20
11:13:43 [DETECT] inference took 0.25s
11:13:43 [TRACK] box=(0, 202, 1824, 808) confidence=0.74 gap_since_previous=0.89s
11:13:43 [TRACK] offset_x=-0.05 offset_y=-0.06 box_ratio=0.533 (target=0.08) -> pan=0.00 tilt=0.00 zoom=-0.20
11:13:44 [DETECT] inference took 0.25s
11:13:44 [TRACK] box=(0, 203, 1824, 806) confidence=0.74 gap_since_previous=1.00s
11:13:44 [TRACK] offset_x=-0.05 offset_y=-0.07 box_ratio=0.530 (target=0.08) -> pan=0.00 tilt=0.00 zoom=-0.20
11:13:45 [DETECT] inference took 0.23s
11:13:45 [TRACK] box=(0, 202, 1824, 806) confidence=0.74 gap_since_previous=1.00s
11:13:45 [TRACK] offset_x=-0.05 offset_y=-0.07 box_ratio=0.531 (target=0.08) -> pan=0.00 tilt=0.00 zoom=-0.20
11:13:46 [DETECT] inference took 0.23s
11:13:46 [TRACK] box=(0, 201, 1823, 806) confidence=0.74 gap_since_previous=1.00s
11:13:46 [TRACK] offset_x=-0.05 offset_y=-0.07 box_ratio=0.532 (target=0.08) -> pan=0.00 tilt=0.00 zoom=-0.20
11:13:47 [DETECT] inference took 0.25s
11:13:47 [DETECT] inference took 0.28s
11:13:48 [DETECT] inference took 0.22s
11:13:48 [DETECT] inference took 0.27s
11:13:49 [DETECT] inference took 0.22s
11:13:49 [DETECT] inference took 0.27s
11:13:50 [DETECT] inference took 0.22s
11:13:50 [DETECT] inference took 0.25s
11:13:51 [DETECT] inference took 0.22s
11:13:51 [DETECT] inference took 0.27s
11:13:52 [DETECT] inference took 0.23s
11:13:52 [DETECT] inference took 0.25s
11:13:53 [DETECT] inference took 0.22s
11:13:53 [DETECT] inference took 0.23s
11:13:54 [DETECT] inference took 0.23s
11:13:54 [DETECT] inference took 0.25s
11:13:55 [DETECT] inference took 0.22s
11:13:55 [DETECT] inference took 0.25s
11:13:56 [DETECT] inference took 0.22s
11:13:56 [DETECT] inference took 0.25s
11:13:57 [DETECT] inference took 0.22s
11:13:57 [DETECT] inference took 0.27s
11:13:58 [DETECT] inference took 0.23s
11:13:58 [DETECT] inference took 0.25s
11:13:59 [DETECT] inference took 0.23s
11:13:59 [TRACK] box=(0, 181, 1838, 810) confidence=0.73 gap_since_previous=0.00s
11:13:59 [TRACK] offset_x=-0.04 offset_y=-0.08 box_ratio=0.558 (target=0.08) -> pan=0.00 tilt=0.00 zoom=-0.20
11:13:59 [DETECT] inference took 0.30s
11:13:59 [TRACK] box=(0, 179, 1838, 810) confidence=0.73 gap_since_previous=0.20s
11:13:59 [TRACK] offset_x=-0.04 offset_y=-0.08 box_ratio=0.559 (target=0.08) -> pan=0.00 tilt=0.00 zoom=-0.20
11:14:00 [DETECT] inference took 0.23s
11:14:00 [TRACK] box=(0, 180, 1838, 809) confidence=0.72 gap_since_previous=0.72s
11:14:00 [TRACK] offset_x=-0.04 offset_y=-0.08 box_ratio=0.558 (target=0.08) -> pan=0.00 tilt=0.00 zoom=-0.20
11:14:01 [DETECT] inference took 0.23s
11:14:01 [TRACK] box=(0, 180, 1837, 809) confidence=0.73 gap_since_previous=1.00s
11:14:01 [TRACK] offset_x=-0.04 offset_y=-0.08 box_ratio=0.557 (target=0.08) -> pan=0.00 tilt=0.00 zoom=-0.20
11:14:02 [DETECT] inference took 0.25s
11:14:02 [DETECT] inference took 0.28s
11:14:03 [DETECT] inference took 0.23s
11:14:03 [DETECT] inference took 0.27s
11:14:04 [DETECT] inference took 0.42s
11:14:04 [DETECT] inference took 0.44s
11:14:05 [DETECT] inference took 0.41s
11:14:06 [DETECT] inference took 0.36s
11:14:06 [AUTONOMY] scan -> waypoint 0 pan=-0.32 tilt=-0.01 speed=0.60
11:14:07 [AUTONOMY] waypoint 0 reached after 0.8s (arrived=True)
11:14:07 [DETECT] inference took 0.41s
11:14:08 [DETECT] inference took 0.33s
11:14:08 [AUTONOMY] scan -> waypoint 1 pan=0.28 tilt=-0.01 speed=0.60
11:14:08 [DETECT] inference took 0.34s
11:14:08 [AUTONOMY] investigating (candidate confidence=0.35)
11:14:09 [DETECT] inference took 0.44s
11:14:09 [DETECT] inference took 0.42s
11:14:09 [AUTONOMY] investigate zoom in (attempt 1/4, confidence=0.31, box_ratio=0.135)
11:14:10 [DETECT] inference took 0.33s
11:14:11 [DETECT] inference took 0.36s
11:14:11 [AUTONOMY] investigation ended (candidate vanished) after 2.7s, zoom_attempts=1
11:14:12 [AUTONOMY] scan -> waypoint 1 pan=0.28 tilt=-0.01 speed=0.60
11:14:12 [DETECT] inference took 0.36s
11:14:13 [DETECT] inference took 0.36s
11:14:13 [AUTONOMY] waypoint 1 reached after 1.2s (arrived=True)
11:14:14 [DETECT] inference took 0.28s
11:14:14 [AUTONOMY] scan -> waypoint 2 pan=0.28 tilt=0.11 speed=0.60
11:14:15 [DETECT] inference took 0.38s
11:14:15 [AUTONOMY] waypoint 2 reached after 0.8s (arrived=True)
11:14:16 [DETECT] inference took 0.34s
11:14:16 [AUTONOMY] scan -> waypoint 3 pan=-0.32 tilt=0.11 speed=0.60
11:14:16 [DETECT] inference took 0.34s
11:14:16 [AUTONOMY] investigating (candidate confidence=0.48)
11:14:17 [DETECT] inference took 0.36s
11:14:17 [DETECT] inference took 0.38s
11:14:17 [AUTONOMY] investigate zoom in (attempt 1/4, confidence=0.52, box_ratio=0.218)
11:14:18 [DETECT] inference took 0.36s
11:14:19 [DETECT] inference took 0.38s
11:14:19 [DETECT] inference took 0.38s
11:14:19 [AUTONOMY] investigate zoom in (attempt 2/4, confidence=0.52, box_ratio=0.028)
11:14:20 [DETECT] inference took 0.36s
11:14:20 [DETECT] inference took 0.42s
11:14:21 [DETECT] inference took 0.36s
11:14:21 [AUTONOMY] investigation ended (candidate vanished) after 4.6s, zoom_attempts=2
11:14:22 [DETECT] inference took 0.39s
11:14:22 [AUTONOMY] scan -> waypoint 3 pan=-0.32 tilt=0.11 speed=0.60
11:14:23 [DETECT] inference took 0.38s
11:14:23 [DETECT] inference took 0.39s
11:14:23 [AUTONOMY] investigating (candidate confidence=0.43)
11:14:24 [DETECT] inference took 0.38s
11:14:24 [DETECT] inference took 0.38s
11:14:24 [AUTONOMY] investigate zoom out (attempt 1/4, confidence=0.55, box_ratio=0.426)
11:14:25 [DETECT] inference took 0.31s
11:14:25 [DETECT] inference took 0.33s
11:14:26 [DETECT] inference took 0.33s
11:14:26 [DETECT] inference took 0.36s
11:14:26 [AUTONOMY] investigate zoom out (attempt 2/4, confidence=0.37, box_ratio=0.388)
11:14:27 [DETECT] inference took 0.33s
11:14:27 [DETECT] inference took 0.31s
11:14:28 [DETECT] inference took 0.39s
11:14:28 [DETECT] inference took 0.34s
11:14:28 [AUTONOMY] investigate zoom out (attempt 3/4, confidence=0.43, box_ratio=0.391)
11:14:29 [DETECT] inference took 0.34s
11:14:29 [DETECT] inference took 0.34s
11:14:30 [DETECT] inference took 0.33s
11:14:30 [DETECT] inference took 0.36s
11:14:30 [AUTONOMY] investigate zoom in (attempt 4/4, confidence=0.64, box_ratio=0.313)
11:14:31 [DETECT] inference took 0.39s
11:14:31 [DETECT] inference took 0.42s
11:14:32 [DETECT] inference took 0.34s
11:14:32 [DETECT] inference took 0.38s
11:14:32 [AUTONOMY] investigation ended (attempt budget exhausted) after 9.0s, zoom_attempts=4
11:14:32 [AUTONOMY] investigating (candidate confidence=0.27)
11:14:33 [DETECT] inference took 0.33s
11:14:33 [DETECT] inference took 0.34s
11:14:34 [DETECT] inference took 0.34s
11:14:34 [DETECT] inference took 0.36s
11:14:34 [AUTONOMY] investigate zoom out (attempt 1/4, confidence=0.27, box_ratio=0.403)
11:14:35 [DETECT] inference took 0.33s
11:14:35 [DETECT] inference took 0.41s
11:14:36 [DETECT] inference took 0.36s
11:14:36 [DETECT] inference took 0.34s
11:14:36 [AUTONOMY] investigate zoom in (attempt 2/4, confidence=0.35, box_ratio=0.284)
11:14:37 [DETECT] inference took 0.36s
11:14:38 [DETECT] inference took 0.36s
11:14:38 [AUTONOMY] investigation ended (candidate vanished) after 5.6s, zoom_attempts=2
11:14:38 [AUTONOMY] scan -> waypoint 3 pan=-0.32 tilt=0.11 speed=0.20
11:14:38 [AUTONOMY] waypoint 3 reached after 0.4s (arrived=True)
11:14:39 [DETECT] inference took 0.36s
11:14:40 [AUTONOMY] scan -> waypoint 4 pan=-0.32 tilt=0.23 speed=0.60
11:14:40 [DETECT] inference took 0.31s
11:14:40 [AUTONOMY] waypoint 4 reached after 0.8s (arrived=True)
11:14:41 [DETECT] inference took 0.36s
11:14:42 [AUTONOMY] scan -> waypoint 5 pan=0.28 tilt=0.23 speed=0.60
11:14:42 [DETECT] inference took 0.33s
11:14:43 [AUTONOMY] waypoint 5 reached after 1.2s (arrived=True)
11:14:43 [DETECT] inference took 0.36s
11:14:44 [DETECT] inference took 0.30s
11:14:44 [AUTONOMY] scan -> waypoint 0 pan=-0.32 tilt=-0.01 speed=0.60
11:14:45 [DETECT] inference took 0.39s
11:14:45 [AUTONOMY] waypoint 0 reached after 1.2s (arrived=True)
11:14:46 [DETECT] inference took 0.34s
11:14:47 [AUTONOMY] scan -> waypoint 1 pan=0.28 tilt=-0.01 speed=0.60
11:14:47 [DETECT] inference took 0.33s
11:14:48 [AUTONOMY] waypoint 1 reached after 1.2s (arrived=True)
11:14:48 [DETECT] inference took 0.34s
11:14:49 [DETECT] inference took 0.31s
11:14:49 [AUTONOMY] scan -> waypoint 2 pan=0.28 tilt=0.11 speed=0.60
11:14:50 [AUTONOMY] waypoint 2 reached after 0.8s (arrived=True)
11:14:50 [DETECT] inference took 0.41s
11:14:51 [DETECT] inference took 0.38s
11:14:51 [AUTONOMY] scan -> waypoint 3 pan=-0.32 tilt=0.11 speed=0.60
11:14:52 [DETECT] inference took 0.41s
11:14:52 [AUTONOMY] waypoint 3 reached after 1.2s (arrived=True)
11:14:53 [DETECT] inference took 0.36s
11:14:53 [DETECT] inference took 0.38s
11:14:53 [AUTONOMY] investigating (candidate confidence=0.42)
11:14:54 [DETECT] inference took 0.34s
11:14:54 [DETECT] inference took 0.39s
11:14:54 [AUTONOMY] investigate zoom out (attempt 1/4, confidence=0.28, box_ratio=0.392)
11:14:55 [DETECT] inference took 0.38s
11:14:56 [DETECT] inference took 0.39s
11:14:56 [AUTONOMY] investigation ended (candidate vanished) after 2.6s, zoom_attempts=1
11:14:56 [AUTONOMY] scan -> waypoint 4 pan=-0.32 tilt=0.23 speed=0.60
11:14:57 [AUTONOMY] waypoint 4 reached after 0.8s (arrived=True)
11:14:57 [DETECT] inference took 0.34s
11:14:57 [DETECT] inference took 0.39s
11:14:57 [AUTONOMY] investigating (candidate confidence=0.35)
11:14:58 [DETECT] inference took 0.34s
11:14:58 [AUTONOMY] investigation ended (candidate vanished) after 0.6s, zoom_attempts=0
11:14:58 [AUTONOMY] scan -> waypoint 5 pan=0.28 tilt=0.23 speed=0.60
11:14:59 [DETECT] inference took 0.42s
11:14:59 [AUTONOMY] waypoint 5 reached after 1.2s (arrived=True)
11:15:00 [DETECT] inference took 0.34s
11:15:01 [AUTONOMY] scan -> waypoint 0 pan=-0.32 tilt=-0.01 speed=0.60
11:15:01 [DETECT] inference took 0.31s
11:15:02 [AUTONOMY] waypoint 0 reached after 1.2s (arrived=True)
11:15:02 [DETECT] inference took 0.36s
11:15:03 [DETECT] inference took 0.31s
11:15:03 [AUTONOMY] scan -> waypoint 1 pan=0.28 tilt=-0.01 speed=0.60
11:15:04 [DETECT] inference took 0.39s
11:15:04 [AUTONOMY] waypoint 1 reached after 1.3s (arrived=True)
11:15:05 [DETECT] inference took 0.34s
11:15:06 [AUTONOMY] scan -> waypoint 2 pan=0.28 tilt=0.11 speed=0.60
11:15:06 [DETECT] inference took 0.33s
11:15:06 [AUTONOMY] waypoint 2 reached after 0.8s (arrived=True)
11:15:07 [DETECT] inference took 0.39s
11:15:07 [DETECT] inference took 0.45s
11:15:07 [AUTONOMY] investigating (candidate confidence=0.27)
11:15:08 [DETECT] inference took 0.34s
11:15:09 [DETECT] inference took 0.33s
11:15:09 [AUTONOMY] investigation ended (candidate vanished) after 1.5s, zoom_attempts=0
11:15:09 [AUTONOMY] scan -> waypoint 3 pan=-0.32 tilt=0.11 speed=0.20
11:15:10 [DETECT] inference took 0.50s
11:15:11 [DETECT] inference took 0.38s
11:15:11 [AUTONOMY] waypoint 3 reached after 2.1s (arrived=True)
11:15:12 [DETECT] inference took 0.36s
11:15:12 [AUTONOMY] scan -> waypoint 4 pan=-0.32 tilt=0.23 speed=0.60
11:15:12 [DETECT] inference took 0.39s
11:15:12 [AUTONOMY] investigating (candidate confidence=0.62)
11:15:13 [DETECT] inference took 0.36s
11:15:13 [DETECT] inference took 0.44s
11:15:13 [AUTONOMY] investigate zoom out (attempt 1/4, confidence=0.49, box_ratio=0.395)
11:15:14 [DETECT] inference took 0.33s
11:15:14 [DETECT] inference took 0.36s
11:15:15 [DETECT] inference took 0.31s
11:15:15 [AUTONOMY] investigation ended (candidate vanished) after 2.6s, zoom_attempts=1
11:15:15 [AUTONOMY] scan -> waypoint 4 pan=-0.32 tilt=0.23 speed=0.60
11:15:16 [AUTONOMY] waypoint 4 reached after 0.8s (arrived=True)
11:15:16 [DETECT] inference took 0.44s
11:15:17 [DETECT] inference took 0.31s
11:15:17 [AUTONOMY] scan -> waypoint 3 pan=-0.32 tilt=0.11 speed=0.60
11:15:18 [AUTONOMY] waypoint 3 reached after 0.8s (arrived=True)
11:15:18 [DETECT] inference took 0.44s
11:15:19 [DETECT] inference took 0.33s
11:15:19 [AUTONOMY] scan -> waypoint 4 pan=-0.32 tilt=0.23 speed=0.60
11:15:19 [DETECT] inference took 0.38s
11:15:19 [AUTONOMY] investigating (candidate confidence=0.31)
11:15:20 [DETECT] inference took 0.41s
11:15:20 [DETECT] inference took 0.39s
11:15:20 [AUTONOMY] investigate zoom out (attempt 1/4, confidence=0.50, box_ratio=0.363)
11:15:21 [DETECT] inference took 0.30s
11:15:21 [DETECT] inference took 0.34s
11:15:22 [DETECT] inference took 0.31s
11:15:22 [DETECT] inference took 0.34s
11:15:22 [AUTONOMY] investigate zoom out (attempt 2/4, confidence=0.42, box_ratio=0.518)
11:15:23 [DETECT] inference took 0.30s
11:15:23 [DETECT] inference took 0.34s
11:15:24 [DETECT] inference took 0.31s
11:15:24 [DETECT] inference took 0.36s
11:15:24 [AUTONOMY] investigate zoom out (attempt 3/4, confidence=0.33, box_ratio=0.605)
11:15:25 [DETECT] inference took 0.31s
11:15:25 [DETECT] inference took 0.36s
11:15:26 [DETECT] inference took 0.34s
11:15:26 [DETECT] inference took 0.36s
11:15:26 [AUTONOMY] investigate zoom out (attempt 4/4, confidence=0.36, box_ratio=0.368)
11:15:27 [DETECT] inference took 0.30s
11:15:27 [DETECT] inference took 0.38s
11:15:28 [DETECT] inference took 0.38s
11:15:28 [DETECT] inference took 0.38s
11:15:28 [AUTONOMY] investigation ended (attempt budget exhausted) after 9.1s, zoom_attempts=4
11:15:28 [AUTONOMY] investigating (candidate confidence=0.57)
11:15:29 [DETECT] inference took 0.34s
11:15:29 [DETECT] inference took 0.41s
11:15:30 [DETECT] inference took 0.30s
11:15:30 [DETECT] inference took 0.34s
11:15:30 [AUTONOMY] investigate zoom out (attempt 1/4, confidence=0.46, box_ratio=0.455)
11:15:31 [DETECT] inference took 0.31s
11:15:31 [DETECT] inference took 0.34s
11:15:32 [DETECT] inference took 0.30s
11:15:32 [DETECT] inference took 0.34s
11:15:32 [AUTONOMY] investigate zoom out (attempt 2/4, confidence=0.46, box_ratio=0.468)
11:15:33 [DETECT] inference took 0.31s
11:15:33 [DETECT] inference took 0.34s
11:15:34 [DETECT] inference took 0.33s
11:15:34 [DETECT] inference took 0.36s
11:15:34 [AUTONOMY] investigate zoom out (attempt 3/4, confidence=0.46, box_ratio=0.464)
11:15:35 [DETECT] inference took 0.33s
11:15:35 [DETECT] inference took 0.34s
11:15:36 [DETECT] inference took 0.30s
11:15:36 [DETECT] inference took 0.36s
11:15:36 [AUTONOMY] investigate zoom out (attempt 4/4, confidence=0.66, box_ratio=0.457)
11:15:37 [DETECT] inference took 0.34s
11:15:37 [DETECT] inference took 0.33s
11:15:38 [DETECT] inference took 0.36s
11:15:38 [DETECT] inference took 0.36s
11:15:38 [AUTONOMY] investigation ended (attempt budget exhausted) after 9.9s, zoom_attempts=4
11:15:38 [AUTONOMY] investigating (candidate confidence=0.55)
11:15:39 [DETECT] inference took 0.33s
11:15:39 [DETECT] inference took 0.33s
11:15:39 [AUTONOMY] investigate zoom out (attempt 1/4, confidence=0.56, box_ratio=0.449)
11:15:40 [DETECT] inference took 0.31s
11:15:40 [DETECT] inference took 0.34s
11:15:41 [DETECT] inference took 0.30s
11:15:41 [DETECT] inference took 0.34s
11:15:41 [AUTONOMY] investigate zoom out (attempt 2/4, confidence=0.67, box_ratio=0.444)
11:15:42 [DETECT] inference took 0.31s
11:15:42 [DETECT] inference took 0.34s
11:15:43 [DETECT] inference took 0.30s
11:15:43 [DETECT] inference took 0.33s
11:15:43 [AUTONOMY] investigate zoom out (attempt 3/4, confidence=0.52, box_ratio=0.445)
11:15:44 [DETECT] inference took 0.31s
11:15:44 [DETECT] inference took 0.36s
11:15:45 [DETECT] inference took 0.31s
11:15:45 [DETECT] inference took 0.34s
11:15:45 [AUTONOMY] investigate zoom out (attempt 4/4, confidence=0.49, box_ratio=0.457)
11:15:46 [DETECT] inference took 0.33s
11:15:46 [DETECT] inference took 0.36s
11:15:47 [DETECT] inference took 0.34s
11:15:47 [DETECT] inference took 0.34s
11:15:47 [AUTONOMY] investigation ended (attempt budget exhausted) after 8.9s, zoom_attempts=4
11:15:47 [AUTONOMY] investigating (candidate confidence=0.68)
11:15:48 [DETECT] inference took 0.34s
11:15:48 [DETECT] inference took 0.34s
11:15:48 [AUTONOMY] investigate zoom out (attempt 1/4, confidence=0.52, box_ratio=0.466)
11:15:49 [DETECT] inference took 0.31s
11:15:49 [DETECT] inference took 0.33s
11:15:50 [DETECT] inference took 0.34s
11:15:50 [DETECT] inference took 0.38s
11:15:50 [AUTONOMY] investigate zoom out (attempt 2/4, confidence=0.57, box_ratio=0.477)
11:15:51 [DETECT] inference took 0.31s
11:15:51 [DETECT] inference took 0.36s
11:15:52 [DETECT] inference took 0.31s
11:15:52 [DETECT] inference took 0.36s
11:15:52 [AUTONOMY] investigate zoom out (attempt 3/4, confidence=0.69, box_ratio=0.522)
11:15:53 [DETECT] inference took 0.31s
11:15:53 [DETECT] inference took 0.34s
11:15:54 [DETECT] inference took 0.31s
11:15:54 [DETECT] inference took 0.36s
11:15:54 [AUTONOMY] investigate zoom out (attempt 4/4, confidence=0.53, box_ratio=0.507)
11:15:55 [DETECT] inference took 0.34s
11:15:55 [DETECT] inference took 0.36s
11:15:56 [DETECT] inference took 0.36s
11:15:56 [DETECT] inference took 0.44s
11:15:56 [AUTONOMY] investigation ended (attempt budget exhausted) after 9.1s, zoom_attempts=4
11:15:56 [AUTONOMY] investigating (candidate confidence=0.69)
11:15:57 [DETECT] inference took 0.33s
11:15:57 [DETECT] inference took 0.36s
11:15:58 [DETECT] inference took 0.33s
11:15:58 [DETECT] inference took 0.36s
11:15:59 [DETECT] inference took 0.34s
11:16:00 [DETECT] inference took 0.33s
11:16:00 [TRACK] box=(470, 418, 1621, 1040) confidence=0.46 gap_since_previous=1.64s
11:16:00 [TRACK] offset_x=0.09 offset_y=0.35 box_ratio=0.345 (target=0.08) -> pan=0.00 tilt=-0.30 zoom=-0.20
11:16:01 [DETECT] inference took 0.39s
11:16:01 [TRACK] box=(463, 362, 1915, 1063) confidence=0.46 gap_since_previous=1.05s
11:16:01 [TRACK] offset_x=0.24 offset_y=0.32 box_ratio=0.491 (target=0.08) -> pan=0.24 tilt=-0.30 zoom=-0.20
11:16:02 [DETECT] inference took 0.39s
11:16:03 [DETECT] inference took 0.33s
11:16:03 [TRACK] box=(1026, 400, 1321, 575) confidence=0.54 gap_since_previous=1.94s
11:16:03 [TRACK] offset_x=0.22 offset_y=-0.10 box_ratio=0.025 (target=0.08) -> pan=0.22 tilt=0.00 zoom=0.20
11:16:04 [DETECT] inference took 0.36s
11:16:05 [DETECT] inference took 0.34s
11:16:06 [DETECT] inference took 0.31s
11:16:06 [TRACK] target lost -- no qualifying detection for 3.03s (timeout=3.0s)
11:16:06 [AUTONOMY] scan -> waypoint 4 pan=-0.32 tilt=0.23 speed=0.20
11:16:07 [AUTONOMY] waypoint 4 reached after 0.8s (arrived=True)
11:16:07 [DETECT] inference took 0.42s
11:16:07 [DETECT] inference took 0.38s
11:16:07 [DETECT] rejected drone candidate (confidence=0.25) -- overlaps a confidently-classified stationary object
11:16:07 [AUTONOMY] investigating (candidate confidence=0.46)
11:16:08 [DETECT] inference took 0.34s
11:16:09 [DETECT] inference took 0.39s
11:16:10 [DETECT] inference took 0.36s
11:16:11 [DETECT] inference took 0.77s
11:16:12 [DETECT] inference took 0.34s
11:16:13 [DETECT] inference took 0.30s
11:16:14 [DETECT] inference took 0.22s
11:16:15 [DETECT] inference took 0.22s
11:16:16 [DETECT] inference took 0.22s
11:16:17 [DETECT] inference took 0.22s
11:16:18 [DETECT] inference took 0.22s
11:16:19 [DETECT] inference took 0.22s
11:16:20 [DETECT] inference took 0.36s
11:16:21 [DETECT] inference took 0.28s
11:16:22 [DETECT] inference took 0.45s
11:16:23 [DETECT] inference took 0.28s
11:16:24 [DETECT] inference took 0.31s
11:16:25 [DETECT] inference took 0.42s
11:16:26 [DETECT] inference took 0.58s
11:16:27 [DETECT] inference took 0.34s
11:16:28 [DETECT] inference took 0.41s
11:16:29 [DETECT] inference took 0.31s
11:16:30 [DETECT] inference took 0.33s
11:16:31 [DETECT] inference took 0.38s
11:16:32 [DETECT] inference took 0.33s
11:16:33 [DETECT] inference took 0.44s
11:16:34 [DETECT] inference took 0.34s
11:16:35 [DETECT] inference took 0.39s
11:16:36 [DETECT] inference took 0.31s
11:16:37 [DETECT] inference took 0.31s
11:16:38 [DETECT] inference took 0.28s
11:16:39 [DETECT] inference took 0.34s
11:16:40 [DETECT] inference took 0.56s
11:16:41 [DETECT] inference took 0.33s
11:16:41 [DETECT] inference took 0.39s
11:16:42 [DETECT] inference took 0.34s
11:16:43 [DETECT] inference took 0.30s
11:16:43 [DETECT] inference took 0.36s
11:16:44 [DETECT] inference took 0.30s
11:16:45 [DETECT] inference took 0.33s
11:16:46 [DETECT] inference took 0.31s
11:16:47 [DETECT] inference took 0.30s
11:16:48 [DETECT] inference took 0.34s
11:16:48 [DETECT] inference took 0.39s
11:16:49 [DETECT] inference took 0.38s
11:16:50 [DETECT] inference took 0.33s
11:16:51 [DETECT] inference took 0.30s
11:16:52 [DETECT] inference took 0.33s
11:16:53 [DETECT] inference took 0.30s
11:16:53 [DETECT] inference took 0.34s
11:16:54 [DETECT] inference took 0.31s
11:16:55 [DETECT] inference took 0.31s
11:16:56 [DETECT] inference took 0.42s
11:16:57 [DETECT] inference took 0.33s
11:16:58 [DETECT] inference took 0.33s
11:16:59 [DETECT] inference took 0.30s
11:17:00 [DETECT] inference took 0.30s
11:17:01 [DETECT] inference took 0.52s
11:17:02 [DETECT] inference took 0.22s
11:17:03 [DETECT] inference took 0.22s
11:17:04 [DETECT] inference took 0.20s
11:17:05 [DETECT] inference took 0.20s
11:17:06 [DETECT] inference took 0.22s
11:17:07 [DETECT] inference took 0.24s
11:17:08 [DETECT] inference took 0.25s
11:17:09 [DETECT] inference took 0.27s
11:17:10 [DETECT] inference took 0.24s
11:17:11 [DETECT] inference took 0.24s
11:17:12 [DETECT] inference took 0.22s
11:17:13 [DETECT] inference took 0.30s
11:17:14 [DETECT] inference took 0.30s
11:17:15 [DETECT] inference took 0.30s
11:17:16 [DETECT] inference took 0.31s
11:17:17 [DETECT] inference took 0.31s
11:17:18 [DETECT] inference took 0.30s
11:17:19 [DETECT] inference took 0.30s
11:17:20 [DETECT] inference took 0.30s
11:17:21 [DETECT] inference took 0.31s
11:17:22 [DETECT] inference took 0.42s
11:17:23 [DETECT] inference took 0.22s
11:17:24 [DETECT] inference took 0.23s
11:17:25 [DETECT] inference took 0.30s
11:17:26 [DETECT] inference took 0.30s
11:17:27 [DETECT] inference took 0.50s
11:17:28 [DETECT] inference took 0.31s
11:17:29 [DETECT] inference took 0.33s
11:17:30 [DETECT] inference took 0.31s
11:17:31 [DETECT] inference took 0.31s
11:17:32 [DETECT] inference took 0.33s
11:17:33 [DETECT] inference took 0.31s
11:17:34 [DETECT] inference took 0.30s
11:17:35 [DETECT] inference took 0.20s
11:17:36 [DETECT] inference took 0.22s
11:17:37 [DETECT] inference took 0.22s
11:17:38 [DETECT] inference took 0.22s
11:17:39 [DETECT] inference took 0.20s
11:17:39 [DETECT] inference took 0.24s
11:17:40 [DETECT] inference took 0.22s
11:17:41 [DETECT] inference took 0.28s
11:17:42 [DETECT] inference took 0.30s
11:17:43 [DETECT] inference took 0.28s
11:17:44 [DETECT] inference took 0.28s
11:17:45 [DETECT] inference took 0.27s
11:17:46 [DETECT] inference took 0.27s
11:17:47 [DETECT] inference took 0.28s
11:17:48 [DETECT] inference took 0.47s
11:17:49 [DETECT] inference took 0.27s
11:17:50 [DETECT] inference took 0.27s
11:17:51 [DETECT] inference took 0.27s
11:17:52 [DETECT] inference took 0.20s
11:17:53 [DETECT] inference took 0.20s
11:17:54 [DETECT] inference took 0.22s
11:17:55 [DETECT] inference took 0.20s
11:17:56 [DETECT] inference took 0.20s
11:17:57 [DETECT] inference took 0.28s
11:17:58 [DETECT] inference took 0.28s
11:17:59 [DETECT] inference took 0.28s
11:18:00 [DETECT] inference took 0.30s
11:18:01 [DETECT] inference took 0.31s
11:18:02 [DETECT] inference took 0.28s
11:18:03 [DETECT] inference took 0.28s
11:18:04 [DETECT] inference took 0.22s
11:18:05 [DETECT] inference took 0.20s
11:18:06 [DETECT] inference took 0.20s
11:18:07 [DETECT] inference took 0.20s
11:18:08 [DETECT] inference took 0.20s
11:18:09 [DETECT] inference took 0.22s
11:18:10 [DETECT] inference took 0.20s
11:18:11 [DETECT] inference took 0.19s
11:18:12 [DETECT] inference took 0.20s
11:18:13 [DETECT] inference took 0.22s
11:18:14 [DETECT] inference took 0.28s
11:18:15 [DETECT] inference took 0.20s
11:18:16 [DETECT] inference took 0.20s
11:18:17 [DETECT] inference took 0.25s
11:18:18 [DETECT] inference took 0.30s
11:18:19 [DETECT] inference took 0.49s
11:18:20 [DETECT] inference took 0.27s
11:18:21 [DETECT] inference took 0.25s
11:18:22 [DETECT] inference took 0.20s
11:18:23 [DETECT] inference took 0.20s
11:18:24 [DETECT] inference took 0.20s
11:18:25 [DETECT] inference took 0.20s
11:18:26 [DETECT] inference took 0.20s
11:18:27 [DETECT] inference took 0.20s
11:18:28 [DETECT] inference took 0.20s
11:18:29 [DETECT] inference took 0.20s
11:18:30 [DETECT] inference took 0.20s
11:18:31 [DETECT] inference took 0.20s
11:18:32 [DETECT] inference took 0.20s
11:18:33 [DETECT] inference took 0.20s
11:18:34 [DETECT] inference took 0.20s
11:18:35 [DETECT] inference took 0.22s
11:18:36 [DETECT] inference took 0.20s
11:18:37 [DETECT] inference took 0.20s
11:18:38 [DETECT] inference took 0.22s
11:18:39 [DETECT] inference took 0.22s
11:18:40 [DETECT] inference took 0.23s
11:18:41 [DETECT] inference took 0.20s
11:18:42 [DETECT] inference took 0.20s
11:18:43 [DETECT] inference took 0.20s
11:18:44 [DETECT] inference took 0.20s
11:18:45 [DETECT] inference took 0.34s
11:18:46 [DETECT] inference took 0.20s
11:18:47 [DETECT] inference took 0.20s
11:18:48 [DETECT] inference took 0.20s
11:18:49 [DETECT] inference took 0.22s
11:18:50 [DETECT] inference took 0.19s
11:18:51 [DETECT] inference took 0.20s
11:18:52 [DETECT] inference took 0.22s
11:18:53 [DETECT] inference took 0.20s
11:18:54 [DETECT] inference took 0.20s
11:18:55 [DETECT] inference took 0.20s
11:18:56 [DETECT] inference took 0.22s
11:18:57 [DETECT] inference took 0.20s
11:18:58 [DETECT] inference took 0.20s
11:18:59 [DETECT] inference took 0.22s
11:19:00 [DETECT] inference took 0.22s
11:19:01 [DETECT] inference took 0.22s
11:19:02 [DETECT] inference took 0.20s
11:19:03 [DETECT] inference took 0.22s
11:19:04 [DETECT] inference took 0.20s
11:19:05 [DETECT] inference took 0.20s
11:19:06 [DETECT] inference took 0.20s
11:19:07 [DETECT] inference took 0.20s
11:19:08 [DETECT] inference took 0.20s
11:19:09 [DETECT] inference took 0.22s
11:19:10 [DETECT] inference took 0.20s
11:19:11 [DETECT] inference took 0.23s
11:19:12 [DETECT] inference took 0.20s
11:19:13 [DETECT] inference took 0.20s
11:19:14 [DETECT] inference took 0.22s
11:19:15 [DETECT] inference took 0.20s
11:19:16 [DETECT] inference took 0.33s
11:19:17 [DETECT] inference took 0.20s
11:19:18 [DETECT] inference took 0.20s
11:19:19 [DETECT] inference took 0.20s
11:19:20 [DETECT] inference took 0.20s
11:19:21 [DETECT] inference took 0.20s
11:19:22 [DETECT] inference took 0.25s
11:19:23 [DETECT] inference took 0.27s
11:19:24 [DETECT] inference took 0.28s
11:19:25 [DETECT] inference took 0.28s
11:19:26 [DETECT] inference took 0.28s
11:19:27 [DETECT] inference took 0.28s
11:19:28 [DETECT] inference took 0.28s
11:19:29 [DETECT] inference took 0.30s
11:19:30 [DETECT] inference took 0.28s
11:19:31 [DETECT] inference took 0.30s
11:19:32 [DETECT] inference took 0.31s
11:19:33 [DETECT] inference took 0.30s
11:19:34 [DETECT] inference took 0.33s
11:19:35 [DETECT] inference took 0.28s
11:19:36 [DETECT] inference took 0.28s
11:19:37 [DETECT] inference took 0.30s
11:19:38 [DETECT] inference took 0.30s
11:19:39 [DETECT] inference took 0.27s
11:19:40 [DETECT] inference took 0.30s
11:19:41 [DETECT] inference took 0.20s
11:19:42 [DETECT] inference took 0.33s
11:19:43 [DETECT] inference took 0.22s
11:19:44 [DETECT] inference took 0.20s
11:19:45 [DETECT] inference took 0.20s
11:19:45 [DETECT] inference took 0.24s
11:19:45 [DETECT] rejected drone candidate (confidence=0.33) -- overlaps a confidently-classified stationary object
11:19:46 [DETECT] inference took 0.20s
11:19:47 [DETECT] inference took 0.20s
11:19:48 [DETECT] inference took 0.19s
11:19:49 [DETECT] inference took 0.22s
11:19:50 [DETECT] inference took 0.20s
11:19:51 [DETECT] inference took 0.20s
11:19:52 [DETECT] inference took 0.20s
11:19:53 [DETECT] inference took 0.20s
11:19:54 [DETECT] inference took 0.22s
11:19:55 [DETECT] inference took 0.22s
11:19:56 [DETECT] inference took 0.25s
11:19:57 [DETECT] inference took 0.22s
11:19:58 [DETECT] inference took 0.20s
11:19:59 [DETECT] inference took 0.20s
11:20:00 [DETECT] inference took 0.20s
11:20:01 [DETECT] inference took 0.20s
11:20:02 [DETECT] inference took 0.20s
11:20:03 [DETECT] inference took 0.20s
11:20:04 [DETECT] inference took 0.20s
11:20:05 [DETECT] inference took 0.20s
11:20:06 [DETECT] inference took 0.20s
11:20:07 [DETECT] inference took 0.22s
11:20:08 [DETECT] inference took 0.22s
11:20:09 [DETECT] inference took 0.20s
11:20:10 [DETECT] inference took 0.20s
11:20:11 [DETECT] inference took 0.20s
11:20:12 [DETECT] inference took 0.20s
11:20:13 [DETECT] inference took 0.34s
11:20:14 [DETECT] inference took 0.20s
11:20:15 [DETECT] inference took 0.20s
11:20:16 [DETECT] inference took 0.20s
11:20:17 [DETECT] inference took 0.20s
11:20:18 [DETECT] inference took 0.20s
11:20:19 [DETECT] inference took 0.20s
11:20:20 [DETECT] inference took 0.20s
11:20:21 [DETECT] inference took 0.20s
11:20:22 [DETECT] inference took 0.20s
11:20:23 [DETECT] inference took 0.20s
11:20:24 [DETECT] inference took 0.22s
11:20:25 [DETECT] inference took 0.20s
11:20:26 [DETECT] inference took 0.20s
11:20:27 [DETECT] inference took 0.20s
11:20:28 [DETECT] inference took 0.22s
11:20:29 [DETECT] inference took 0.22s
11:20:30 [DETECT] inference took 0.20s
11:20:31 [DETECT] inference took 0.22s
11:20:32 [DETECT] inference took 0.20s
11:20:33 [DETECT] inference took 0.20s
11:20:34 [DETECT] inference took 0.20s
11:20:35 [DETECT] inference took 0.20s
11:20:36 [DETECT] inference took 0.20s
11:20:37 [DETECT] inference took 0.20s
11:20:38 [DETECT] inference took 0.20s
11:20:39 [DETECT] inference took 0.31s
11:20:40 [DETECT] inference took 0.20s
11:20:41 [DETECT] inference took 0.22s
11:20:42 [DETECT] inference took 0.25s
11:20:43 [DETECT] inference took 0.20s
11:20:44 [DETECT] inference took 0.38s
11:20:45 [DETECT] inference took 0.22s
11:20:46 [DETECT] inference took 0.22s
11:20:47 [DETECT] inference took 0.23s
11:20:48 [DETECT] inference took 0.22s
11:20:49 [DETECT] inference took 0.22s
11:20:50 [DETECT] inference took 0.20s
11:20:51 [DETECT] inference took 0.22s
11:20:52 [DETECT] inference took 0.22s
11:20:53 [DETECT] inference took 0.20s
11:20:54 [DETECT] inference took 0.22s
11:20:55 [DETECT] inference took 0.20s
11:20:56 [DETECT] inference took 0.19s
11:20:57 [DETECT] inference took 0.20s
11:20:58 [DETECT] inference took 0.20s
11:20:59 [DETECT] inference took 0.20s
11:21:00 [DETECT] inference took 0.22s
11:21:01 [DETECT] inference took 0.22s
11:21:02 [DETECT] inference took 0.20s
11:21:03 [DETECT] inference took 0.22s
11:21:04 [DETECT] inference took 0.27s
11:21:05 [DETECT] inference took 0.39s
11:21:06 [DETECT] inference took 0.28s
11:21:07 [DETECT] inference took 0.31s
11:21:08 [DETECT] inference took 0.26s
11:21:09 [DETECT] inference took 0.25s
11:21:10 [DETECT] inference took 0.49s
11:21:11 [DETECT] inference took 0.27s
11:21:12 [DETECT] inference took 0.31s
11:21:13 [DETECT] inference took 0.31s
11:21:14 [DETECT] inference took 0.30s
11:21:15 [DETECT] inference took 0.22s
11:21:16 [DETECT] inference took 0.20s
11:21:17 [DETECT] inference took 0.20s
11:21:18 [DETECT] inference took 0.22s
11:21:18 [DETECT] inference took 0.23s
11:21:19 [DETECT] inference took 0.22s
11:21:20 [DETECT] inference took 0.20s
11:21:21 [DETECT] inference took 0.20s
11:21:22 [DETECT] inference took 0.20s
11:21:23 [DETECT] inference took 0.20s
11:21:24 [DETECT] inference took 0.20s
11:21:25 [DETECT] inference took 0.20s
11:21:26 [DETECT] inference took 0.20s
11:21:27 [DETECT] inference took 0.20s
11:21:28 [DETECT] inference took 0.19s
11:21:29 [DETECT] inference took 0.22s
11:21:30 [DETECT] inference took 0.20s
11:21:31 [DETECT] inference took 0.22s
11:21:32 [DETECT] inference took 0.20s
11:21:33 [DETECT] inference took 0.20s
11:21:34 [DETECT] inference took 0.20s
11:21:35 [DETECT] inference took 0.20s
11:21:36 [DETECT] inference took 0.41s
11:21:37 [DETECT] inference took 0.20s
11:21:38 [DETECT] inference took 0.20s
11:21:39 [DETECT] inference took 0.22s
11:21:40 [DETECT] inference took 0.20s
11:21:41 [DETECT] inference took 0.20s
11:21:42 [DETECT] inference took 0.20s
11:21:43 [DETECT] inference took 0.20s
11:21:44 [DETECT] inference took 0.22s
11:21:45 [DETECT] inference took 0.20s
11:21:46 [DETECT] inference took 0.20s
11:21:47 [DETECT] inference took 0.20s
11:21:48 [DETECT] inference took 0.20s
11:21:49 [DETECT] inference took 0.20s
11:21:50 [DETECT] inference took 0.20s
11:21:51 [DETECT] inference took 0.20s
11:21:52 [DETECT] inference took 0.20s
11:21:53 [DETECT] inference took 0.20s
11:21:54 [DETECT] inference took 0.20s
11:21:55 [DETECT] inference took 0.20s
11:21:56 [DETECT] inference took 0.20s
11:21:57 [DETECT] inference took 0.22s
11:21:58 [DETECT] inference took 0.20s
11:21:59 [DETECT] inference took 0.20s
11:22:00 [DETECT] inference took 0.22s
11:22:01 [DETECT] inference took 0.20s
11:22:02 [DETECT] inference took 0.25s
11:22:03 [DETECT] inference took 0.22s
11:22:04 [DETECT] inference took 0.20s
11:22:05 [DETECT] inference took 0.22s
11:22:06 [DETECT] inference took 0.20s
11:22:07 [DETECT] inference took 0.34s
11:22:08 [DETECT] inference took 0.22s
11:22:09 [DETECT] inference took 0.22s
11:22:10 [DETECT] inference took 0.22s
11:22:11 [DETECT] inference took 0.20s
11:22:12 [DETECT] inference took 0.23s
11:22:13 [DETECT] inference took 0.22s
11:22:14 [DETECT] inference took 0.20s
11:22:15 [DETECT] inference took 0.22s
11:22:16 [DETECT] inference took 0.20s
11:22:17 [DETECT] inference took 0.28s
11:22:18 [DETECT] inference took 0.30s
11:22:20 [DETECT] inference took 0.62s
11:22:20 [DETECT] inference took 0.38s
11:22:21 [DETECT] inference took 0.27s
11:22:22 [DETECT] inference took 0.28s
11:22:23 [DETECT] inference took 0.28s
11:22:24 [DETECT] inference took 0.52s
11:22:25 [DETECT] inference took 0.30s
11:22:26 [DETECT] inference took 0.30s
11:22:27 [DETECT] inference took 0.28s
11:22:28 [DETECT] inference took 0.38s
11:22:29 [DETECT] inference took 0.33s
11:22:30 [DETECT] inference took 0.28s
11:22:31 [DETECT] inference took 0.24s
11:22:32 [DETECT] inference took 0.22s
11:22:33 [DETECT] inference took 0.36s
11:22:34 [DETECT] inference took 0.24s
11:22:35 [DETECT] inference took 0.28s
11:22:36 [DETECT] inference took 0.31s
11:22:37 [DETECT] inference took 0.28s
11:22:38 [DETECT] inference took 0.27s
11:22:40 [DETECT] inference took 0.59s
11:22:40 [DETECT] inference took 0.25s
11:22:41 [DETECT] inference took 0.27s
11:22:42 [DETECT] inference took 0.28s
11:22:43 [DETECT] inference took 0.30s
11:22:44 [DETECT] inference took 0.33s
11:22:45 [DETECT] inference took 0.22s
11:22:46 [DETECT] inference took 0.20s
11:22:47 [DETECT] inference took 0.22s
11:22:48 [DETECT] inference took 0.20s
11:22:49 [DETECT] inference took 0.24s
11:22:50 [DETECT] inference took 0.20s
11:22:51 [DETECT] inference took 0.20s
11:22:52 [DETECT] inference took 0.27s
11:22:53 [DETECT] inference took 0.28s
11:22:54 [DETECT] inference took 0.45s
11:22:55 [DETECT] inference took 0.30s
11:22:56 [DETECT] inference took 0.27s
11:22:57 [DETECT] inference took 0.28s
11:22:58 [DETECT] inference took 0.24s
11:22:59 [DETECT] inference took 0.50s
11:23:00 [DETECT] inference took 0.36s
11:23:01 [DETECT] inference took 0.28s
11:23:02 [DETECT] inference took 0.28s
11:23:03 [DETECT] inference took 0.30s
11:23:04 [DETECT] inference took 0.31s
11:23:05 [DETECT] inference took 0.28s
11:23:06 [DETECT] inference took 0.28s
11:23:09 [DETECT] inference took 2.00s
11:23:10 [DETECT] inference took 1.03s
11:23:10 [DETECT] inference took 0.33s
11:23:11 [DETECT] inference took 0.31s
11:23:12 [DETECT] inference took 0.31s
11:23:13 [DETECT] inference took 0.30s
11:23:14 [DETECT] inference took 0.30s
11:23:16 [DETECT] inference took 0.88s
11:23:17 [DETECT] inference took 0.62s
11:23:18 [DETECT] inference took 0.53s
11:23:18 [DETECT] inference took 0.44s
11:23:19 [DETECT] inference took 0.34s
11:23:20 [DETECT] inference took 0.20s
11:23:21 [DETECT] inference took 0.20s
11:23:22 [DETECT] inference took 0.27s
11:23:23 [DETECT] inference took 0.28s
11:23:24 [DETECT] inference took 0.30s
11:23:25 [DETECT] inference took 0.27s
11:23:26 [DETECT] inference took 0.34s
11:23:27 [DETECT] inference took 0.28s
11:23:28 [DETECT] inference took 0.30s
11:23:29 [DETECT] inference took 0.31s
11:23:30 [DETECT] inference took 0.30s
11:23:31 [DETECT] inference took 0.30s
11:23:32 [DETECT] inference took 0.30s
11:23:33 [DETECT] inference took 0.30s
11:23:34 [DETECT] inference took 0.34s
11:23:35 [DETECT] inference took 0.31s
11:23:36 [DETECT] inference took 0.44s
11:23:37 [DETECT] inference took 0.27s
11:23:38 [DETECT] inference took 0.30s
11:23:39 [DETECT] inference took 0.33s
11:23:40 [DETECT] inference took 0.27s
11:23:41 [DETECT] inference took 0.42s
11:23:42 [DETECT] inference took 0.27s
11:23:43 [DETECT] inference took 0.30s
11:23:44 [DETECT] inference took 0.28s
11:23:45 [DETECT] inference took 0.25s
11:23:46 [DETECT] inference took 0.28s
11:23:47 [DETECT] inference took 0.30s
11:23:48 [DETECT] inference took 0.28s
11:23:49 [DETECT] inference took 0.28s
11:23:50 [DETECT] inference took 0.28s
11:23:51 [DETECT] inference took 0.28s
11:23:52 [DETECT] inference took 0.30s
11:23:53 [DETECT] inference took 0.23s
11:23:54 [DETECT] inference took 0.26s
11:23:55 [DETECT] inference took 0.28s
11:23:56 [DETECT] inference took 0.25s
11:23:57 [DETECT] inference took 0.39s
11:23:58 [DETECT] inference took 0.30s
11:23:59 [DETECT] inference took 0.30s
11:24:00 [DETECT] inference took 0.30s
11:24:01 [DETECT] inference took 0.30s
11:24:03 [DETECT] inference took 0.47s
11:24:03 [DETECT] inference took 0.28s
11:24:04 [DETECT] inference took 0.28s
11:24:05 [DETECT] inference took 0.27s
11:24:06 [DETECT] inference took 0.30s
11:24:07 [DETECT] inference took 0.30s
11:24:08 [DETECT] inference took 0.30s
11:24:09 [DETECT] inference took 0.33s
11:24:10 [DETECT] inference took 0.27s
11:24:11 [DETECT] inference took 0.30s
11:24:12 [DETECT] inference took 0.33s
11:24:12 [DETECT] inference took 0.31s
11:24:13 [DETECT] inference took 0.44s
11:24:13 [DETECT] inference took 0.31s
11:24:14 [DETECT] inference took 0.30s
11:24:15 [DETECT] inference took 0.34s
11:24:15 [DETECT] inference took 0.30s
11:24:16 [DETECT] inference took 0.30s
11:24:17 [DETECT] inference took 0.34s
11:24:18 [DETECT] inference took 0.33s
11:24:18 [DETECT] inference took 0.34s
11:24:19 [DETECT] inference took 0.41s
11:24:19 [DETECT] inference took 0.34s
11:24:20 [DETECT] inference took 0.39s
11:24:21 [DETECT] inference took 0.30s
11:24:22 [DETECT] inference took 0.28s
11:24:24 [DETECT] inference took 0.47s
11:24:24 [DETECT] inference took 0.30s
11:24:25 [DETECT] inference took 0.28s
11:24:26 [DETECT] inference took 0.27s
11:24:27 [DETECT] inference took 0.28s
11:24:28 [DETECT] inference took 0.27s
11:24:29 [DETECT] inference took 0.30s
11:24:30 [DETECT] inference took 0.27s
11:24:31 [DETECT] inference took 0.27s
11:24:32 [DETECT] inference took 0.27s
11:24:33 [DETECT] inference took 0.27s
11:24:34 [DETECT] inference took 0.31s
11:24:35 [DETECT] inference took 0.28s
11:24:36 [DETECT] inference took 0.27s
11:24:37 [DETECT] inference took 0.38s
11:24:38 [DETECT] inference took 0.27s
11:24:39 [DETECT] inference took 0.33s
11:24:40 [DETECT] inference took 0.28s
11:24:41 [DETECT] inference took 0.27s
11:24:42 [DETECT] inference took 0.30s
11:24:43 [DETECT] inference took 0.31s
11:24:45 [DETECT] inference took 0.47s
11:24:45 [DETECT] inference took 0.28s
11:24:46 [DETECT] inference took 0.28s
11:24:47 [DETECT] inference took 0.30s
11:24:47 [DETECT] inference took 0.30s
11:24:48 [DETECT] inference took 0.31s
11:24:50 [DETECT] inference took 0.55s
11:24:50 [DETECT] inference took 0.30s
11:24:51 [DETECT] inference took 0.31s
11:24:52 [DETECT] inference took 0.28s
11:24:53 [DETECT] inference took 0.30s
11:24:54 [DETECT] inference took 0.30s
11:24:55 [DETECT] inference took 0.30s
11:24:56 [DETECT] inference took 0.30s
11:24:57 [DETECT] inference took 0.28s
11:24:58 [DETECT] inference took 0.30s
11:24:59 [DETECT] inference took 0.30s
11:25:00 [DETECT] inference took 0.30s
11:25:01 [DETECT] inference took 0.30s
11:25:03 [DETECT] inference took 0.47s
11:25:03 [DETECT] inference took 0.27s
11:25:04 [DETECT] inference took 0.27s
11:25:05 [DETECT] inference took 0.36s
11:25:06 [DETECT] inference took 0.27s
11:25:07 [DETECT] inference took 0.28s
11:25:08 [DETECT] inference took 0.25s
11:25:09 [DETECT] inference took 0.28s
11:25:11 [DETECT] inference took 0.49s
11:25:11 [DETECT] inference took 0.27s
11:25:12 [DETECT] inference took 0.27s
11:25:13 [DETECT] inference took 0.28s
11:25:14 [DETECT] inference took 0.28s
11:25:15 [DETECT] inference took 0.25s
11:25:16 [DETECT] inference took 0.25s
11:25:17 [DETECT] inference took 0.27s
11:25:18 [DETECT] inference took 0.24s
11:25:19 [DETECT] inference took 0.28s
11:25:20 [DETECT] inference took 0.28s
11:25:21 [DETECT] inference took 0.27s
11:25:22 [DETECT] inference took 0.25s
11:25:23 [DETECT] inference took 0.28s
11:25:24 [DETECT] inference took 0.27s
11:25:25 [DETECT] inference took 0.25s
11:25:26 [DETECT] inference took 0.25s
11:25:27 [DETECT] inference took 0.27s
11:25:28 [DETECT] inference took 0.27s
11:25:29 [DETECT] inference took 0.27s
11:25:31 [DETECT] inference took 0.44s
11:25:31 [DETECT] inference took 0.31s
11:25:32 [DETECT] inference took 0.22s
11:25:33 [DETECT] inference took 0.22s
11:25:34 [DETECT] inference took 0.20s
11:25:35 [DETECT] inference took 0.22s
11:25:37 [DETECT] inference took 0.55s
11:25:37 [DETECT] inference took 0.25s
11:25:38 [DETECT] inference took 0.20s
11:25:39 [DETECT] inference took 0.20s
11:25:40 [DETECT] inference took 0.22s
11:25:41 [DETECT] inference took 0.20s
11:25:42 [DETECT] inference took 0.23s
11:25:43 [DETECT] inference took 0.20s
11:25:44 [DETECT] inference took 0.20s
11:25:45 [DETECT] inference took 0.30s
11:25:46 [DETECT] inference took 0.28s
11:25:47 [DETECT] inference took 0.31s
11:25:48 [DETECT] inference took 0.28s
11:25:49 [DETECT] inference took 0.30s
11:25:50 [DETECT] inference took 0.30s
11:25:51 [DETECT] inference took 0.28s
11:25:52 [DETECT] inference took 0.31s
11:25:53 [DETECT] inference took 0.28s
11:25:54 [DETECT] inference took 0.28s
11:25:55 [DETECT] inference took 0.30s
11:25:56 [DETECT] inference took 0.26s
11:25:58 [DETECT] inference took 0.48s
11:25:58 [DETECT] inference took 0.20s
11:25:59 [DETECT] inference took 0.30s
11:26:00 [DETECT] inference took 0.30s
11:26:02 [DETECT] inference took 0.31s
11:26:02 [DETECT] inference took 0.28s
11:26:03 [DETECT] inference took 0.28s
11:26:04 [DETECT] inference took 0.28s
11:26:06 [DETECT] inference took 0.30s
11:26:07 [DETECT] inference took 0.33s
11:26:07 [DETECT] inference took 0.28s
11:26:08 [DETECT] inference took 0.28s
11:26:09 [DETECT] inference took 0.28s
11:26:11 [DETECT] inference took 0.30s
11:26:12 [DETECT] inference took 0.26s
11:26:13 [DETECT] inference took 0.28s
11:26:14 [DETECT] inference took 0.27s
11:26:15 [DETECT] inference took 0.28s
11:26:16 [DETECT] inference took 0.31s
11:26:17 [DETECT] inference took 0.28s
11:26:18 [DETECT] inference took 0.33s
11:26:19 [DETECT] inference took 0.39s
11:26:20 [DETECT] inference took 0.28s
11:26:21 [DETECT] inference took 0.30s
11:26:22 [DETECT] inference took 0.27s
11:26:23 [DETECT] inference took 0.28s
11:26:24 [DETECT] inference took 0.50s
11:26:25 [DETECT] inference took 0.28s
11:26:26 [DETECT] inference took 0.28s
11:26:26 [DETECT] inference took 0.20s
11:26:27 [DETECT] inference took 0.20s
11:26:28 [DETECT] inference took 0.20s
11:26:29 [DETECT] inference took 0.22s
11:26:30 [DETECT] inference took 0.22s
11:26:31 [DETECT] inference took 0.22s
11:26:32 [DETECT] inference took 0.20s
11:26:33 [DETECT] inference took 0.22s
11:26:34 [DETECT] inference took 0.20s
11:26:35 [DETECT] inference took 0.22s
11:26:36 [DETECT] inference took 0.22s
11:26:37 [DETECT] inference took 0.20s
11:26:38 [DETECT] inference took 0.20s
11:26:40 [DETECT] inference took 0.22s
11:26:40 [DETECT] inference took 0.22s
11:26:41 [DETECT] inference took 0.20s
11:26:42 [DETECT] inference took 0.20s
11:26:44 [DETECT] inference took 0.23s
11:26:45 [DETECT] inference took 0.23s
11:26:45 [DETECT] inference took 0.22s
11:26:47 [DETECT] inference took 0.23s
11:26:48 [DETECT] inference took 0.22s
11:26:48 [DETECT] inference took 0.20s
11:26:50 [DETECT] inference took 0.36s
11:26:51 [DETECT] inference took 0.22s
11:26:51 [DETECT] inference took 0.22s
11:26:52 [DETECT] inference took 0.22s
11:26:53 [DETECT] inference took 0.20s
11:26:54 [DETECT] inference took 0.22s
11:26:55 [DETECT] inference took 0.22s
11:26:56 [DETECT] inference took 0.20s
11:26:57 [DETECT] inference took 0.20s
11:26:58 [DETECT] inference took 0.20s
11:27:00 [DETECT] inference took 0.23s
11:27:00 [DETECT] inference took 0.22s
11:27:01 [DETECT] inference took 0.20s
11:27:02 [DETECT] inference took 0.20s
11:27:03 [DETECT] inference took 0.20s
11:27:04 [DETECT] inference took 0.20s
11:27:06 [DETECT] inference took 0.22s
11:27:07 [DETECT] inference took 0.28s
11:27:08 [DETECT] inference took 0.28s
11:27:09 [DETECT] inference took 0.28s
11:27:10 [DETECT] inference took 0.27s
11:27:11 [DETECT] inference took 0.36s
11:27:12 [DETECT] inference took 0.27s
11:27:13 [DETECT] inference took 0.30s
11:27:14 [DETECT] inference took 0.28s
11:27:15 [DETECT] inference took 0.28s
11:27:16 [DETECT] inference took 0.48s
11:27:17 [DETECT] inference took 0.30s
11:27:18 [DETECT] inference took 0.22s
11:27:19 [DETECT] inference took 0.20s
11:27:20 [DETECT] inference took 0.22s
11:27:21 [DETECT] inference took 0.20s
11:27:22 [DETECT] inference took 0.20s
11:27:23 [DETECT] inference took 0.20s
11:27:24 [DETECT] inference took 0.22s
11:27:25 [DETECT] inference took 0.20s
11:27:26 [DETECT] inference took 0.20s
11:27:27 [DETECT] inference took 0.20s
11:27:28 [DETECT] inference took 0.20s
11:27:29 [DETECT] inference took 0.22s
11:27:30 [DETECT] inference took 0.20s
11:27:31 [DETECT] inference took 0.25s
11:27:32 [DETECT] inference took 0.22s
11:27:33 [DETECT] inference took 0.22s
11:27:34 [DETECT] inference took 0.23s
11:27:35 [DETECT] inference took 0.20s
11:27:36 [DETECT] inference took 0.26s
11:27:37 [DETECT] inference took 0.22s
11:27:38 [DETECT] inference took 0.23s
11:27:39 [DETECT] inference took 0.26s
11:27:40 [DETECT] inference took 0.23s
11:27:41 [DETECT] inference took 0.23s
11:27:42 [DETECT] inference took 0.34s
11:27:43 [DETECT] inference took 0.36s
11:27:44 [DETECT] inference took 0.36s
11:27:45 [DETECT] inference took 0.34s
11:27:46 [DETECT] inference took 0.38s
11:27:47 [DETECT] inference took 0.33s
11:27:48 [DETECT] inference took 0.34s
11:27:49 [DETECT] inference took 0.33s
11:27:50 [DETECT] inference took 0.66s
11:27:51 [DETECT] inference took 0.33s
11:27:52 [DETECT] inference took 0.22s
11:27:53 [DETECT] inference took 0.22s
11:27:54 [DETECT] inference took 0.22s
11:27:55 [DETECT] inference took 0.20s
11:27:56 [DETECT] inference took 0.22s
11:27:57 [DETECT] inference took 0.20s
11:27:58 [DETECT] inference took 0.20s
11:27:59 [DETECT] inference took 0.22s
11:28:00 [DETECT] inference took 0.22s
11:28:01 [DETECT] inference took 0.24s
11:28:02 [DETECT] inference took 0.22s
11:28:03 [DETECT] inference took 0.22s
11:28:04 [DETECT] inference took 0.30s
11:28:05 [DETECT] inference took 0.24s
11:28:06 [DETECT] inference took 0.30s
11:28:07 [DETECT] inference took 0.20s
11:28:08 [DETECT] inference took 0.20s
11:28:09 [DETECT] inference took 0.20s
11:28:10 [DETECT] inference took 0.22s
11:28:11 [DETECT] inference took 0.38s
11:28:12 [DETECT] inference took 0.22s
11:28:13 [DETECT] inference took 0.20s
11:28:14 [DETECT] inference took 0.20s
11:28:15 [DETECT] inference took 0.22s
11:28:16 [DETECT] inference took 0.20s
11:28:17 [DETECT] inference took 0.20s
11:28:18 [DETECT] inference took 0.20s
11:28:19 [DETECT] inference took 0.20s
11:28:20 [DETECT] inference took 0.22s
11:28:21 [DETECT] inference took 0.22s
11:28:22 [DETECT] inference took 0.22s
11:28:23 [DETECT] inference took 0.22s
11:28:24 [DETECT] inference took 0.20s
11:28:25 [DETECT] inference took 0.20s
11:28:26 [DETECT] inference took 0.22s
11:28:27 [DETECT] inference took 0.20s
11:28:28 [DETECT] inference took 0.20s
11:28:29 [DETECT] inference took 0.20s
11:28:30 [DETECT] inference took 0.22s
11:28:31 [DETECT] inference took 0.23s
11:28:32 [DETECT] inference took 0.47s
11:28:33 [DETECT] inference took 0.30s
11:28:34 [DETECT] inference took 0.27s
11:28:35 [DETECT] inference took 0.27s
11:28:36 [DETECT] inference took 0.30s
11:28:37 [DETECT] inference took 0.48s
11:28:38 [DETECT] inference took 0.28s
11:28:39 [DETECT] inference took 0.28s
11:28:40 [DETECT] inference took 0.33s
11:28:41 [DETECT] inference took 0.33s
11:28:41 [DETECT] inference took 0.34s
11:28:42 [DETECT] inference took 0.30s
11:28:43 [DETECT] inference took 0.30s
11:28:44 [DETECT] inference took 0.30s
11:28:45 [DETECT] inference took 0.28s
11:28:46 [DETECT] inference took 0.31s
11:28:47 [DETECT] inference took 0.45s
11:28:48 [DETECT] inference took 0.30s
11:28:49 [DETECT] inference took 0.27s
11:28:50 [DETECT] inference took 0.28s
11:28:51 [DETECT] inference took 0.31s
11:28:52 [DETECT] inference took 0.20s
11:28:53 [DETECT] inference took 0.23s
11:28:54 [DETECT] inference took 0.22s
11:28:55 [DETECT] inference took 0.25s
11:28:56 [DETECT] inference took 0.33s
11:28:57 [DETECT] inference took 0.30s
11:28:58 [DETECT] inference took 0.50s
11:28:59 [DETECT] inference took 0.30s
11:29:00 [DETECT] inference took 0.31s
11:29:00 [DETECT] inference took 0.34s
11:29:01 [DETECT] inference took 0.33s
11:29:02 [DETECT] inference took 0.31s
11:29:03 [DETECT] inference took 0.28s
11:29:04 [DETECT] inference took 0.30s
11:29:05 [DETECT] inference took 0.28s
11:29:06 [DETECT] inference took 0.31s
11:29:07 [DETECT] inference took 0.28s
11:29:08 [DETECT] inference took 0.28s
11:29:09 [DETECT] inference took 0.28s
11:29:10 [DETECT] inference took 0.28s
11:29:11 [DETECT] inference took 0.30s
11:29:12 [DETECT] inference took 0.31s
11:29:13 [DETECT] inference took 0.30s
11:29:14 [DETECT] inference took 0.34s
11:29:15 [DETECT] inference took 0.28s
11:29:16 [DETECT] inference took 0.31s
11:29:17 [DETECT] inference took 0.31s
11:29:18 [DETECT] inference took 0.34s
11:29:19 [DETECT] inference took 0.41s
11:29:20 [DETECT] inference took 0.28s
11:29:21 [DETECT] inference took 0.33s
11:29:22 [DETECT] inference took 0.28s
11:29:23 [DETECT] inference took 0.28s
11:29:24 [DETECT] inference took 0.50s
11:29:25 [DETECT] inference took 0.28s
11:29:26 [DETECT] inference took 0.28s
11:29:27 [DETECT] inference took 0.31s
11:29:28 [DETECT] inference took 0.28s
11:29:29 [DETECT] inference took 0.30s
11:29:30 [DETECT] inference took 0.34s
11:29:31 [DETECT] inference took 0.31s
11:29:32 [DETECT] inference took 0.30s
11:29:33 [DETECT] inference took 0.28s
11:29:34 [DETECT] inference took 0.26s
11:29:35 [DETECT] inference took 0.30s
11:29:35 [DETECT] inference took 0.31s
11:29:36 [DETECT] inference took 0.31s
11:29:37 [DETECT] inference took 0.22s
11:29:38 [DETECT] inference took 0.20s
11:29:39 [DETECT] inference took 0.20s
11:29:40 [DETECT] inference took 0.30s
11:29:41 [DETECT] inference took 0.30s
11:29:42 [DETECT] inference took 0.27s
11:29:43 [DETECT] inference took 0.28s
11:29:44 [DETECT] inference took 0.28s
11:29:45 [DETECT] inference took 0.34s
11:29:46 [DETECT] inference took 0.22s
11:29:47 [DETECT] inference took 0.20s
11:29:48 [DETECT] inference took 0.22s
11:29:49 [DETECT] inference took 0.20s
11:29:50 [DETECT] inference took 0.41s
11:29:51 [DETECT] inference took 0.25s
11:29:52 [DETECT] inference took 0.22s
11:29:53 [DETECT] inference took 0.20s
11:29:54 [DETECT] inference took 0.30s
11:29:55 [DETECT] inference took 0.31s
11:29:56 [DETECT] inference took 0.22s
11:29:57 [DETECT] inference took 0.22s
11:29:58 [DETECT] inference took 0.20s
11:29:59 [DETECT] inference took 0.22s
11:30:00 [DETECT] inference took 0.22s
11:30:01 [DETECT] inference took 0.22s
11:30:02 [DETECT] inference took 0.20s
11:30:03 [DETECT] inference took 0.20s
11:30:04 [DETECT] inference took 0.20s
11:30:05 [DETECT] inference took 0.22s
11:30:06 [DETECT] inference took 0.22s
11:30:07 [DETECT] inference took 0.20s
11:30:08 [DETECT] inference took 0.22s
11:30:09 [DETECT] inference took 0.20s
11:30:10 [DETECT] inference took 0.20s
11:30:11 [DETECT] inference took 0.48s
11:30:12 [DETECT] inference took 0.28s
11:30:13 [DETECT] inference took 0.30s
11:30:14 [DETECT] inference took 0.28s
11:30:15 [DETECT] inference took 0.45s
11:30:16 [DETECT] inference took 0.67s
11:30:17 [DETECT] inference took 0.30s
11:30:18 [DETECT] inference took 0.28s
11:30:19 [DETECT] inference took 0.27s
11:30:20 [DETECT] inference took 0.30s
11:30:21 [DETECT] inference took 0.33s
11:30:22 [DETECT] inference took 0.30s
11:30:23 [DETECT] inference took 0.36s
11:30:24 [DETECT] inference took 0.33s
11:30:24 [DETECT] inference took 0.33s
11:30:25 [DETECT] inference took 0.31s
11:30:26 [DETECT] inference took 0.31s
11:30:27 [DETECT] inference took 0.31s
11:30:28 [DETECT] inference took 0.27s
11:30:29 [DETECT] inference took 0.27s
11:30:30 [DETECT] inference took 0.27s
11:30:31 [DETECT] inference took 0.28s
11:30:32 [DETECT] inference took 0.39s
11:30:33 [DETECT] inference took 0.27s
11:30:34 [DETECT] inference took 0.20s
11:30:35 [DETECT] inference took 0.20s
11:30:36 [DETECT] inference took 0.22s
11:30:37 [DETECT] inference took 0.27s
11:30:38 [DETECT] inference took 0.20s
11:30:39 [DETECT] inference took 0.20s
11:30:40 [DETECT] inference took 0.22s
11:30:41 [DETECT] inference took 0.22s
11:30:42 [DETECT] inference took 0.20s
11:30:43 [DETECT] inference took 0.20s
11:30:44 [DETECT] inference took 0.22s
11:30:45 [DETECT] inference took 0.20s
11:30:46 [DETECT] inference took 0.20s
11:30:47 [DETECT] inference took 0.20s
11:30:48 [DETECT] inference took 0.20s
11:30:49 [DETECT] inference took 0.22s
11:30:50 [DETECT] inference took 0.22s
11:30:51 [DETECT] inference took 0.22s
11:30:52 [DETECT] inference took 0.36s
11:30:53 [DETECT] inference took 0.30s
11:30:54 [DETECT] inference took 0.22s
11:30:55 [DETECT] inference took 0.22s
11:30:56 [DETECT] inference took 0.30s
11:30:57 [DETECT] inference took 0.27s
11:30:58 [DETECT] inference took 0.31s
11:30:59 [DETECT] inference took 0.30s
11:31:00 [DETECT] inference took 0.28s
11:31:01 [DETECT] inference took 0.28s
11:31:02 [DETECT] inference took 0.20s
11:31:03 [DETECT] inference took 0.42s
11:31:04 [DETECT] inference took 0.20s
11:31:05 [DETECT] inference took 0.20s
11:31:06 [DETECT] inference took 0.38s
11:31:07 [DETECT] inference took 0.28s
11:31:08 [DETECT] inference took 0.42s
11:31:09 [DETECT] inference took 0.30s
11:31:10 [DETECT] inference took 0.31s
11:31:10 [DETECT] inference took 0.36s
11:31:11 [DETECT] inference took 0.38s
11:31:12 [DETECT] inference took 0.30s
11:31:13 [DETECT] inference took 0.28s
11:31:13 [DETECT] inference took 0.55s
11:31:13 [DETECT] rejected drone candidate (confidence=0.39) -- overlaps a confidently-classified stationary object
11:31:14 [DETECT] inference took 0.31s
11:31:15 [DETECT] inference took 0.27s
11:31:15 [DETECT] inference took 0.36s
11:31:15 [DETECT] rejected drone candidate (confidence=0.33) -- overlaps a confidently-classified stationary object
11:31:16 [DETECT] inference took 0.31s
11:31:16 [DETECT] inference took 0.34s
11:31:16 [DETECT] rejected drone candidate (confidence=0.34) -- overlaps a confidently-classified stationary object
11:31:17 [DETECT] inference took 0.30s
11:31:18 [DETECT] inference took 0.64s
11:31:18 [DETECT] rejected drone candidate (confidence=0.31) -- overlaps a confidently-classified stationary object
11:31:18 [DETECT] inference took 0.49s
11:31:19 [DETECT] inference took 0.64s
11:31:19 [DETECT] rejected drone candidate (confidence=0.33) -- overlaps a confidently-classified stationary object
11:31:19 [DETECT] inference took 0.30s
11:31:19 [DETECT] inference took 0.33s
11:31:19 [DETECT] rejected drone candidate (confidence=0.27) -- overlaps a confidently-classified stationary object
11:31:20 [DETECT] inference took 0.28s
11:31:20 [DETECT] inference took 0.31s
11:31:20 [DETECT] rejected drone candidate (confidence=0.44) -- overlaps a confidently-classified stationary object
11:31:21 [DETECT] inference took 0.28s
11:31:21 [DETECT] inference took 0.33s
11:31:21 [DETECT] rejected drone candidate (confidence=0.44) -- overlaps a confidently-classified stationary object
11:31:22 [DETECT] inference took 0.30s
11:31:22 [DETECT] inference took 0.30s
11:31:22 [DETECT] rejected drone candidate (confidence=0.33) -- overlaps a confidently-classified stationary object
11:31:23 [DETECT] inference took 0.30s
11:31:23 [DETECT] inference took 0.31s
11:31:23 [DETECT] rejected drone candidate (confidence=0.34) -- overlaps a confidently-classified stationary object
11:31:24 [DETECT] inference took 0.25s
11:31:25 [DETECT] inference took 0.28s
11:31:25 [DETECT] inference took 0.44s
11:31:25 [DETECT] rejected drone candidate (confidence=0.35) -- overlaps a confidently-classified stationary object
11:31:26 [DETECT] inference took 0.30s
11:31:26 [DETECT] inference took 0.31s
11:31:26 [DETECT] rejected drone candidate (confidence=0.41) -- overlaps a confidently-classified stationary object
11:31:27 [DETECT] inference took 0.28s
11:31:27 [DETECT] inference took 0.33s
11:31:27 [DETECT] rejected drone candidate (confidence=0.41) -- overlaps a confidently-classified stationary object
11:31:28 [DETECT] inference took 0.28s
11:31:28 [DETECT] inference took 0.31s
11:31:28 [DETECT] rejected drone candidate (confidence=0.30) -- overlaps a confidently-classified stationary object
11:31:29 [DETECT] inference took 0.28s
11:31:29 [DETECT] inference took 0.31s
11:31:29 [DETECT] rejected drone candidate (confidence=0.25) -- overlaps a confidently-classified stationary object
11:31:30 [DETECT] inference took 0.28s
11:31:30 [DETECT] inference took 0.30s
11:31:30 [DETECT] rejected drone candidate (confidence=0.48) -- overlaps a confidently-classified stationary object
11:31:31 [DETECT] inference took 0.31s
11:31:31 [DETECT] inference took 0.34s
11:31:31 [DETECT] rejected drone candidate (confidence=0.51) -- overlaps a confidently-classified stationary object
11:31:32 [DETECT] inference took 0.28s
11:31:32 [DETECT] inference took 0.33s
11:31:32 [DETECT] rejected drone candidate (confidence=0.29) -- overlaps a confidently-classified stationary object
11:31:33 [DETECT] inference took 0.30s
11:31:33 [DETECT] inference took 0.33s
11:31:33 [DETECT] rejected drone candidate (confidence=0.28) -- overlaps a confidently-classified stationary object
11:31:34 [DETECT] inference took 0.30s
11:31:34 [DETECT] inference took 0.33s
11:31:35 [DETECT] inference took 0.27s
11:31:35 [DETECT] inference took 0.33s
11:31:36 [DETECT] inference took 0.47s
11:31:37 [DETECT] inference took 0.30s
11:31:38 [DETECT] inference took 0.28s
11:31:39 [DETECT] inference took 0.28s
11:31:40 [DETECT] inference took 0.64s
11:31:41 [DETECT] inference took 0.50s
11:31:42 [DETECT] inference took 0.30s
11:31:43 [DETECT] inference took 0.30s
11:31:44 [DETECT] inference took 0.28s
11:31:45 [DETECT] inference took 0.33s
11:31:46 [DETECT] inference took 0.30s
11:31:47 [DETECT] inference took 0.30s
11:31:48 [DETECT] inference took 0.31s
11:31:49 [DETECT] inference took 0.30s
11:31:50 [DETECT] inference took 0.31s
11:31:51 [DETECT] inference took 0.31s
11:31:52 [DETECT] inference took 0.31s
11:31:52 [DETECT] inference took 0.31s
11:31:53 [DETECT] inference took 0.28s
11:31:54 [DETECT] inference took 0.28s
11:31:55 [DETECT] inference took 0.34s
11:31:56 [DETECT] inference took 0.30s
11:31:57 [DETECT] inference took 0.41s
11:31:58 [DETECT] inference took 0.30s
11:31:59 [DETECT] inference took 0.33s
11:32:00 [DETECT] inference took 0.33s
11:32:01 [DETECT] inference took 0.33s
11:32:02 [DETECT] inference took 0.48s
11:32:03 [DETECT] inference took 0.30s
11:32:04 [DETECT] inference took 0.28s
11:32:05 [DETECT] inference took 0.22s
11:32:06 [DETECT] inference took 0.20s
11:32:07 [DETECT] inference took 0.20s
11:32:08 [DETECT] inference took 0.22s
11:32:09 [DETECT] inference took 0.22s
11:32:09 [DETECT] inference took 0.23s
11:32:09 [DETECT] rejected drone candidate (confidence=0.45) -- overlaps a confidently-classified stationary object
11:32:10 [DETECT] inference took 0.20s
11:32:10 [DETECT] inference took 0.25s
11:32:11 [DETECT] inference took 0.20s
11:32:11 [DETECT] inference took 0.23s
11:32:12 [DETECT] inference took 0.20s
11:32:12 [DETECT] inference took 0.25s
11:32:13 [DETECT] inference took 0.22s
11:32:14 [DETECT] inference took 0.22s
11:32:15 [DETECT] inference took 0.22s
11:32:16 [DETECT] inference took 0.33s
11:32:17 [DETECT] inference took 0.30s
11:32:18 [DETECT] inference took 0.28s
11:32:19 [DETECT] inference took 0.26s
11:32:20 [DETECT] inference took 0.30s
11:32:21 [DETECT] inference took 0.30s
11:32:22 [DETECT] inference took 0.26s
11:32:23 [DETECT] inference took 0.44s
11:32:24 [DETECT] inference took 0.26s
11:32:25 [DETECT] inference took 0.28s
11:32:26 [DETECT] inference took 0.28s
11:32:27 [DETECT] inference took 0.30s
11:32:28 [DETECT] inference took 0.47s
11:32:29 [DETECT] inference took 0.28s
11:32:30 [DETECT] inference took 0.30s
11:32:31 [DETECT] inference took 0.26s
11:32:32 [DETECT] inference took 0.28s
11:32:33 [DETECT] inference took 0.28s
11:32:34 [DETECT] inference took 0.26s
11:32:35 [DETECT] inference took 0.27s
11:32:36 [DETECT] inference took 0.27s
11:32:37 [DETECT] inference took 0.27s
11:32:38 [DETECT] inference took 0.30s
11:32:39 [DETECT] inference took 0.28s
11:32:40 [DETECT] inference took 0.31s
11:32:41 [DETECT] inference took 0.31s
11:32:42 [DETECT] inference took 0.28s
11:32:43 [DETECT] inference took 0.28s
11:32:44 [DETECT] inference took 0.42s
11:32:45 [DETECT] inference took 0.30s
11:32:46 [DETECT] inference took 0.28s
11:32:47 [DETECT] inference took 0.28s
11:32:48 [DETECT] inference took 0.28s
11:32:49 [DETECT] inference took 0.47s
11:32:50 [DETECT] inference took 0.30s
11:32:50 [DETECT] inference took 0.34s
11:32:51 [DETECT] inference took 0.30s
11:32:52 [DETECT] inference took 0.27s
11:32:53 [DETECT] inference took 0.28s
11:32:54 [DETECT] inference took 0.28s
11:32:55 [DETECT] inference took 0.27s
11:32:56 [DETECT] inference took 0.28s
11:32:57 [DETECT] inference took 0.28s
11:32:58 [DETECT] inference took 0.30s
11:32:59 [DETECT] inference took 0.28s
11:33:00 [DETECT] inference took 0.30s
11:33:01 [DETECT] inference took 0.28s
11:33:02 [DETECT] inference took 0.28s
11:33:03 [DETECT] inference took 0.28s
11:33:04 [DETECT] inference took 0.28s
11:33:05 [DETECT] inference took 0.31s
11:33:06 [DETECT] inference took 0.27s
11:33:07 [DETECT] inference took 0.27s
11:33:08 [DETECT] inference took 0.30s
11:33:09 [DETECT] inference took 0.28s
11:33:10 [DETECT] inference took 0.49s
11:33:11 [DETECT] inference took 0.30s
11:33:12 [DETECT] inference took 0.28s
11:33:13 [DETECT] inference took 0.27s
11:33:14 [DETECT] inference took 0.28s
11:33:15 [DETECT] inference took 0.56s
11:33:16 [DETECT] inference took 0.31s
11:33:17 [DETECT] inference took 0.26s
11:33:18 [DETECT] inference took 0.28s
11:33:19 [DETECT] inference took 0.28s
11:33:20 [DETECT] inference took 0.28s
11:33:21 [DETECT] inference took 0.30s
11:33:22 [DETECT] inference took 0.28s
11:33:23 [DETECT] inference took 0.30s
11:33:24 [DETECT] inference took 0.28s
11:33:25 [DETECT] inference took 0.28s
11:33:26 [DETECT] inference took 0.26s
11:33:27 [DETECT] inference took 0.23s
11:33:28 [DETECT] inference took 0.22s
11:33:29 [DETECT] inference took 0.22s
11:33:30 [DETECT] inference took 0.22s
11:33:31 [DETECT] inference took 0.36s
11:33:32 [DETECT] inference took 0.28s
11:33:33 [DETECT] inference took 0.30s
11:33:34 [DETECT] inference took 0.28s
11:33:35 [DETECT] inference took 0.30s
11:33:36 [DETECT] inference took 0.48s
11:33:37 [DETECT] inference took 0.28s
11:33:38 [DETECT] inference took 0.27s
11:33:40 [DETECT] inference took 0.72s
11:33:40 [DETECT] inference took 0.38s
11:33:41 [DETECT] inference took 0.28s
11:33:42 [DETECT] inference took 0.28s
11:33:43 [DETECT] inference took 0.28s
11:33:44 [DETECT] inference took 0.27s
11:33:45 [DETECT] inference took 0.28s
11:33:46 [DETECT] inference took 0.30s
11:33:47 [DETECT] inference took 0.30s
11:33:48 [DETECT] inference took 0.24s
11:33:49 [DETECT] inference took 0.22s
11:33:50 [DETECT] inference took 0.20s
11:33:51 [DETECT] inference took 0.20s
11:33:52 [DETECT] inference took 0.22s
11:33:53 [DETECT] inference took 0.20s
11:33:54 [DETECT] inference took 0.27s
11:33:55 [DETECT] inference took 0.27s
11:33:56 [DETECT] inference took 0.28s
