11:49:15 [SESSION] logging to C:\Users\user\Documents\avigilon-ptz-dashboard\backend\logs\session-20260714-114915-9556.log
11:54:34 [VIDEO] capture loop starting, stream_url='rtsp://administrator:123456@169.254.50.189/rtsp/defaultPrimary?streamType=u'
11:54:34 [VIDEO] opening capture: 'rtsp://administrator:123456@169.254.50.189/rtsp/defaultPrimary?streamType=u'
11:54:40 [VIDEO] capture opened successfully
11:54:42 [DETECT] inference took 2.80s
11:54:43 [DETECT] inference took 0.25s
11:54:44 [DETECT] inference took 0.25s
11:54:45 [DETECT] inference took 0.27s
11:54:46 [DETECT] inference took 0.25s
11:54:47 [DETECT] inference took 0.25s
11:54:48 [DETECT] inference took 0.30s
11:54:49 [DETECT] inference took 0.27s
11:54:50 [DETECT] inference took 0.24s
11:54:51 [DETECT] inference took 0.25s
11:54:52 [DETECT] inference took 0.30s
11:54:53 [DETECT] inference took 0.34s
11:54:54 [DETECT] inference took 0.23s
11:54:55 [DETECT] inference took 0.22s
11:54:56 [DETECT] inference took 0.23s
11:54:57 [DETECT] inference took 0.23s
11:54:58 [DETECT] inference took 0.22s
11:54:59 [DETECT] inference took 0.31s
11:55:00 [DETECT] inference took 0.25s
11:55:01 [DETECT] inference took 0.27s
11:55:02 [DETECT] inference took 0.22s
11:55:03 [DETECT] inference took 0.23s
11:55:04 [DETECT] inference took 0.20s
11:55:05 [DETECT] inference took 0.22s
11:55:06 [DETECT] inference took 0.20s
11:55:07 [DETECT] inference took 0.22s
11:55:08 [DETECT] inference took 0.22s
11:55:09 [DETECT] inference took 0.22s
11:55:10 [DETECT] inference took 0.22s
11:55:11 [DETECT] inference took 0.23s
11:55:12 [DETECT] inference took 0.23s
11:55:13 [DETECT] inference took 0.22s
11:55:14 [DETECT] inference took 0.23s
11:55:15 [DETECT] inference took 0.23s
11:55:16 [DETECT] inference took 0.22s
11:55:17 [DETECT] inference took 0.22s
11:55:18 [DETECT] inference took 0.22s
11:55:19 [DETECT] inference took 0.34s
11:55:20 [DETECT] inference took 0.22s
11:55:21 [DETECT] inference took 0.22s
11:55:22 [DETECT] inference took 0.23s
11:55:23 [DETECT] inference took 0.22s
11:55:24 [DETECT] inference took 0.34s
11:55:25 [DETECT] inference took 0.23s
11:55:26 [DETECT] inference took 0.20s
11:55:27 [DETECT] inference took 0.23s
11:55:28 [DETECT] inference took 0.22s
11:55:29 [DETECT] inference took 0.22s
11:55:30 [DETECT] inference took 0.22s
11:55:31 [DETECT] inference took 0.22s
11:55:32 [DETECT] inference took 0.25s
11:55:33 [DETECT] inference took 0.25s
11:55:34 [DETECT] inference took 0.25s
11:55:35 [DETECT] inference took 0.25s
11:55:36 [DETECT] inference took 0.23s
11:55:37 [DETECT] inference took 0.22s
11:55:38 [DETECT] inference took 0.22s
11:55:39 [DETECT] inference took 0.20s
11:55:40 [DETECT] inference took 0.23s
11:55:41 [DETECT] inference took 0.23s
11:55:42 [DETECT] inference took 0.22s
11:55:43 [DETECT] inference took 0.20s
11:55:44 [DETECT] inference took 0.22s
11:55:45 [DETECT] inference took 0.25s
11:55:46 [DETECT] inference took 0.23s
11:55:47 [DETECT] inference took 0.23s
11:55:48 [DETECT] inference took 0.22s
11:55:49 [DETECT] inference took 0.23s
11:55:50 [DETECT] inference took 0.38s
11:55:51 [DETECT] inference took 0.22s
11:55:52 [DETECT] inference took 0.20s
11:55:53 [DETECT] inference took 0.22s
11:55:54 [DETECT] inference took 0.23s
11:55:55 [DETECT] inference took 0.22s
11:55:56 [DETECT] inference took 0.22s
11:55:57 [DETECT] inference took 0.22s
11:55:58 [DETECT] inference took 0.22s
11:55:59 [DETECT] inference took 0.22s
11:56:00 [DETECT] inference took 0.23s
11:56:01 [DETECT] inference took 0.23s
11:56:02 [DETECT] inference took 0.22s
11:56:03 [DETECT] inference took 0.23s
11:56:04 [DETECT] inference took 0.22s
11:56:05 [DETECT] inference took 0.22s
11:56:06 [DETECT] inference took 0.23s
11:56:07 [DETECT] inference took 0.22s
11:56:08 [DETECT] inference took 0.20s
11:56:09 [DETECT] inference took 0.22s
11:56:10 [DETECT] inference took 0.22s
11:56:11 [DETECT] inference took 0.22s
11:56:12 [DETECT] inference took 0.22s
11:56:13 [DETECT] inference took 0.22s
11:56:14 [DETECT] inference took 0.20s
11:56:15 [DETECT] inference took 0.22s
11:56:16 [DETECT] inference took 0.28s
11:56:17 [DETECT] inference took 0.20s
11:56:18 [DETECT] inference took 0.22s
11:56:19 [DETECT] inference took 0.22s
11:56:20 [DETECT] inference took 0.22s
11:56:21 [DETECT] inference took 0.38s
11:56:22 [DETECT] inference took 0.22s
11:56:23 [DETECT] inference took 0.22s
11:56:24 [DETECT] inference took 0.22s
11:56:25 [DETECT] inference took 0.23s
11:56:26 [DETECT] inference took 0.20s
11:56:27 [DETECT] inference took 0.22s
11:56:28 [DETECT] inference took 0.22s
11:56:29 [DETECT] inference took 0.22s
11:56:30 [DETECT] inference took 0.22s
11:56:31 [DETECT] inference took 0.22s
11:56:32 [DETECT] inference took 0.22s
11:56:33 [DETECT] inference took 0.22s
11:56:34 [DETECT] inference took 0.23s
11:56:35 [DETECT] inference took 0.23s
11:56:36 [DETECT] inference took 0.22s
11:56:37 [DETECT] inference took 0.22s
11:56:38 [DETECT] inference took 0.22s
11:56:39 [DETECT] inference took 0.23s
11:56:40 [DETECT] inference took 0.20s
11:56:41 [DETECT] inference took 0.23s
11:56:42 [DETECT] inference took 0.23s
11:56:43 [DETECT] inference took 0.22s
11:56:44 [DETECT] inference took 0.22s
11:56:45 [DETECT] inference took 0.22s
11:56:46 [DETECT] inference took 0.23s
11:56:47 [DETECT] inference took 0.34s
11:56:48 [DETECT] inference took 0.22s
11:56:49 [DETECT] inference took 0.22s
11:56:50 [DETECT] inference took 0.23s
11:56:51 [DETECT] inference took 0.22s
11:56:52 [DETECT] inference took 0.25s
11:56:53 [DETECT] inference took 0.23s
11:56:54 [DETECT] inference took 0.22s
11:56:55 [DETECT] inference took 0.22s
11:56:56 [DETECT] inference took 0.22s
11:56:57 [DETECT] inference took 0.23s
11:56:58 [DETECT] inference took 0.22s
11:56:59 [DETECT] inference took 0.22s
11:57:00 [DETECT] inference took 0.22s
11:57:01 [DETECT] inference took 0.22s
11:57:02 [DETECT] inference took 0.22s
11:57:03 [DETECT] inference took 0.23s
11:57:04 [DETECT] inference took 0.22s
11:57:05 [DETECT] inference took 0.22s
11:57:06 [DETECT] inference took 0.23s
11:57:07 [DETECT] inference took 0.23s
11:57:08 [DETECT] inference took 0.22s
11:57:09 [DETECT] inference took 0.23s
11:57:10 [DETECT] inference took 0.22s
11:57:11 [DETECT] inference took 0.25s
11:57:12 [DETECT] inference took 0.22s
11:57:13 [DETECT] inference took 0.25s
11:57:14 [DETECT] inference took 0.23s
11:57:15 [DETECT] inference took 0.22s
11:57:16 [DETECT] inference took 0.23s
11:57:17 [DETECT] inference took 0.22s
11:57:18 [DETECT] inference took 0.38s
11:57:19 [DETECT] inference took 0.22s
11:57:20 [DETECT] inference took 0.22s
11:57:21 [DETECT] inference took 0.31s
11:57:22 [DETECT] inference took 0.22s
11:57:23 [DETECT] inference took 0.25s
11:57:24 [DETECT] inference took 0.25s
11:57:25 [DETECT] inference took 0.31s
11:57:26 [DETECT] inference took 0.28s
11:57:27 [DETECT] inference took 0.20s
11:57:28 [DETECT] inference took 0.25s
11:57:29 [DETECT] inference took 0.24s
11:57:30 [DETECT] inference took 0.25s
11:57:31 [DETECT] inference took 0.34s
11:57:32 [DETECT] inference took 0.24s
11:57:33 [DETECT] inference took 0.22s
11:57:34 [DETECT] inference took 0.25s
11:57:35 [DETECT] inference took 0.22s
11:57:36 [DETECT] inference took 0.28s
11:57:37 [DETECT] inference took 0.27s
11:57:38 [DETECT] inference took 0.22s
11:57:39 [DETECT] inference took 0.25s
11:57:40 [DETECT] inference took 0.25s
11:57:41 [DETECT] inference took 0.25s
11:57:42 [DETECT] inference took 0.22s
11:57:43 [DETECT] inference took 0.23s
11:57:44 [DETECT] inference took 0.30s
11:57:45 [DETECT] inference took 0.22s
11:57:46 [DETECT] inference took 0.23s
11:57:47 [DETECT] inference took 0.22s
11:57:48 [DETECT] inference took 0.23s
11:57:49 [DETECT] inference took 0.48s
11:57:50 [DETECT] inference took 0.22s
11:57:51 [DETECT] inference took 0.22s
11:57:52 [DETECT] inference took 0.22s
11:57:53 [DETECT] inference took 0.22s
11:57:54 [DETECT] inference took 0.22s
11:57:55 [DETECT] inference took 0.22s
11:57:56 [DETECT] inference took 0.22s
11:57:57 [DETECT] inference took 0.23s
11:57:58 [DETECT] inference took 0.23s
11:57:59 [DETECT] inference took 0.22s
11:58:00 [DETECT] inference took 0.22s
11:58:01 [DETECT] inference took 0.23s
11:58:02 [DETECT] inference took 0.22s
11:58:03 [DETECT] inference took 0.20s
11:58:04 [DETECT] inference took 0.22s
11:58:05 [DETECT] inference took 0.22s
11:58:06 [DETECT] inference took 0.23s
11:58:07 [DETECT] inference took 0.22s
11:58:08 [DETECT] inference took 0.23s
11:58:09 [DETECT] inference took 0.22s
11:58:10 [DETECT] inference took 0.22s
11:58:11 [DETECT] inference took 0.25s
11:58:12 [DETECT] inference took 0.23s
11:58:13 [DETECT] inference took 0.22s
11:58:14 [DETECT] inference took 0.20s
11:58:15 [DETECT] inference took 0.34s
11:58:16 [DETECT] inference took 0.23s
11:58:17 [DETECT] inference took 0.22s
11:58:18 [DETECT] inference took 0.22s
11:58:19 [DETECT] inference took 0.22s
11:58:20 [DETECT] inference took 0.28s
11:58:21 [DETECT] inference took 0.23s
11:58:22 [DETECT] inference took 0.20s
11:58:23 [DETECT] inference took 0.22s
11:58:24 [DETECT] inference took 0.22s
11:58:25 [DETECT] inference took 0.22s
11:58:26 [DETECT] inference took 0.30s
11:58:27 [DETECT] inference took 0.22s
11:58:28 [DETECT] inference took 0.20s
11:58:29 [DETECT] inference took 0.39s
11:58:30 [DETECT] inference took 0.28s
11:58:31 [DETECT] inference took 0.31s
11:58:32 [DETECT] inference took 0.27s
11:58:33 [DETECT] inference took 0.22s
11:58:34 [DETECT] inference took 0.31s
11:58:35 [DETECT] inference took 0.25s
11:58:36 [DETECT] inference took 0.23s
11:58:37 [DETECT] inference took 0.22s
11:58:38 [DETECT] inference took 0.22s
11:58:39 [DETECT] inference took 0.22s
11:58:40 [DETECT] inference took 0.22s
11:58:41 [DETECT] inference took 0.22s
11:58:42 [DETECT] inference took 0.22s
11:58:43 [DETECT] inference took 0.30s
11:58:44 [DETECT] inference took 0.22s
11:58:45 [DETECT] inference took 0.25s
11:58:46 [DETECT] inference took 0.34s
11:58:47 [DETECT] inference took 0.20s
11:58:48 [DETECT] inference took 0.22s
11:58:49 [DETECT] inference took 0.22s
11:58:50 [DETECT] inference took 0.22s
11:58:51 [DETECT] inference took 0.31s
11:58:52 [DETECT] inference took 0.20s
11:58:53 [DETECT] inference took 0.22s
11:58:54 [DETECT] inference took 0.22s
11:58:55 [DETECT] inference took 0.22s
11:58:56 [DETECT] inference took 0.20s
11:58:57 [DETECT] inference took 0.22s
11:58:58 [DETECT] inference took 0.22s
11:58:59 [DETECT] inference took 0.23s
11:59:00 [DETECT] inference took 0.25s
11:59:01 [DETECT] inference took 0.22s
11:59:02 [DETECT] inference took 0.22s
11:59:03 [DETECT] inference took 0.22s
11:59:04 [DETECT] inference took 0.22s
11:59:05 [DETECT] inference took 0.22s
11:59:06 [DETECT] inference took 0.30s
11:59:07 [DETECT] inference took 0.22s
11:59:08 [DETECT] inference took 0.22s
11:59:09 [DETECT] inference took 0.22s
11:59:10 [DETECT] inference took 0.22s
11:59:11 [DETECT] inference took 0.25s
11:59:12 [DETECT] inference took 0.23s
11:59:13 [DETECT] inference took 0.20s
11:59:14 [DETECT] inference took 0.23s
11:59:15 [DETECT] inference took 0.22s
11:59:16 [DETECT] inference took 0.22s
11:59:17 [DETECT] inference took 0.34s
11:59:18 [DETECT] inference took 0.20s
11:59:19 [DETECT] inference took 0.24s
11:59:20 [DETECT] inference took 0.22s
11:59:21 [DETECT] inference took 0.22s
11:59:22 [DETECT] inference took 0.22s
11:59:23 [DETECT] inference took 0.22s
11:59:24 [DETECT] inference took 0.20s
11:59:25 [DETECT] inference took 0.22s
11:59:26 [DETECT] inference took 0.20s
11:59:27 [DETECT] inference took 0.20s
11:59:28 [DETECT] inference took 0.20s
11:59:29 [DETECT] inference took 0.22s
11:59:30 [DETECT] inference took 0.22s
11:59:31 [DETECT] inference took 0.22s
11:59:32 [DETECT] inference took 0.20s
11:59:33 [DETECT] inference took 0.22s
11:59:34 [DETECT] inference took 0.66s
11:59:35 [DETECT] inference took 0.24s
11:59:36 [DETECT] inference took 0.24s
11:59:37 [DETECT] inference took 0.22s
11:59:38 [DETECT] inference took 0.24s
11:59:39 [DETECT] inference took 0.22s
11:59:40 [DETECT] inference took 0.23s
11:59:41 [DETECT] inference took 0.23s
11:59:42 [DETECT] inference took 0.22s
11:59:43 [DETECT] inference took 0.27s
11:59:44 [DETECT] inference took 0.22s
11:59:45 [DETECT] inference took 0.23s
11:59:46 [DETECT] inference took 0.20s
11:59:47 [DETECT] inference took 0.22s
11:59:48 [DETECT] inference took 0.36s
11:59:49 [DETECT] inference took 0.23s
11:59:50 [DETECT] inference took 0.23s
11:59:51 [DETECT] inference took 0.22s
11:59:52 [DETECT] inference took 0.20s
11:59:53 [DETECT] inference took 0.22s
11:59:54 [DETECT] inference took 0.22s
11:59:55 [DETECT] inference took 0.22s
11:59:56 [DETECT] inference took 0.20s
11:59:57 [DETECT] inference took 0.22s
11:59:58 [DETECT] inference took 0.20s
11:59:59 [DETECT] inference took 0.22s
12:00:00 [DETECT] inference took 0.22s
12:00:01 [DETECT] inference took 0.22s
12:00:02 [DETECT] inference took 0.20s
12:00:03 [DETECT] inference took 0.22s
12:00:04 [DETECT] inference took 0.23s
12:00:05 [DETECT] inference took 0.23s
12:00:06 [DETECT] inference took 0.22s
12:00:07 [DETECT] inference took 0.22s
12:00:08 [DETECT] inference took 0.22s
12:00:09 [DETECT] inference took 0.23s
12:00:10 [DETECT] inference took 0.23s
12:00:11 [DETECT] inference took 0.20s
12:00:12 [DETECT] inference took 0.22s
12:00:13 [DETECT] inference took 0.22s
12:00:14 [DETECT] inference took 0.30s
12:00:15 [DETECT] inference took 0.22s
12:00:16 [DETECT] inference took 0.22s
12:00:17 [DETECT] inference took 0.27s
12:00:18 [DETECT] inference took 0.22s
12:00:19 [DETECT] inference took 0.36s
12:00:20 [DETECT] inference took 0.22s
12:00:21 [DETECT] inference took 0.22s
12:00:22 [DETECT] inference took 0.22s
12:00:23 [DETECT] inference took 0.20s
12:00:24 [DETECT] inference took 0.22s
12:00:25 [DETECT] inference took 0.22s
12:00:26 [DETECT] inference took 0.22s
12:00:27 [DETECT] inference took 0.22s
12:00:28 [DETECT] inference took 0.22s
12:00:29 [DETECT] inference took 0.20s
12:00:30 [DETECT] inference took 0.22s
12:00:31 [DETECT] inference took 0.23s
12:00:32 [DETECT] inference took 0.20s
12:00:33 [DETECT] inference took 0.23s
12:00:34 [DETECT] inference took 0.23s
12:00:35 [DETECT] inference took 0.20s
12:00:36 [DETECT] inference took 0.22s
12:00:37 [DETECT] inference took 0.20s
12:00:38 [DETECT] inference took 0.22s
12:00:39 [DETECT] inference took 0.22s
12:00:40 [DETECT] inference took 0.25s
12:00:41 [DETECT] inference took 0.22s
12:00:42 [DETECT] inference took 0.23s
12:00:43 [DETECT] inference took 0.20s
12:00:44 [DETECT] inference took 0.22s
12:00:45 [DETECT] inference took 0.34s
12:00:46 [DETECT] inference took 0.20s
12:00:47 [DETECT] inference took 0.20s
12:00:48 [DETECT] inference took 0.22s
12:00:49 [DETECT] inference took 0.20s
12:00:50 [DETECT] inference took 0.28s
12:00:51 [DETECT] inference took 0.22s
12:00:52 [DETECT] inference took 0.20s
12:00:53 [DETECT] inference took 0.22s
12:00:54 [DETECT] inference took 0.23s
12:00:55 [DETECT] inference took 0.20s
12:00:56 [DETECT] inference took 0.20s
12:00:57 [DETECT] inference took 0.22s
12:00:58 [DETECT] inference took 0.23s
12:00:59 [DETECT] inference took 0.22s
12:01:00 [DETECT] inference took 0.22s
12:01:01 [DETECT] inference took 0.23s
12:01:02 [DETECT] inference took 0.22s
12:01:03 [DETECT] inference took 0.22s
12:01:04 [DETECT] inference took 0.22s
12:01:05 [DETECT] inference took 0.22s
12:01:06 [DETECT] inference took 0.22s
12:01:07 [DETECT] inference took 0.22s
12:01:08 [DETECT] inference took 0.20s
12:01:09 [DETECT] inference took 0.22s
12:01:10 [DETECT] inference took 0.22s
12:01:11 [DETECT] inference took 0.30s
12:01:12 [DETECT] inference took 0.22s
12:01:13 [DETECT] inference took 0.22s
12:01:14 [DETECT] inference took 0.22s
12:01:15 [DETECT] inference took 0.22s
12:01:16 [DETECT] inference took 0.34s
12:01:17 [DETECT] inference took 0.22s
12:01:18 [DETECT] inference took 0.22s
12:01:19 [DETECT] inference took 0.23s
12:01:20 [DETECT] inference took 0.20s
12:01:21 [DETECT] inference took 0.22s
12:01:22 [DETECT] inference took 0.22s
12:01:23 [DETECT] inference took 0.20s
12:01:24 [DETECT] inference took 0.22s
12:01:25 [DETECT] inference took 0.20s
12:01:26 [DETECT] inference took 0.22s
12:01:27 [DETECT] inference took 0.22s
12:01:28 [DETECT] inference took 0.20s
12:01:29 [DETECT] inference took 0.22s
12:01:30 [DETECT] inference took 0.22s
12:01:31 [DETECT] inference took 0.27s
12:01:32 [DETECT] inference took 0.22s
12:01:33 [DETECT] inference took 0.22s
12:01:34 [DETECT] inference took 0.22s
12:01:35 [DETECT] inference took 0.22s
12:01:36 [DETECT] inference took 0.20s
12:01:37 [DETECT] inference took 0.23s
12:01:38 [DETECT] inference took 0.20s
12:01:39 [DETECT] inference took 0.23s
12:01:40 [DETECT] inference took 0.22s
12:01:41 [DETECT] inference took 0.22s
12:01:42 [DETECT] inference took 0.33s
12:01:43 [DETECT] inference took 0.22s
12:01:44 [DETECT] inference took 0.23s
12:01:45 [DETECT] inference took 0.23s
12:01:46 [DETECT] inference took 0.22s
12:01:47 [DETECT] inference took 0.30s
12:01:48 [DETECT] inference took 0.23s
12:01:49 [DETECT] inference took 0.22s
12:01:50 [DETECT] inference took 0.22s
12:01:51 [DETECT] inference took 0.22s
12:01:52 [DETECT] inference took 0.20s
12:01:53 [DETECT] inference took 0.22s
12:01:54 [DETECT] inference took 0.20s
12:01:55 [DETECT] inference took 0.22s
12:01:56 [DETECT] inference took 0.22s
12:01:57 [DETECT] inference took 0.20s
12:01:58 [DETECT] inference took 0.20s
12:01:59 [DETECT] inference took 0.22s
12:02:00 [DETECT] inference took 0.23s
12:02:01 [DETECT] inference took 0.20s
12:02:02 [DETECT] inference took 0.20s
12:02:03 [DETECT] inference took 0.22s
12:02:04 [DETECT] inference took 0.22s
12:02:05 [DETECT] inference took 0.20s
12:02:06 [DETECT] inference took 0.22s
12:02:07 [DETECT] inference took 0.20s
12:02:08 [DETECT] inference took 0.20s
12:02:09 [DETECT] inference took 0.22s
12:02:10 [DETECT] inference took 0.22s
12:02:11 [DETECT] inference took 0.20s
12:02:12 [DETECT] inference took 0.20s
12:02:13 [DETECT] inference took 0.34s
12:02:14 [DETECT] inference took 0.20s
12:02:15 [DETECT] inference took 0.20s
12:02:16 [DETECT] inference took 0.20s
12:02:17 [DETECT] inference took 0.22s
12:02:18 [DETECT] inference took 0.27s
12:02:19 [DETECT] inference took 0.20s
12:02:20 [DETECT] inference took 0.20s
12:02:21 [DETECT] inference took 0.22s
12:02:22 [DETECT] inference took 0.20s
12:02:23 [DETECT] inference took 0.20s
12:02:24 [DETECT] inference took 0.31s
12:02:25 [DETECT] inference took 0.22s
12:02:26 [DETECT] inference took 0.20s
12:02:27 [DETECT] inference took 0.22s
12:02:28 [DETECT] inference took 0.20s
12:02:29 [DETECT] inference took 0.22s
12:02:30 [DETECT] inference took 0.22s
12:02:31 [DETECT] inference took 0.20s
12:02:32 [DETECT] inference took 0.25s
12:02:33 [DETECT] inference took 0.22s
12:02:34 [DETECT] inference took 0.20s
12:02:35 [DETECT] inference took 0.22s
12:02:36 [DETECT] inference took 0.20s
12:02:37 [DETECT] inference took 0.20s
12:02:38 [DETECT] inference took 0.20s
12:02:39 [DETECT] inference took 0.24s
12:02:40 [DETECT] inference took 0.20s
12:02:41 [DETECT] inference took 0.22s
12:02:42 [DETECT] inference took 0.22s
12:02:43 [DETECT] inference took 0.20s
12:02:44 [DETECT] inference took 0.34s
12:02:45 [DETECT] inference took 0.27s
12:02:46 [DETECT] inference took 0.24s
12:02:47 [DETECT] inference took 0.22s
12:02:48 [DETECT] inference took 0.22s
12:02:49 [DETECT] inference took 0.24s
12:02:50 [DETECT] inference took 0.30s
12:02:51 [DETECT] inference took 0.22s
12:02:52 [DETECT] inference took 0.22s
12:02:53 [DETECT] inference took 0.20s
12:02:54 [DETECT] inference took 0.24s
12:02:55 [DETECT] inference took 0.36s
12:02:56 [DETECT] inference took 0.20s
12:02:57 [DETECT] inference took 0.20s
12:02:58 [DETECT] inference took 0.20s
12:02:59 [DETECT] inference took 0.20s
12:03:00 [DETECT] inference took 0.22s
12:03:01 [DETECT] inference took 0.20s
12:03:02 [DETECT] inference took 0.20s
12:03:03 [DETECT] inference took 0.20s
12:03:04 [DETECT] inference took 0.20s
12:03:05 [DETECT] inference took 0.22s
12:03:06 [DETECT] inference took 0.20s
12:03:07 [DETECT] inference took 0.22s
12:03:08 [DETECT] inference took 0.28s
12:03:09 [DETECT] inference took 0.24s
12:03:10 [DETECT] inference took 0.39s
12:03:11 [DETECT] inference took 0.22s
12:03:12 [DETECT] inference took 0.20s
12:03:13 [DETECT] inference took 0.25s
12:03:14 [DETECT] inference took 0.22s
12:03:15 [DETECT] inference took 0.34s
12:03:16 [DETECT] inference took 0.22s
12:03:17 [DETECT] inference took 0.20s
12:03:18 [DETECT] inference took 0.25s
12:03:19 [DETECT] inference took 0.20s
12:03:20 [DETECT] inference took 0.22s
12:03:21 [DETECT] inference took 0.27s
12:03:22 [DETECT] inference took 0.22s
12:03:23 [DETECT] inference took 0.22s
12:03:24 [DETECT] inference took 0.22s
12:03:25 [DETECT] inference took 0.22s
12:03:26 [DETECT] inference took 0.22s
12:03:27 [DETECT] inference took 0.22s
12:03:28 [DETECT] inference took 0.24s
12:03:30 [DETECT] inference took 1.14s
12:03:32 [DETECT] inference took 1.30s
12:03:32 [DETECT] inference took 0.61s
12:03:33 [DETECT] inference took 0.42s
12:03:34 [DETECT] inference took 0.22s
12:03:35 [DETECT] inference took 0.25s
12:03:36 [DETECT] inference took 0.27s
12:03:37 [DETECT] inference took 0.23s
12:03:38 [DETECT] inference took 0.22s
12:03:39 [DETECT] inference took 0.23s
12:03:40 [DETECT] inference took 0.94s
12:03:41 [DETECT] inference took 0.42s
12:03:42 [DETECT] inference took 0.41s
12:03:43 [DETECT] inference took 0.23s
12:03:44 [DETECT] inference took 0.23s
12:03:45 [DETECT] inference took 0.23s
12:03:46 [DETECT] inference took 0.23s
12:03:47 [DETECT] inference took 0.23s
12:03:48 [DETECT] inference took 0.33s
12:03:49 [DETECT] inference took 0.28s
12:03:50 [DETECT] inference took 0.61s
12:03:51 [DETECT] inference took 0.23s
12:03:52 [DETECT] inference took 0.23s
12:03:53 [DETECT] inference took 0.23s
12:03:54 [DETECT] inference took 0.23s
12:03:55 [DETECT] inference took 0.23s
12:03:56 [DETECT] inference took 0.28s
12:03:57 [DETECT] inference took 0.23s
12:03:58 [DETECT] inference took 0.22s
12:03:59 [DETECT] inference took 0.23s
12:04:00 [DETECT] inference took 0.22s
12:04:01 [DETECT] inference took 0.23s
12:04:02 [DETECT] inference took 0.22s
12:04:03 [DETECT] inference took 0.25s
12:04:04 [DETECT] inference took 0.23s
12:04:05 [DETECT] inference took 0.23s
12:04:06 [DETECT] inference took 0.22s
12:04:07 [DETECT] inference took 0.22s
12:04:08 [DETECT] inference took 0.38s
12:04:09 [DETECT] inference took 0.22s
12:04:10 [DETECT] inference took 0.22s
12:04:11 [DETECT] inference took 0.23s
12:04:12 [DETECT] inference took 0.22s
12:04:13 [DETECT] inference took 0.39s
12:04:14 [DETECT] inference took 0.28s
12:04:15 [DETECT] inference took 0.23s
12:04:16 [DETECT] inference took 0.23s
12:04:17 [DETECT] inference took 0.38s
12:04:18 [DETECT] inference took 0.25s
12:04:19 [DETECT] inference took 0.25s
12:04:20 [DETECT] inference took 0.24s
12:04:21 [DETECT] inference took 0.27s
12:04:22 [DETECT] inference took 0.24s
12:04:23 [DETECT] inference took 0.25s
12:04:24 [DETECT] inference took 0.33s
12:04:25 [DETECT] inference took 0.28s
12:04:26 [DETECT] inference took 0.30s
12:04:27 [DETECT] inference took 0.24s
12:04:28 [DETECT] inference took 0.24s
12:04:29 [DETECT] inference took 0.25s
12:04:30 [DETECT] inference took 0.22s
12:04:31 [DETECT] inference took 0.24s
12:04:32 [DETECT] inference took 0.24s
12:04:33 [DETECT] inference took 0.24s
12:04:34 [DETECT] inference took 0.28s
12:04:35 [DETECT] inference took 0.25s
12:04:36 [DETECT] inference took 0.27s
12:04:37 [DETECT] inference took 0.25s
12:04:38 [DETECT] inference took 0.47s
12:04:39 [DETECT] inference took 0.23s
12:04:40 [DETECT] inference took 0.22s
12:04:41 [DETECT] inference took 0.23s
12:04:42 [DETECT] inference took 0.23s
12:04:43 [DETECT] inference took 0.23s
12:04:44 [DETECT] inference took 0.25s
12:04:45 [DETECT] inference took 0.23s
12:04:46 [DETECT] inference took 0.23s
12:04:47 [DETECT] inference took 0.25s
12:04:48 [DETECT] inference took 0.25s
12:04:49 [DETECT] inference took 0.25s
12:04:50 [DETECT] inference took 0.23s
12:04:51 [DETECT] inference took 0.22s
12:04:52 [DETECT] inference took 0.23s
12:04:53 [DETECT] inference took 0.25s
12:04:54 [DETECT] inference took 0.25s
12:04:55 [DETECT] inference took 0.23s
12:04:56 [DETECT] inference took 0.23s
12:04:57 [DETECT] inference took 0.22s
12:04:58 [DETECT] inference took 0.23s
12:04:59 [DETECT] inference took 0.38s
12:05:00 [DETECT] inference took 0.22s
12:05:01 [DETECT] inference took 0.25s
12:05:02 [DETECT] inference took 0.23s
12:05:03 [DETECT] inference took 0.23s
12:05:04 [DETECT] inference took 0.31s
12:05:05 [DETECT] inference took 0.23s
12:05:06 [DETECT] inference took 0.23s
12:05:07 [DETECT] inference took 0.25s
12:05:08 [DETECT] inference took 0.23s
12:05:10 [DETECT] inference took 1.66s
12:05:11 [DETECT] inference took 0.31s
12:05:11 [DETECT] inference took 0.22s
12:05:12 [DETECT] inference took 0.22s
12:05:13 [DETECT] inference took 0.23s
12:05:14 [DETECT] inference took 0.23s
12:05:15 [DETECT] inference took 0.22s
12:05:16 [DETECT] inference took 0.23s
12:05:17 [DETECT] inference took 0.23s
12:05:19 [DETECT] inference took 0.28s
12:05:19 [DETECT] inference took 0.22s
12:05:20 [DETECT] inference took 0.23s
12:05:21 [DETECT] inference took 0.22s
12:05:22 [DETECT] inference took 0.22s
12:05:23 [DETECT] inference took 0.23s
12:05:24 [DETECT] inference took 0.22s
12:05:26 [DETECT] inference took 0.36s
12:05:27 [DETECT] inference took 0.33s
12:05:27 [DETECT] inference took 0.22s
12:05:28 [DETECT] inference took 0.23s
12:05:29 [DETECT] inference took 0.23s
12:05:30 [DETECT] inference took 0.22s
12:05:31 [DETECT] inference took 0.25s
12:05:32 [DETECT] inference took 0.22s
12:05:33 [DETECT] inference took 0.23s
12:05:34 [DETECT] inference took 0.22s
12:05:35 [DETECT] inference took 0.22s
12:05:36 [DETECT] inference took 0.22s
12:05:37 [DETECT] inference took 0.22s
12:05:38 [DETECT] inference took 0.23s
12:05:39 [DETECT] inference took 0.22s
12:05:40 [DETECT] inference took 0.22s
12:05:41 [DETECT] inference took 0.23s
12:05:42 [DETECT] inference took 0.22s
12:05:43 [DETECT] inference took 0.23s
12:05:44 [DETECT] inference took 0.22s
12:05:45 [DETECT] inference took 0.22s
12:05:46 [DETECT] inference took 0.23s
12:05:47 [DETECT] inference took 0.22s
12:05:48 [DETECT] inference took 0.23s
12:05:49 [DETECT] inference took 0.22s
12:05:50 [DETECT] inference took 0.23s
12:05:52 [DETECT] inference took 0.31s
12:05:52 [DETECT] inference took 0.22s
12:05:53 [DETECT] inference took 0.23s
12:05:54 [DETECT] inference took 0.22s
12:05:55 [DETECT] inference took 0.23s
12:05:57 [DETECT] inference took 0.36s
12:05:57 [DETECT] inference took 0.22s
12:05:58 [DETECT] inference took 0.23s
12:05:59 [DETECT] inference took 0.22s
12:06:00 [DETECT] inference took 0.22s
12:06:01 [DETECT] inference took 0.22s
12:06:02 [DETECT] inference took 0.22s
12:06:04 [DETECT] inference took 0.27s
12:06:05 [DETECT] inference took 0.27s
12:06:06 [DETECT] inference took 0.27s
12:06:07 [DETECT] inference took 0.28s
12:06:08 [DETECT] inference took 0.31s
12:06:09 [DETECT] inference took 0.30s
12:06:09 [DETECT] inference took 0.22s
12:06:10 [DETECT] inference took 0.22s
12:06:11 [DETECT] inference took 0.22s
12:06:13 [DETECT] inference took 0.28s
12:06:14 [DETECT] inference took 0.30s
12:06:15 [DETECT] inference took 0.28s
12:06:16 [DETECT] inference took 0.30s
12:06:17 [DETECT] inference took 0.30s
12:06:18 [DETECT] inference took 0.31s
12:06:19 [DETECT] inference took 0.28s
12:06:20 [DETECT] inference took 0.28s
12:06:21 [DETECT] inference took 0.27s
12:06:22 [DETECT] inference took 0.28s
12:06:23 [DETECT] inference took 0.41s
12:06:24 [DETECT] inference took 0.30s
12:06:25 [DETECT] inference took 0.28s
12:06:26 [DETECT] inference took 0.27s
12:06:27 [DETECT] inference took 0.28s
12:06:28 [DETECT] inference took 0.27s
12:06:29 [DETECT] inference took 0.30s
12:06:30 [DETECT] inference took 0.27s
12:06:31 [DETECT] inference took 0.25s
12:06:31 [DETECT] inference took 0.23s
12:06:32 [DETECT] inference took 0.22s
12:06:34 [DETECT] inference took 0.27s
12:06:34 [DETECT] inference took 0.22s
12:06:36 [DETECT] inference took 0.27s
12:06:36 [DETECT] inference took 0.23s
12:06:38 [DETECT] inference took 0.22s
12:06:39 [DETECT] inference took 0.23s
12:06:40 [DETECT] inference took 0.26s
12:06:41 [DETECT] inference took 0.22s
12:06:42 [DETECT] inference took 0.23s
12:06:43 [DETECT] inference took 0.28s
12:06:44 [DETECT] inference took 0.25s
12:06:45 [DETECT] inference took 0.24s
12:06:46 [DETECT] inference took 0.24s
12:06:47 [DETECT] inference took 0.22s
12:06:48 [DETECT] inference took 0.22s
12:06:49 [DETECT] inference took 0.41s
12:06:50 [DETECT] inference took 0.23s
12:06:51 [DETECT] inference took 0.22s
12:06:52 [DETECT] inference took 0.22s
12:06:53 [DETECT] inference took 0.23s
12:06:54 [DETECT] inference took 0.36s
12:06:55 [DETECT] inference took 0.23s
12:06:56 [DETECT] inference took 0.22s
12:06:57 [DETECT] inference took 0.23s
12:06:58 [DETECT] inference took 0.22s
12:06:59 [DETECT] inference took 0.22s
12:07:00 [DETECT] inference took 0.25s
12:07:01 [DETECT] inference took 0.23s
12:07:02 [DETECT] inference took 0.22s
12:07:03 [DETECT] inference took 0.22s
12:07:04 [DETECT] inference took 0.23s
12:07:05 [DETECT] inference took 0.23s
12:07:06 [DETECT] inference took 0.22s
12:07:07 [DETECT] inference took 0.23s
12:07:08 [DETECT] inference took 0.22s
12:07:09 [DETECT] inference took 0.22s
12:07:10 [DETECT] inference took 0.22s
12:07:11 [DETECT] inference took 0.22s
12:07:12 [DETECT] inference took 0.23s
12:07:13 [DETECT] inference took 0.22s
12:07:14 [DETECT] inference took 0.23s
12:07:15 [DETECT] inference took 0.30s
12:07:16 [DETECT] inference took 0.22s
12:07:17 [DETECT] inference took 0.22s
12:07:18 [DETECT] inference took 0.22s
12:07:19 [DETECT] inference took 0.23s
12:07:20 [DETECT] inference took 0.38s
12:07:21 [DETECT] inference took 0.23s
12:07:22 [DETECT] inference took 0.22s
12:07:23 [DETECT] inference took 0.23s
12:07:24 [DETECT] inference took 0.25s
12:07:25 [DETECT] inference took 0.22s
12:07:26 [DETECT] inference took 0.23s
12:07:27 [DETECT] inference took 0.22s
12:07:28 [DETECT] inference took 0.20s
12:07:29 [DETECT] inference took 0.23s
12:07:30 [DETECT] inference took 0.22s
12:07:31 [DETECT] inference took 0.22s
12:07:32 [DETECT] inference took 0.22s
12:07:33 [DETECT] inference took 0.20s
12:07:34 [DETECT] inference took 0.22s
12:07:35 [DETECT] inference took 0.20s
12:07:36 [DETECT] inference took 0.22s
12:07:37 [DETECT] inference took 0.22s
12:07:38 [DETECT] inference took 0.20s
12:07:39 [DETECT] inference took 0.28s
12:07:40 [DETECT] inference took 0.20s
12:07:41 [DETECT] inference took 0.22s
12:07:42 [DETECT] inference took 0.20s
12:07:43 [DETECT] inference took 0.22s
12:07:44 [DETECT] inference took 0.22s
12:07:45 [DETECT] inference took 0.22s
12:07:46 [DETECT] inference took 0.34s
12:07:47 [DETECT] inference took 0.22s
12:07:48 [DETECT] inference took 0.20s
12:07:49 [DETECT] inference took 0.23s
12:07:50 [DETECT] inference took 0.22s
12:07:51 [DETECT] inference took 0.33s
12:07:52 [DETECT] inference took 0.22s
12:07:53 [DETECT] inference took 0.20s
12:07:54 [DETECT] inference took 0.23s
12:07:55 [DETECT] inference took 0.20s
12:07:56 [DETECT] inference took 0.22s
12:07:57 [DETECT] inference took 0.22s
12:07:58 [DETECT] inference took 0.20s
12:07:59 [DETECT] inference took 0.22s
12:08:00 [DETECT] inference took 0.23s
12:08:01 [DETECT] inference took 0.22s
12:08:02 [DETECT] inference took 0.22s
12:08:03 [DETECT] inference took 0.22s
12:08:04 [DETECT] inference took 0.23s
12:08:05 [DETECT] inference took 0.20s
12:08:06 [DETECT] inference took 0.22s
12:08:07 [DETECT] inference took 0.22s
12:08:08 [DETECT] inference took 0.22s
12:08:09 [DETECT] inference took 0.23s
12:08:10 [DETECT] inference took 0.22s
12:08:11 [DETECT] inference took 0.22s
12:08:12 [DETECT] inference took 0.33s
12:08:13 [DETECT] inference took 0.23s
12:08:14 [DETECT] inference took 0.22s
12:08:15 [DETECT] inference took 0.22s
12:08:16 [DETECT] inference took 0.20s
12:08:17 [DETECT] inference took 0.36s
12:08:18 [DETECT] inference took 0.22s
12:08:19 [DETECT] inference took 0.23s
12:08:20 [DETECT] inference took 0.22s
12:08:21 [DETECT] inference took 0.22s
12:08:22 [DETECT] inference took 0.20s
12:08:23 [DETECT] inference took 0.22s
12:08:24 [DETECT] inference took 0.22s
12:08:25 [DETECT] inference took 0.20s
12:08:26 [DETECT] inference took 0.22s
12:08:27 [DETECT] inference took 0.20s
12:08:28 [DETECT] inference took 0.22s
12:08:29 [DETECT] inference took 0.30s
12:08:30 [DETECT] inference took 0.30s
12:08:31 [DETECT] inference took 0.30s
12:08:32 [DETECT] inference took 0.34s
12:08:33 [DETECT] inference took 0.31s
12:08:34 [DETECT] inference took 0.48s
12:08:35 [DETECT] inference took 0.34s
12:08:36 [DETECT] inference took 0.28s
12:08:37 [DETECT] inference took 0.22s
12:08:38 [DETECT] inference took 0.23s
12:08:39 [DETECT] inference took 0.22s
12:08:40 [DETECT] inference took 0.20s
12:08:41 [DETECT] inference took 0.22s
12:08:42 [DETECT] inference took 0.20s
12:08:43 [DETECT] inference took 0.36s
12:08:44 [DETECT] inference took 0.23s
12:08:45 [DETECT] inference took 0.20s
12:08:46 [DETECT] inference took 0.22s
12:08:47 [DETECT] inference took 0.20s
12:08:48 [DETECT] inference took 0.23s
12:08:49 [DETECT] inference took 0.22s
12:08:50 [DETECT] inference took 0.22s
12:08:51 [DETECT] inference took 0.20s
12:08:52 [DETECT] inference took 0.22s
12:08:53 [DETECT] inference took 0.23s
12:08:54 [DETECT] inference took 0.22s
12:08:55 [DETECT] inference took 0.22s
12:08:56 [DETECT] inference took 0.20s
12:08:57 [DETECT] inference took 0.22s
12:08:58 [DETECT] inference took 0.20s
12:08:59 [DETECT] inference took 0.22s
12:09:00 [DETECT] inference took 0.22s
12:09:01 [DETECT] inference took 0.22s
12:09:02 [DETECT] inference took 0.22s
12:09:03 [DETECT] inference took 0.22s
12:09:04 [DETECT] inference took 0.23s
12:09:05 [DETECT] inference took 0.20s
12:09:06 [DETECT] inference took 0.22s
12:09:07 [DETECT] inference took 0.23s
12:09:08 [DETECT] inference took 0.22s
12:09:09 [DETECT] inference took 0.38s
12:09:10 [DETECT] inference took 0.38s
12:09:11 [DETECT] inference took 0.23s
12:09:12 [DETECT] inference took 0.20s
12:09:13 [DETECT] inference took 0.23s
12:09:14 [DETECT] inference took 0.33s
12:09:15 [DETECT] inference took 0.20s
12:09:16 [DETECT] inference took 0.22s
12:09:17 [DETECT] inference took 0.22s
12:09:18 [DETECT] inference took 0.22s
12:09:19 [DETECT] inference took 0.23s
12:09:20 [DETECT] inference took 0.22s
12:09:21 [DETECT] inference took 0.20s
12:09:22 [DETECT] inference took 0.22s
12:09:23 [DETECT] inference took 0.22s
12:09:24 [DETECT] inference took 0.48s
12:09:25 [DETECT] inference took 0.23s
12:09:26 [DETECT] inference took 0.20s
12:09:27 [DETECT] inference took 0.20s
12:09:28 [DETECT] inference took 0.22s
12:09:29 [DETECT] inference took 0.20s
12:09:30 [DETECT] inference took 0.22s
12:09:31 [DETECT] inference took 0.33s
12:09:32 [DETECT] inference took 0.31s
12:09:33 [DETECT] inference took 0.23s
12:09:34 [DETECT] inference took 0.22s
12:09:34 [DETECT] inference took 0.30s
12:09:35 [DETECT] inference took 0.30s
12:09:36 [DETECT] inference took 0.24s
12:09:37 [DETECT] inference took 0.27s
12:09:38 [DETECT] inference took 0.31s
12:09:39 [DETECT] inference took 0.30s
12:09:40 [DETECT] inference took 0.48s
12:09:41 [DETECT] inference took 0.31s
12:09:42 [DETECT] inference took 0.28s
12:09:43 [DETECT] inference took 0.27s
12:09:44 [DETECT] inference took 0.30s
12:09:45 [DETECT] inference took 0.27s
12:09:46 [DETECT] inference took 0.30s
12:09:47 [DETECT] inference took 0.31s
12:09:48 [DETECT] inference took 0.33s
12:09:49 [DETECT] inference took 0.30s
12:09:50 [DETECT] inference took 0.41s
12:09:52 [DETECT] inference took 1.38s
12:09:53 [DETECT] inference took 0.84s
12:09:53 [DETECT] inference took 0.55s
12:09:54 [DETECT] inference took 0.48s
12:09:55 [DETECT] inference took 0.22s
12:09:56 [DETECT] inference took 0.22s
12:09:57 [DETECT] inference took 0.23s
12:09:58 [DETECT] inference took 0.22s
12:09:59 [DETECT] inference took 0.22s
12:10:00 [DETECT] inference took 0.20s
12:10:01 [DETECT] inference took 0.20s
12:10:02 [DETECT] inference took 0.22s
12:10:03 [DETECT] inference took 0.20s
12:10:04 [DETECT] inference took 0.25s
12:10:05 [DETECT] inference took 0.22s
12:10:06 [DETECT] inference took 0.42s
12:10:07 [DETECT] inference took 0.28s
12:10:08 [DETECT] inference took 0.22s
12:10:09 [DETECT] inference took 0.20s
12:10:10 [DETECT] inference took 0.20s
12:10:11 [DETECT] inference took 0.31s
12:10:12 [DETECT] inference took 0.20s
12:10:13 [DETECT] inference took 0.22s
12:10:14 [DETECT] inference took 0.20s
12:10:15 [DETECT] inference took 0.28s
12:10:16 [DETECT] inference took 0.58s
12:10:17 [DETECT] inference took 0.33s
12:10:18 [DETECT] inference took 0.58s
12:10:19 [DETECT] inference took 0.27s
12:10:19 [DETECT] inference took 0.33s
12:10:20 [DETECT] inference took 0.30s
12:10:21 [DETECT] inference took 0.33s
12:10:22 [DETECT] inference took 0.30s
12:10:22 [DETECT] inference took 0.33s
12:10:23 [DETECT] inference took 0.31s
12:10:24 [DETECT] inference took 0.28s
12:10:25 [DETECT] inference took 0.28s
12:10:26 [DETECT] inference took 0.30s
12:10:27 [DETECT] inference took 0.30s
12:10:28 [DETECT] inference took 0.28s
12:10:28 [DETECT] inference took 0.34s
12:10:29 [DETECT] inference took 0.31s
12:10:30 [DETECT] inference took 0.31s
12:10:30 [DETECT] inference took 0.28s
12:10:31 [DETECT] inference took 0.31s
12:10:32 [DETECT] inference took 0.41s
12:10:33 [DETECT] inference took 0.34s
12:10:33 [DETECT] inference took 0.31s
12:10:33 [DETECT] inference took 0.33s
12:10:34 [DETECT] inference took 0.27s
12:10:35 [DETECT] inference took 0.36s
12:10:36 [DETECT] inference took 0.61s
12:10:37 [DETECT] inference took 0.48s
12:10:38 [DETECT] inference took 0.30s
12:10:40 [DETECT] inference took 0.75s
12:10:40 [DETECT] inference took 0.22s
12:10:41 [DETECT] inference took 0.22s
12:10:42 [DETECT] inference took 0.23s
12:10:43 [DETECT] inference took 0.28s
12:10:44 [DETECT] inference took 0.30s
12:10:45 [DETECT] inference took 0.28s
12:10:46 [DETECT] inference took 0.30s
12:10:47 [DETECT] inference took 0.30s
12:10:48 [DETECT] inference took 0.27s
12:10:49 [DETECT] inference took 0.33s
12:10:50 [DETECT] inference took 0.28s
12:10:51 [DETECT] inference took 0.28s
12:10:52 [DETECT] inference took 0.30s
12:10:53 [DETECT] inference took 0.28s
12:10:54 [DETECT] inference took 0.33s
12:10:55 [DETECT] inference took 0.50s
12:10:56 [DETECT] inference took 0.27s
12:10:57 [DETECT] inference took 0.33s
12:10:59 [DETECT] inference took 0.58s
12:10:59 [DETECT] inference took 0.22s
12:11:00 [DETECT] inference took 0.20s
12:11:01 [DETECT] inference took 0.22s
12:11:02 [DETECT] inference took 0.22s
12:11:03 [DETECT] inference took 0.38s
12:11:04 [DETECT] inference took 0.24s
12:11:05 [DETECT] inference took 0.25s
12:11:06 [DETECT] inference took 0.22s
12:11:07 [DETECT] inference took 0.22s
12:11:08 [DETECT] inference took 0.22s
12:11:09 [DETECT] inference took 0.24s
12:11:10 [DETECT] inference took 0.24s
12:11:11 [DETECT] inference took 0.24s
12:11:12 [DETECT] inference took 0.22s
12:11:13 [DETECT] inference took 0.22s
12:11:14 [DETECT] inference took 0.22s
12:11:15 [DETECT] inference took 0.22s
12:11:16 [DETECT] inference took 0.23s
12:11:17 [DETECT] inference took 0.31s
12:11:18 [DETECT] inference took 0.31s
12:11:19 [DETECT] inference took 0.33s
12:11:20 [DETECT] inference took 0.53s
12:11:21 [DETECT] inference took 0.33s
12:11:21 [DETECT] inference took 0.28s
12:11:22 [DETECT] inference took 0.25s
12:11:23 [DETECT] inference took 0.22s
12:11:24 [DETECT] inference took 0.20s
12:11:25 [DETECT] inference took 0.20s
12:11:26 [DETECT] inference took 0.22s
12:11:27 [DETECT] inference took 0.20s
12:11:28 [DETECT] inference took 0.20s
12:11:29 [DETECT] inference took 0.20s
12:11:30 [DETECT] inference took 0.22s
12:11:31 [DETECT] inference took 0.22s
12:11:32 [DETECT] inference took 0.25s
12:11:33 [DETECT] inference took 0.22s
12:11:34 [DETECT] inference took 0.22s
12:11:35 [DETECT] inference took 0.34s
12:11:36 [DETECT] inference took 0.22s
12:11:37 [DETECT] inference took 0.20s
12:11:38 [DETECT] inference took 0.22s
12:11:39 [DETECT] inference took 0.20s
12:11:40 [DETECT] inference took 0.30s
12:11:41 [DETECT] inference took 0.22s
12:11:42 [DETECT] inference took 0.20s
12:11:43 [DETECT] inference took 0.20s
12:11:44 [DETECT] inference took 0.20s
12:11:45 [DETECT] inference took 0.22s
12:11:46 [DETECT] inference took 0.22s
12:11:47 [DETECT] inference took 0.20s
12:11:48 [DETECT] inference took 0.25s
12:11:49 [DETECT] inference took 0.22s
12:11:50 [DETECT] inference took 0.22s
12:11:51 [DETECT] inference took 0.20s
12:11:52 [DETECT] inference took 0.22s
12:11:53 [DETECT] inference took 0.20s
12:11:54 [DETECT] inference took 0.22s
12:11:55 [DETECT] inference took 0.22s
12:11:56 [DETECT] inference took 0.22s
12:11:57 [DETECT] inference took 0.20s
12:11:58 [DETECT] inference took 0.22s
12:11:59 [DETECT] inference took 0.23s
12:12:00 [DETECT] inference took 0.22s
12:12:01 [DETECT] inference took 0.28s
12:12:02 [DETECT] inference took 0.30s
12:12:02 [DETECT] inference took 0.23s
12:12:03 [DETECT] inference took 0.22s
12:12:04 [DETECT] inference took 0.22s
12:12:05 [DETECT] inference took 0.20s
12:12:07 [DETECT] inference took 0.61s
12:12:08 [VIDEO] cap.read() failed, reconnecting...
12:12:08 [DETECT] inference took 0.30s
12:12:09 [DETECT] inference took 0.20s
12:12:10 [VIDEO] opening capture: 'rtsp://administrator:123456@169.254.50.189/rtsp/defaultPrimary?streamType=u'
12:12:15 [VIDEO] capture opened successfully
12:12:15 [DETECT] inference took 0.22s
12:12:16 [DETECT] inference took 0.22s
12:12:17 [DETECT] inference took 0.20s
12:12:18 [DETECT] inference took 0.22s
12:12:19 [DETECT] inference took 0.22s
12:12:20 [DETECT] inference took 0.22s
12:12:21 [DETECT] inference took 0.20s
12:12:22 [DETECT] inference took 0.20s
12:12:23 [DETECT] inference took 0.20s
12:12:24 [DETECT] inference took 0.22s
12:12:25 [DETECT] inference took 0.20s
12:12:26 [DETECT] inference took 0.22s
12:12:28 [DETECT] inference took 0.26s
12:12:28 [DETECT] inference took 0.20s
12:12:29 [DETECT] inference took 0.20s
12:12:30 [DETECT] inference took 0.20s
12:12:31 [DETECT] inference took 0.20s
12:12:33 [DETECT] inference took 0.34s
12:12:33 [DETECT] inference took 0.20s
12:12:34 [DETECT] inference took 0.20s
12:12:35 [DETECT] inference took 0.22s
12:12:36 [DETECT] inference took 0.20s
12:12:38 [DETECT] inference took 0.25s
12:12:38 [DETECT] inference took 0.20s
12:12:40 [DETECT] inference took 0.22s
12:12:41 [DETECT] inference took 0.22s
12:12:42 [DETECT] inference took 0.24s
12:12:43 [DETECT] inference took 0.22s
12:12:44 [DETECT] inference took 0.22s
12:12:45 [DETECT] inference took 0.22s
12:12:45 [DETECT] inference took 0.20s
12:12:47 [DETECT] inference took 0.20s
12:12:48 [DETECT] inference took 0.22s
12:12:49 [DETECT] inference took 0.22s
12:12:50 [DETECT] inference took 0.25s
12:12:51 [DETECT] inference took 0.20s
12:12:52 [DETECT] inference took 0.20s
12:12:53 [DETECT] inference took 0.20s
12:12:54 [DETECT] inference took 0.30s
12:12:55 [DETECT] inference took 0.22s
12:12:56 [DETECT] inference took 0.22s
12:12:57 [DETECT] inference took 0.20s
12:12:58 [DETECT] inference took 0.39s
12:12:59 [DETECT] inference took 0.36s
12:13:00 [DETECT] inference took 0.20s
12:13:01 [DETECT] inference took 0.20s
12:13:02 [DETECT] inference took 0.22s
12:13:03 [DETECT] inference took 0.34s
12:13:04 [DETECT] inference took 0.25s
12:13:05 [DETECT] inference took 0.20s
12:13:06 [DETECT] inference took 0.31s
12:13:07 [DETECT] inference took 0.33s
12:13:08 [DETECT] inference took 0.20s
12:13:09 [DETECT] inference took 0.25s
12:13:10 [DETECT] inference took 0.22s
12:13:11 [DETECT] inference took 0.20s
12:13:12 [DETECT] inference took 0.20s
12:13:13 [DETECT] inference took 0.22s
12:13:14 [DETECT] inference took 0.22s
12:13:15 [DETECT] inference took 0.39s
12:13:16 [DETECT] inference took 0.22s
12:13:17 [DETECT] inference took 0.22s
12:13:18 [DETECT] inference took 0.20s
12:13:19 [DETECT] inference took 0.20s
12:13:20 [DETECT] inference took 0.20s
12:13:21 [DETECT] inference took 0.22s
12:13:22 [DETECT] inference took 0.62s
12:13:23 [DETECT] inference took 0.44s
12:13:24 [DETECT] inference took 0.20s
12:13:25 [DETECT] inference took 0.22s
12:13:26 [DETECT] inference took 0.20s
12:13:27 [DETECT] inference took 0.22s
12:13:28 [DETECT] inference took 0.20s
12:13:29 [DETECT] inference took 0.20s
12:13:30 [DETECT] inference took 0.28s
12:13:31 [DETECT] inference took 0.22s
12:13:32 [DETECT] inference took 0.20s
12:13:33 [DETECT] inference took 0.20s
12:13:34 [DETECT] inference took 0.31s
12:13:35 [DETECT] inference took 0.38s
12:13:35 [DETECT] inference took 0.25s
12:13:36 [DETECT] inference took 0.20s
12:13:37 [DETECT] inference took 0.22s
12:13:37 [DETECT] inference took 0.26s
12:13:38 [DETECT] inference took 0.22s
12:13:39 [DETECT] inference took 0.22s
12:13:40 [DETECT] inference took 0.20s
12:13:41 [DETECT] inference took 0.22s
12:13:42 [DETECT] inference took 0.20s
12:13:43 [DETECT] inference took 0.22s
12:13:44 [DETECT] inference took 0.22s
12:13:45 [DETECT] inference took 0.22s
12:13:46 [DETECT] inference took 0.22s
12:13:47 [DETECT] inference took 0.30s
12:13:48 [DETECT] inference took 0.33s
12:13:49 [DETECT] inference took 0.28s
12:13:50 [DETECT] inference took 0.28s
12:13:51 [DETECT] inference took 0.28s
12:13:52 [DETECT] inference took 0.28s
12:13:53 [DETECT] inference took 0.30s
12:13:54 [DETECT] inference took 0.31s
12:13:55 [DETECT] inference took 0.30s
12:13:56 [DETECT] inference took 0.28s
12:13:57 [DETECT] inference took 0.30s
12:13:58 [DETECT] inference took 0.31s
12:13:59 [DETECT] inference took 0.30s
12:14:00 [DETECT] inference took 0.30s
12:14:01 [DETECT] inference took 0.30s
12:14:02 [DETECT] inference took 0.30s
12:14:03 [DETECT] inference took 0.30s
12:14:04 [DETECT] inference took 0.30s
12:14:04 [DETECT] inference took 0.34s
12:14:04 [DETECT] rejected drone candidate (confidence=0.27) -- overlaps a confidently-classified non-drone object
12:14:05 [DETECT] inference took 0.31s
12:14:05 [DETECT] inference took 0.36s
12:14:05 [DETECT] rejected drone candidate (confidence=0.51) -- overlaps a confidently-classified non-drone object
12:14:06 [DETECT] inference took 0.34s
12:14:07 [DETECT] inference took 0.30s
12:14:08 [DETECT] inference took 0.34s
12:14:09 [DETECT] inference took 0.30s
12:14:10 [DETECT] inference took 0.28s
12:14:11 [DETECT] inference took 0.36s
12:14:12 [DETECT] inference took 0.28s
12:14:13 [DETECT] inference took 0.31s
12:14:14 [DETECT] inference took 0.31s
12:14:15 [DETECT] inference took 0.28s
12:14:16 [DETECT] inference took 0.36s
12:14:17 [DETECT] inference took 0.28s
12:14:18 [DETECT] inference took 0.22s
12:14:19 [DETECT] inference took 0.22s
12:14:20 [DETECT] inference took 0.23s
12:14:21 [DETECT] inference took 0.22s
12:14:22 [DETECT] inference took 0.22s
12:14:23 [DETECT] inference took 0.22s
12:14:24 [DETECT] inference took 0.20s
12:14:25 [DETECT] inference took 0.22s
12:14:26 [DETECT] inference took 0.28s
12:14:27 [DETECT] inference took 0.30s
12:14:28 [DETECT] inference took 0.38s
12:14:29 [DETECT] inference took 0.30s
12:14:30 [DETECT] inference took 0.33s
12:14:31 [DETECT] inference took 0.22s
12:14:32 [DETECT] inference took 0.30s
12:14:33 [DETECT] inference took 0.28s
12:14:34 [DETECT] inference took 0.28s
12:14:35 [DETECT] inference took 0.30s
12:14:36 [DETECT] inference took 0.28s
12:14:37 [DETECT] inference took 0.20s
12:14:38 [DETECT] inference took 0.22s
12:14:39 [DETECT] inference took 0.20s
12:14:40 [DETECT] inference took 0.22s
12:14:41 [DETECT] inference took 0.20s
12:14:42 [DETECT] inference took 0.20s
12:14:43 [DETECT] inference took 0.22s
12:14:44 [DETECT] inference took 0.20s
12:14:45 [DETECT] inference took 0.22s
12:14:46 [DETECT] inference took 0.20s
12:14:47 [DETECT] inference took 0.22s
12:14:48 [DETECT] inference took 0.20s
12:14:49 [DETECT] inference took 0.22s
12:14:50 [DETECT] inference took 0.20s
12:14:51 [DETECT] inference took 0.22s
12:14:52 [DETECT] inference took 0.20s
12:14:53 [DETECT] inference took 0.22s
12:14:54 [DETECT] inference took 0.22s
12:14:55 [DETECT] inference took 0.20s
12:14:56 [DETECT] inference took 0.20s
12:14:57 [DETECT] inference took 0.22s
12:14:58 [DETECT] inference took 0.22s
12:14:59 [DETECT] inference took 0.20s
12:15:00 [DETECT] inference took 0.20s
12:15:01 [DETECT] inference took 0.22s
12:15:02 [DETECT] inference took 0.20s
12:15:03 [DETECT] inference took 0.22s
12:15:04 [DETECT] inference took 0.20s
12:15:05 [DETECT] inference took 0.22s
12:15:06 [DETECT] inference took 0.20s
12:15:07 [DETECT] inference took 0.20s
12:15:08 [DETECT] inference took 0.22s
12:15:09 [DETECT] inference took 0.20s
12:15:10 [DETECT] inference took 0.20s
12:15:11 [DETECT] inference took 0.22s
12:15:12 [DETECT] inference took 0.20s
12:15:13 [DETECT] inference took 0.20s
12:15:14 [DETECT] inference took 0.20s
12:15:15 [DETECT] inference took 0.22s
12:15:16 [DETECT] inference took 0.20s
12:15:17 [DETECT] inference took 0.20s
12:15:18 [DETECT] inference took 0.22s
12:15:19 [DETECT] inference took 0.22s
12:15:20 [DETECT] inference took 0.20s
12:15:21 [DETECT] inference took 0.20s
12:15:22 [DETECT] inference took 0.22s
12:15:23 [DETECT] inference took 0.20s
12:15:24 [DETECT] inference took 0.20s
12:15:25 [DETECT] inference took 0.22s
12:15:26 [DETECT] inference took 0.20s
12:15:27 [DETECT] inference took 0.20s
12:15:28 [DETECT] inference took 0.22s
12:15:29 [DETECT] inference took 0.20s
12:15:30 [DETECT] inference took 0.20s
12:15:31 [DETECT] inference took 0.20s
12:15:32 [DETECT] inference took 0.22s
12:15:33 [DETECT] inference took 0.22s
12:15:34 [DETECT] inference took 0.20s
12:15:35 [DETECT] inference took 0.20s
12:15:36 [DETECT] inference took 0.20s
12:15:37 [DETECT] inference took 0.22s
12:15:38 [DETECT] inference took 0.20s
12:15:39 [DETECT] inference took 0.22s
12:15:40 [DETECT] inference took 0.20s
12:15:41 [DETECT] inference took 0.20s
12:15:42 [DETECT] inference took 0.20s
12:15:43 [DETECT] inference took 0.20s
12:15:44 [DETECT] inference took 0.22s
12:15:45 [DETECT] inference took 0.20s
12:15:46 [DETECT] inference took 0.20s
12:15:47 [DETECT] inference took 0.22s
12:15:48 [DETECT] inference took 0.22s
12:15:49 [DETECT] inference took 0.22s
12:15:50 [DETECT] inference took 0.20s
12:15:51 [DETECT] inference took 0.22s
12:15:52 [DETECT] inference took 0.22s
12:15:53 [DETECT] inference took 0.22s
12:15:54 [DETECT] inference took 0.20s
12:15:55 [DETECT] inference took 0.30s
12:15:56 [DETECT] inference took 0.30s
12:15:57 [DETECT] inference took 0.30s
12:15:58 [DETECT] inference took 0.30s
12:15:59 [DETECT] inference took 0.28s
12:16:00 [DETECT] inference took 0.20s
12:16:01 [DETECT] inference took 0.20s
12:16:02 [DETECT] inference took 0.20s
12:16:03 [DETECT] inference took 0.22s
12:16:04 [DETECT] inference took 0.20s
12:16:05 [DETECT] inference took 0.20s
12:16:06 [DETECT] inference took 0.22s
12:16:07 [DETECT] inference took 0.22s
12:16:08 [DETECT] inference took 0.20s
12:16:09 [DETECT] inference took 0.20s
12:16:10 [DETECT] inference took 0.22s
12:16:11 [DETECT] inference took 0.20s
12:16:12 [DETECT] inference took 0.20s
12:16:13 [DETECT] inference took 0.22s
12:16:14 [DETECT] inference took 0.20s
12:16:15 [DETECT] inference took 0.22s
12:16:16 [DETECT] inference took 0.22s
12:16:17 [DETECT] inference took 0.20s
12:16:18 [DETECT] inference took 0.20s
12:16:19 [DETECT] inference took 0.22s
12:16:20 [DETECT] inference took 0.20s
12:16:21 [DETECT] inference took 0.22s
12:16:22 [DETECT] inference took 0.22s
12:16:23 [DETECT] inference took 0.20s
12:16:24 [DETECT] inference took 0.22s
12:16:25 [DETECT] inference took 0.20s
12:16:26 [DETECT] inference took 0.20s
12:16:27 [DETECT] inference took 0.22s
12:16:28 [DETECT] inference took 0.22s
12:16:29 [DETECT] inference took 0.20s
12:16:30 [DETECT] inference took 0.20s
12:16:31 [DETECT] inference took 0.22s
12:16:32 [DETECT] inference took 0.20s
12:16:33 [DETECT] inference took 0.20s
12:16:34 [DETECT] inference took 0.22s
12:16:35 [DETECT] inference took 0.22s
12:16:36 [DETECT] inference took 0.20s
12:16:37 [DETECT] inference took 0.22s
12:16:38 [DETECT] inference took 0.22s
12:16:39 [DETECT] inference took 0.20s
12:16:40 [DETECT] inference took 0.20s
12:16:41 [DETECT] inference took 0.22s
12:16:42 [DETECT] inference took 0.20s
12:16:43 [DETECT] inference took 0.20s
12:16:44 [DETECT] inference took 0.20s
12:16:45 [DETECT] inference took 0.22s
12:16:46 [DETECT] inference took 0.20s
12:16:47 [DETECT] inference took 0.20s
12:16:48 [DETECT] inference took 0.22s
12:16:49 [DETECT] inference took 0.22s
12:16:50 [DETECT] inference took 0.22s
12:16:51 [DETECT] inference took 0.20s
12:16:52 [DETECT] inference took 0.22s
12:16:53 [DETECT] inference took 0.22s
12:16:54 [DETECT] inference took 0.20s
12:16:55 [DETECT] inference took 0.20s
12:16:56 [DETECT] inference took 0.22s
12:16:57 [DETECT] inference took 0.20s
12:16:58 [DETECT] inference took 0.20s
12:16:59 [DETECT] inference took 0.20s
12:17:00 [DETECT] inference took 0.22s
12:17:01 [DETECT] inference took 0.20s
12:17:02 [DETECT] inference took 0.20s
12:17:03 [DETECT] inference took 0.20s
12:17:04 [DETECT] inference took 0.22s
12:17:05 [DETECT] inference took 0.20s
12:17:06 [DETECT] inference took 0.20s
12:17:07 [DETECT] inference took 0.22s
12:17:08 [DETECT] inference took 0.20s
12:17:09 [DETECT] inference took 0.20s
12:17:10 [DETECT] inference took 0.22s
12:17:11 [DETECT] inference took 0.22s
12:17:12 [DETECT] inference took 0.20s
12:17:13 [DETECT] inference took 0.22s
12:17:14 [DETECT] inference took 0.20s
12:17:15 [DETECT] inference took 0.20s
12:17:16 [DETECT] inference took 0.20s
12:17:17 [DETECT] inference took 0.22s
12:17:18 [DETECT] inference took 0.20s
12:17:19 [DETECT] inference took 0.20s
12:17:20 [DETECT] inference took 0.22s
12:17:21 [DETECT] inference took 0.22s
12:17:22 [DETECT] inference took 0.20s
12:17:23 [DETECT] inference took 0.20s
12:17:24 [DETECT] inference took 0.22s
12:17:25 [DETECT] inference took 0.20s
12:17:26 [DETECT] inference took 0.20s
12:17:27 [DETECT] inference took 0.22s
12:17:28 [DETECT] inference took 0.20s
12:17:29 [DETECT] inference took 0.22s
12:17:30 [DETECT] inference took 0.22s
12:17:31 [DETECT] inference took 0.20s
12:17:32 [DETECT] inference took 0.22s
12:17:33 [DETECT] inference took 0.20s
12:17:34 [DETECT] inference took 0.22s
12:17:35 [DETECT] inference took 0.20s
12:17:36 [DETECT] inference took 0.22s
12:17:37 [DETECT] inference took 0.22s
12:17:38 [DETECT] inference took 0.20s
12:17:39 [DETECT] inference took 0.20s
12:17:40 [DETECT] inference took 0.28s
12:17:41 [DETECT] inference took 0.27s
12:17:42 [DETECT] inference took 0.28s
12:17:43 [DETECT] inference took 0.28s
12:17:44 [DETECT] inference took 0.30s
12:17:45 [DETECT] inference took 0.22s
12:17:46 [DETECT] inference took 0.22s
12:17:47 [DETECT] inference took 0.20s
12:17:48 [DETECT] inference took 0.23s
12:17:49 [DETECT] inference took 0.22s
12:17:50 [DETECT] inference took 0.22s
12:17:51 [DETECT] inference took 0.20s
12:17:52 [DETECT] inference took 0.22s
12:17:53 [DETECT] inference took 0.22s
12:17:54 [DETECT] inference took 0.20s
12:17:55 [DETECT] inference took 0.22s
12:17:56 [DETECT] inference took 0.22s
12:17:57 [DETECT] inference took 0.20s
12:17:58 [DETECT] inference took 0.22s
12:17:59 [DETECT] inference took 0.20s
12:18:00 [DETECT] inference took 0.20s
12:18:01 [DETECT] inference took 0.22s
12:18:02 [DETECT] inference took 0.22s
12:18:03 [DETECT] inference took 0.20s
12:18:04 [DETECT] inference took 0.23s
12:18:05 [DETECT] inference took 0.23s
12:18:06 [DETECT] inference took 0.22s
12:18:07 [DETECT] inference took 0.20s
12:18:08 [DETECT] inference took 0.22s
12:18:09 [DETECT] inference took 0.22s
12:18:10 [DETECT] inference took 0.20s
12:18:11 [DETECT] inference took 0.20s
12:18:12 [DETECT] inference took 0.22s
12:18:13 [DETECT] inference took 0.20s
12:18:14 [DETECT] inference took 0.20s
12:18:15 [DETECT] inference took 0.22s
12:18:16 [DETECT] inference took 0.20s
12:18:17 [DETECT] inference took 0.20s
12:18:18 [DETECT] inference took 0.22s
12:18:19 [DETECT] inference took 0.22s
12:18:20 [DETECT] inference took 0.20s
12:18:21 [DETECT] inference took 0.22s
12:18:22 [DETECT] inference took 0.20s
12:18:23 [DETECT] inference took 0.20s
12:18:24 [DETECT] inference took 0.20s
12:18:25 [DETECT] inference took 0.22s
12:18:26 [DETECT] inference took 0.22s
12:18:27 [DETECT] inference took 0.20s
12:18:28 [DETECT] inference took 0.20s
12:18:29 [DETECT] inference took 0.22s
12:18:30 [DETECT] inference took 0.20s
12:18:31 [DETECT] inference took 0.22s
12:18:32 [DETECT] inference took 0.20s
12:18:33 [DETECT] inference took 0.20s
12:18:34 [DETECT] inference took 0.20s
12:18:35 [DETECT] inference took 0.22s
12:18:36 [DETECT] inference took 0.20s
12:18:37 [DETECT] inference took 0.22s
12:18:38 [DETECT] inference took 0.20s
12:18:39 [DETECT] inference took 0.20s
12:18:40 [DETECT] inference took 0.20s
12:18:41 [DETECT] inference took 0.20s
12:18:42 [DETECT] inference took 0.22s
12:18:43 [DETECT] inference took 0.20s
12:18:44 [DETECT] inference took 0.22s
12:18:45 [DETECT] inference took 0.20s
12:18:46 [DETECT] inference took 0.22s
12:18:46 [DETECT] inference took 0.25s
12:18:47 [DETECT] inference took 0.22s
12:18:48 [DETECT] inference took 0.22s
12:18:49 [DETECT] inference took 0.20s
12:18:50 [DETECT] inference took 0.20s
12:18:51 [DETECT] inference took 0.22s
12:18:52 [DETECT] inference took 0.20s
12:18:53 [DETECT] inference took 0.22s
12:18:54 [DETECT] inference took 0.20s
12:18:55 [DETECT] inference took 0.20s
12:18:56 [DETECT] inference took 0.22s
12:18:57 [DETECT] inference took 0.20s
12:18:58 [DETECT] inference took 0.20s
12:18:59 [DETECT] inference took 0.20s
12:19:00 [DETECT] inference took 0.22s
12:19:01 [DETECT] inference took 0.20s
12:19:02 [DETECT] inference took 0.20s
12:19:03 [DETECT] inference took 0.22s
12:19:04 [DETECT] inference took 0.22s
12:19:05 [DETECT] inference took 0.20s
12:19:06 [DETECT] inference took 0.20s
12:19:07 [DETECT] inference took 0.22s
12:19:08 [DETECT] inference took 0.20s
12:19:09 [DETECT] inference took 0.20s
12:19:10 [DETECT] inference took 0.20s
12:19:11 [DETECT] inference took 0.20s
12:19:12 [DETECT] inference took 0.22s
12:19:13 [DETECT] inference took 0.20s
12:19:14 [DETECT] inference took 0.20s
12:19:15 [DETECT] inference took 0.22s
12:19:16 [DETECT] inference took 0.20s
12:19:17 [DETECT] inference took 0.20s
12:19:18 [DETECT] inference took 0.22s
12:19:19 [DETECT] inference took 0.20s
12:19:20 [DETECT] inference took 0.22s
12:19:21 [DETECT] inference took 0.20s
12:19:22 [DETECT] inference took 0.22s
12:19:23 [DETECT] inference took 0.20s
12:19:24 [DETECT] inference took 0.30s
12:19:25 [DETECT] inference took 0.30s
12:19:26 [DETECT] inference took 0.31s
12:19:27 [DETECT] inference took 0.28s
12:19:28 [DETECT] inference took 0.31s
12:19:29 [DETECT] inference took 0.22s
12:19:30 [DETECT] inference took 0.25s
12:19:31 [DETECT] inference took 0.22s
12:19:32 [DETECT] inference took 0.22s
12:19:33 [DETECT] inference took 0.22s
12:19:34 [DETECT] inference took 0.22s
12:19:35 [DETECT] inference took 0.20s
12:19:36 [DETECT] inference took 0.20s
12:19:37 [DETECT] inference took 0.22s
12:19:38 [DETECT] inference took 0.20s
12:19:39 [DETECT] inference took 0.20s
12:19:40 [DETECT] inference took 0.22s
12:19:41 [DETECT] inference took 0.20s
12:19:42 [DETECT] inference took 0.22s
12:19:43 [DETECT] inference took 0.20s
12:19:44 [DETECT] inference took 0.20s
12:19:45 [DETECT] inference took 0.22s
12:19:46 [DETECT] inference took 0.22s
12:19:47 [DETECT] inference took 0.22s
12:19:48 [DETECT] inference took 0.20s
12:19:49 [DETECT] inference took 0.22s
12:19:50 [DETECT] inference took 0.20s
12:19:51 [DETECT] inference took 0.22s
12:19:52 [DETECT] inference took 0.20s
12:19:53 [DETECT] inference took 0.22s
12:19:54 [DETECT] inference took 0.22s
12:19:55 [DETECT] inference took 0.20s
12:19:56 [DETECT] inference took 0.22s
12:19:57 [DETECT] inference took 0.22s
12:19:58 [DETECT] inference took 0.20s
12:19:59 [DETECT] inference took 0.20s
12:20:00 [DETECT] inference took 0.22s
12:20:01 [DETECT] inference took 0.22s
12:20:02 [DETECT] inference took 0.22s
12:20:03 [DETECT] inference took 0.22s
12:20:04 [DETECT] inference took 0.22s
12:20:05 [DETECT] inference took 0.20s
12:20:06 [DETECT] inference took 0.20s
12:20:07 [DETECT] inference took 0.22s
12:20:08 [DETECT] inference took 0.22s
12:20:09 [DETECT] inference took 0.30s
12:20:10 [DETECT] inference took 0.30s
12:20:11 [DETECT] inference took 0.30s
12:20:12 [DETECT] inference took 0.28s
12:20:13 [DETECT] inference took 0.28s
12:20:14 [DETECT] inference took 0.28s
12:20:15 [DETECT] inference took 0.20s
12:20:16 [DETECT] inference took 0.20s
12:20:17 [DETECT] inference took 0.22s
12:20:18 [DETECT] inference took 0.20s
12:20:19 [DETECT] inference took 0.20s
12:20:20 [DETECT] inference took 0.30s
12:20:21 [DETECT] inference took 0.30s
12:20:22 [DETECT] inference took 0.28s
12:20:23 [DETECT] inference took 0.28s
12:20:24 [DETECT] inference took 0.27s
12:20:25 [DETECT] inference took 0.22s
12:20:26 [DETECT] inference took 0.22s
12:20:27 [DETECT] inference took 0.20s
12:20:28 [DETECT] inference took 0.22s
12:20:29 [DETECT] inference took 0.22s
12:20:29 [DETECT] inference took 0.23s
12:20:30 [DETECT] inference took 0.20s
12:20:31 [DETECT] inference took 0.20s
12:20:32 [DETECT] inference took 0.20s
12:20:33 [DETECT] inference took 0.22s
12:20:34 [DETECT] inference took 0.22s
12:20:35 [DETECT] inference took 0.20s
12:20:36 [DETECT] inference took 0.22s
12:20:37 [DETECT] inference took 0.20s
12:20:38 [DETECT] inference took 0.20s
12:20:39 [DETECT] inference took 0.22s
12:20:40 [DETECT] inference took 0.22s
12:20:41 [DETECT] inference took 0.20s
12:20:42 [DETECT] inference took 0.31s
12:20:43 [DETECT] inference took 0.30s
12:20:44 [DETECT] inference took 0.30s
12:20:45 [DETECT] inference took 0.30s
12:20:46 [DETECT] inference took 0.30s
12:20:47 [DETECT] inference took 0.22s
12:20:48 [DETECT] inference took 0.22s
12:20:49 [DETECT] inference took 0.22s
12:20:50 [DETECT] inference took 0.22s
12:20:51 [DETECT] inference took 0.22s
12:20:52 [DETECT] inference took 0.20s
12:20:53 [DETECT] inference took 0.20s
12:20:54 [DETECT] inference took 0.22s
12:20:55 [DETECT] inference took 0.22s
12:20:56 [DETECT] inference took 0.20s
12:20:57 [DETECT] inference took 0.22s
12:20:58 [DETECT] inference took 0.20s
12:20:59 [DETECT] inference took 0.20s
12:21:00 [DETECT] inference took 0.22s
12:21:01 [DETECT] inference took 0.20s
12:21:02 [DETECT] inference took 0.20s
12:21:03 [DETECT] inference took 0.22s
12:21:04 [DETECT] inference took 0.20s
12:21:05 [DETECT] inference took 0.20s
12:21:06 [DETECT] inference took 0.22s
12:21:07 [DETECT] inference took 0.20s
12:21:08 [DETECT] inference took 0.20s
12:21:09 [DETECT] inference took 0.22s
12:21:10 [DETECT] inference took 0.20s
12:21:11 [DETECT] inference took 0.20s
12:21:12 [DETECT] inference took 0.22s
12:21:13 [DETECT] inference took 0.20s
12:21:14 [DETECT] inference took 0.20s
12:21:15 [DETECT] inference took 0.20s
12:21:16 [DETECT] inference took 0.22s
12:21:17 [DETECT] inference took 0.20s
12:21:18 [DETECT] inference took 0.22s
12:21:19 [DETECT] inference took 0.20s
12:21:20 [DETECT] inference took 0.22s
12:21:21 [DETECT] inference took 0.22s
12:21:22 [DETECT] inference took 0.20s
12:21:23 [DETECT] inference took 0.22s
12:21:24 [DETECT] inference took 0.22s
12:21:25 [DETECT] inference took 0.20s
12:21:26 [DETECT] inference took 0.20s
12:21:27 [DETECT] inference took 0.22s
12:21:28 [DETECT] inference took 0.20s
12:21:29 [DETECT] inference took 0.22s
12:21:30 [DETECT] inference took 0.20s
12:21:31 [DETECT] inference took 0.22s
12:21:32 [DETECT] inference took 0.20s
12:21:33 [DETECT] inference took 0.22s
12:21:34 [DETECT] inference took 0.20s
12:21:35 [DETECT] inference took 0.20s
12:21:36 [DETECT] inference took 0.22s
12:21:37 [DETECT] inference took 0.20s
12:21:38 [DETECT] inference took 0.20s
12:21:39 [DETECT] inference took 0.22s
12:21:40 [DETECT] inference took 0.20s
12:21:41 [DETECT] inference took 0.20s
12:21:42 [DETECT] inference took 0.20s
12:21:43 [DETECT] inference took 0.22s
12:21:44 [DETECT] inference took 0.20s
12:21:45 [DETECT] inference took 0.22s
12:21:46 [DETECT] inference took 0.22s
12:21:47 [DETECT] inference took 0.20s
12:21:48 [DETECT] inference took 0.22s
12:21:49 [DETECT] inference took 0.20s
12:21:50 [DETECT] inference took 0.20s
12:21:51 [DETECT] inference took 0.23s
12:21:52 [DETECT] inference took 0.20s
12:21:53 [DETECT] inference took 0.22s
12:21:54 [DETECT] inference took 0.20s
12:21:55 [DETECT] inference took 0.20s
12:21:56 [DETECT] inference took 0.22s
12:21:57 [DETECT] inference took 0.20s
12:21:58 [DETECT] inference took 0.20s
12:21:59 [DETECT] inference took 0.22s
12:22:00 [DETECT] inference took 0.22s
12:22:01 [DETECT] inference took 0.20s
12:22:02 [DETECT] inference took 0.20s
12:22:03 [DETECT] inference took 0.22s
12:22:04 [DETECT] inference took 0.20s
12:22:05 [DETECT] inference took 0.20s
12:22:06 [DETECT] inference took 0.22s
12:22:07 [DETECT] inference took 0.20s
12:22:08 [DETECT] inference took 0.22s
12:22:09 [DETECT] inference took 0.22s
12:22:10 [DETECT] inference took 0.20s
12:22:11 [DETECT] inference took 0.22s
12:22:12 [DETECT] inference took 0.20s
12:22:13 [DETECT] inference took 0.20s
12:22:14 [DETECT] inference took 0.22s
12:22:15 [DETECT] inference took 0.20s
12:22:16 [DETECT] inference took 0.22s
12:22:17 [DETECT] inference took 0.20s
12:22:18 [DETECT] inference took 0.20s
12:22:19 [DETECT] inference took 0.23s
12:22:20 [DETECT] inference took 0.20s
12:22:21 [DETECT] inference took 0.20s
12:22:22 [DETECT] inference took 0.22s
12:22:23 [DETECT] inference took 0.20s
12:22:24 [DETECT] inference took 0.22s
12:22:25 [DETECT] inference took 0.20s
12:22:26 [DETECT] inference took 0.20s
12:22:27 [DETECT] inference took 0.22s
12:22:28 [DETECT] inference took 0.20s
12:22:29 [DETECT] inference took 0.20s
12:22:30 [DETECT] inference took 0.22s
12:22:31 [DETECT] inference took 0.20s
12:22:32 [DETECT] inference took 0.20s
12:22:33 [DETECT] inference took 0.22s
12:22:34 [DETECT] inference took 0.20s
12:22:35 [DETECT] inference took 0.22s
12:22:36 [DETECT] inference took 0.20s
12:22:37 [DETECT] inference took 0.22s
12:22:38 [DETECT] inference took 0.22s
12:22:39 [DETECT] inference took 0.20s
12:22:40 [DETECT] inference took 0.22s
12:22:41 [DETECT] inference took 0.20s
12:22:42 [DETECT] inference took 0.20s
12:22:43 [DETECT] inference took 0.22s
12:22:44 [DETECT] inference took 0.20s
12:22:45 [DETECT] inference took 0.20s
12:22:46 [DETECT] inference took 0.22s
12:22:47 [DETECT] inference took 0.22s
12:22:48 [DETECT] inference took 0.30s
12:22:49 [DETECT] inference took 0.31s
12:22:50 [DETECT] inference took 0.30s
12:22:51 [DETECT] inference took 0.30s
12:22:52 [DETECT] inference took 0.31s
12:22:53 [DETECT] inference took 0.28s
12:22:54 [DETECT] inference took 0.31s
12:22:55 [DETECT] inference took 0.28s
12:22:56 [DETECT] inference took 0.22s
12:22:57 [DETECT] inference took 0.22s
12:22:58 [DETECT] inference took 0.22s
12:22:59 [DETECT] inference took 0.22s
12:23:00 [DETECT] inference took 0.23s
12:23:01 [DETECT] inference took 0.20s
12:23:02 [DETECT] inference took 0.23s
12:23:03 [DETECT] inference took 0.22s
12:23:04 [DETECT] inference took 0.20s
12:23:05 [DETECT] inference took 0.22s
12:23:06 [DETECT] inference took 0.23s
12:23:07 [DETECT] inference took 0.22s
12:23:08 [DETECT] inference took 0.22s
12:23:09 [DETECT] inference took 0.22s
12:23:10 [DETECT] inference took 0.23s
12:23:11 [DETECT] inference took 0.23s
12:23:12 [DETECT] inference took 0.22s
12:23:13 [DETECT] inference took 0.23s
12:23:14 [DETECT] inference took 0.22s
12:23:15 [DETECT] inference took 0.22s
12:23:16 [DETECT] inference took 0.22s
12:23:17 [DETECT] inference took 0.22s
12:23:18 [DETECT] inference took 0.22s
12:23:19 [DETECT] inference took 0.22s
12:23:20 [DETECT] inference took 0.22s
12:23:21 [DETECT] inference took 0.22s
12:23:22 [DETECT] inference took 0.22s
12:23:23 [DETECT] inference took 0.20s
12:23:24 [DETECT] inference took 0.23s
12:23:25 [DETECT] inference took 0.22s
12:23:26 [DETECT] inference took 0.23s
12:23:27 [DETECT] inference took 0.22s
12:23:28 [DETECT] inference took 0.22s
12:23:29 [DETECT] inference took 0.22s
12:23:30 [DETECT] inference took 0.22s
12:23:31 [DETECT] inference took 0.23s
12:23:32 [DETECT] inference took 0.22s
12:23:33 [DETECT] inference took 0.22s
12:23:34 [DETECT] inference took 0.22s
12:23:35 [DETECT] inference took 0.22s
12:23:36 [DETECT] inference took 0.22s
12:23:37 [DETECT] inference took 0.22s
12:23:38 [DETECT] inference took 0.22s
12:23:39 [DETECT] inference took 0.22s
12:23:40 [DETECT] inference took 0.22s
12:23:41 [DETECT] inference took 0.22s
12:23:42 [DETECT] inference took 0.23s
12:23:43 [DETECT] inference took 0.20s
12:23:44 [DETECT] inference took 0.22s
12:23:45 [DETECT] inference took 0.22s
12:23:46 [DETECT] inference took 0.23s
12:23:47 [DETECT] inference took 0.22s
12:23:48 [DETECT] inference took 0.20s
12:23:49 [DETECT] inference took 0.23s
12:23:50 [DETECT] inference took 0.23s
12:23:51 [DETECT] inference took 0.23s
12:23:52 [DETECT] inference took 0.22s
12:23:53 [DETECT] inference took 0.22s
12:23:54 [DETECT] inference took 0.23s
12:23:55 [DETECT] inference took 0.22s
12:23:56 [DETECT] inference took 0.23s
12:23:57 [DETECT] inference took 0.22s
12:23:58 [DETECT] inference took 0.22s
12:23:59 [DETECT] inference took 0.23s
12:24:00 [DETECT] inference took 0.30s
12:24:01 [DETECT] inference took 0.28s
12:24:02 [DETECT] inference took 0.30s
12:24:03 [DETECT] inference took 0.28s
12:24:04 [DETECT] inference took 0.28s
12:24:05 [DETECT] inference took 0.20s
12:24:06 [DETECT] inference took 0.20s
12:24:07 [DETECT] inference took 0.22s
12:24:08 [DETECT] inference took 0.20s
12:24:09 [DETECT] inference took 0.20s
12:24:10 [DETECT] inference took 0.22s
12:24:11 [DETECT] inference took 0.20s
12:24:12 [DETECT] inference took 0.23s
12:24:13 [DETECT] inference took 0.20s
12:24:14 [DETECT] inference took 0.22s
12:24:15 [DETECT] inference took 0.20s
12:24:16 [DETECT] inference took 0.20s
12:24:17 [DETECT] inference took 0.22s
12:24:18 [DETECT] inference took 0.20s
12:24:19 [DETECT] inference took 0.22s
12:24:20 [DETECT] inference took 0.22s
12:24:21 [DETECT] inference took 0.20s
12:24:22 [DETECT] inference took 0.22s
12:24:23 [DETECT] inference took 0.20s
12:24:24 [DETECT] inference took 0.22s
12:24:25 [DETECT] inference took 0.20s
12:24:26 [DETECT] inference took 0.22s
12:24:27 [DETECT] inference took 0.20s
12:24:28 [DETECT] inference took 0.20s
12:24:29 [DETECT] inference took 0.22s
12:24:30 [DETECT] inference took 0.20s
12:24:31 [DETECT] inference took 0.22s
12:24:32 [DETECT] inference took 0.20s
12:24:33 [DETECT] inference took 0.20s
12:24:34 [DETECT] inference took 0.22s
12:24:35 [DETECT] inference took 0.22s
12:24:36 [DETECT] inference took 0.22s
12:24:37 [DETECT] inference took 0.20s
12:24:38 [DETECT] inference took 0.20s
12:24:39 [DETECT] inference took 0.22s
12:24:40 [DETECT] inference took 0.22s
12:24:41 [DETECT] inference took 0.20s
12:24:42 [DETECT] inference took 0.20s
12:24:43 [DETECT] inference took 0.22s
12:24:44 [DETECT] inference took 0.20s
12:24:45 [DETECT] inference took 0.20s
12:24:46 [DETECT] inference took 0.22s
12:24:47 [DETECT] inference took 0.20s
12:24:48 [DETECT] inference took 0.22s
12:24:49 [DETECT] inference took 0.22s
12:24:50 [DETECT] inference took 0.22s
12:24:51 [DETECT] inference took 0.22s
12:24:52 [DETECT] inference took 0.20s
12:24:53 [DETECT] inference took 0.22s
12:24:54 [DETECT] inference took 0.20s
12:24:55 [DETECT] inference took 0.22s
12:24:56 [DETECT] inference took 0.20s
12:24:57 [DETECT] inference took 0.22s
12:24:58 [DETECT] inference took 0.20s
12:24:59 [DETECT] inference took 0.22s
12:25:00 [DETECT] inference took 0.22s
12:25:01 [DETECT] inference took 0.20s
12:25:02 [DETECT] inference took 0.22s
12:25:03 [DETECT] inference took 0.22s
12:25:04 [DETECT] inference took 0.20s
12:25:05 [DETECT] inference took 0.22s
12:25:06 [DETECT] inference took 0.22s
12:25:07 [DETECT] inference took 0.20s
12:25:08 [DETECT] inference took 0.20s
12:25:09 [DETECT] inference took 0.22s
12:25:10 [DETECT] inference took 0.20s
12:25:11 [DETECT] inference took 0.22s
12:25:12 [DETECT] inference took 0.22s
12:25:13 [DETECT] inference took 0.20s
12:25:14 [DETECT] inference took 0.22s
12:25:15 [DETECT] inference took 0.22s
12:25:16 [DETECT] inference took 0.20s
12:25:17 [DETECT] inference took 0.20s
12:25:18 [DETECT] inference took 0.20s
12:25:19 [DETECT] inference took 0.22s
12:25:20 [DETECT] inference took 0.20s
12:25:21 [DETECT] inference took 0.20s
12:25:22 [DETECT] inference took 0.22s
12:25:23 [DETECT] inference took 0.20s
12:25:24 [DETECT] inference took 0.22s
12:25:25 [DETECT] inference took 0.20s
12:25:26 [DETECT] inference took 0.22s
12:25:27 [DETECT] inference took 0.22s
12:25:28 [DETECT] inference took 0.22s
12:25:29 [DETECT] inference took 0.22s
12:25:30 [DETECT] inference took 0.22s
12:25:31 [DETECT] inference took 0.22s
12:25:32 [DETECT] inference took 0.20s
12:25:33 [DETECT] inference took 0.22s
12:25:34 [DETECT] inference took 0.20s
12:25:35 [DETECT] inference took 0.22s
12:25:36 [DETECT] inference took 0.22s
12:25:37 [DETECT] inference took 0.20s
12:25:38 [DETECT] inference took 0.22s
12:25:39 [DETECT] inference took 0.20s
12:25:40 [DETECT] inference took 0.20s
12:25:41 [DETECT] inference took 0.22s
12:25:42 [DETECT] inference took 0.20s
12:25:43 [DETECT] inference took 0.20s
12:25:44 [DETECT] inference took 0.22s
12:25:45 [DETECT] inference took 0.20s
12:25:46 [DETECT] inference took 0.20s
12:25:47 [DETECT] inference took 0.22s
12:25:48 [DETECT] inference took 0.22s
12:25:49 [DETECT] inference took 0.23s
12:25:50 [DETECT] inference took 0.20s
12:25:51 [DETECT] inference took 0.20s
12:25:52 [DETECT] inference took 0.22s
12:25:53 [DETECT] inference took 0.22s
12:25:54 [DETECT] inference took 0.20s
12:25:55 [DETECT] inference took 0.20s
12:25:56 [DETECT] inference took 0.22s
12:25:57 [DETECT] inference took 0.23s
12:25:58 [DETECT] inference took 0.20s
12:25:59 [DETECT] inference took 0.22s
12:26:00 [DETECT] inference took 0.22s
12:26:01 [DETECT] inference took 0.20s
12:26:02 [DETECT] inference took 0.22s
12:26:03 [DETECT] inference took 0.20s
12:26:04 [DETECT] inference took 0.20s
12:26:05 [DETECT] inference took 0.22s
12:26:06 [DETECT] inference took 0.20s
12:26:07 [DETECT] inference took 0.20s
12:26:08 [DETECT] inference took 0.22s
12:26:09 [DETECT] inference took 0.20s
12:26:10 [DETECT] inference took 0.20s
12:26:11 [DETECT] inference took 0.22s
12:26:12 [DETECT] inference took 0.22s
12:26:13 [DETECT] inference took 0.22s
12:26:14 [DETECT] inference took 0.20s
12:26:15 [DETECT] inference took 0.20s
12:26:16 [DETECT] inference took 0.22s
12:26:17 [DETECT] inference took 0.22s
12:26:18 [DETECT] inference took 0.20s
12:26:19 [DETECT] inference took 0.22s
12:26:20 [DETECT] inference took 0.20s
12:26:21 [DETECT] inference took 0.22s
12:26:22 [DETECT] inference took 0.22s
12:26:23 [DETECT] inference took 0.20s
12:26:24 [DETECT] inference took 0.22s
12:26:25 [DETECT] inference took 0.20s
12:26:26 [DETECT] inference took 0.22s
12:26:27 [DETECT] inference took 0.20s
12:26:28 [DETECT] inference took 0.22s
12:26:29 [DETECT] inference took 0.20s
12:26:30 [DETECT] inference took 0.20s
12:26:31 [DETECT] inference took 0.22s
12:26:32 [DETECT] inference took 0.22s
12:26:33 [DETECT] inference took 0.22s
12:26:34 [DETECT] inference took 0.20s
12:26:35 [DETECT] inference took 0.20s
12:26:36 [DETECT] inference took 0.22s
12:26:37 [DETECT] inference took 0.20s
12:26:38 [DETECT] inference took 0.22s
12:26:39 [DETECT] inference took 0.20s
12:26:40 [DETECT] inference took 0.20s
12:26:41 [DETECT] inference took 0.22s
12:26:42 [DETECT] inference took 0.20s
12:26:43 [DETECT] inference took 0.22s
12:26:44 [DETECT] inference took 0.20s
12:26:45 [DETECT] inference took 0.22s
12:26:46 [DETECT] inference took 0.20s
12:26:47 [DETECT] inference took 0.22s
12:26:48 [DETECT] inference took 0.20s
12:26:49 [DETECT] inference took 0.22s
12:26:50 [DETECT] inference took 0.22s
12:26:51 [DETECT] inference took 0.20s
12:26:52 [DETECT] inference took 0.23s
12:26:53 [DETECT] inference took 0.20s
12:26:54 [DETECT] inference took 0.22s
12:26:55 [DETECT] inference took 0.22s
12:26:56 [DETECT] inference took 0.22s
12:26:57 [DETECT] inference took 0.22s
12:26:58 [DETECT] inference took 0.20s
12:26:59 [DETECT] inference took 0.20s
12:27:00 [DETECT] inference took 0.22s
12:27:01 [DETECT] inference took 0.20s
12:27:02 [DETECT] inference took 0.22s
12:27:03 [DETECT] inference took 0.20s
12:27:04 [DETECT] inference took 0.20s
12:27:05 [DETECT] inference took 0.20s
12:27:06 [DETECT] inference took 0.22s
12:27:07 [DETECT] inference took 0.20s
12:27:08 [DETECT] inference took 0.20s
12:27:09 [DETECT] inference took 0.22s
12:27:10 [DETECT] inference took 0.20s
12:27:11 [DETECT] inference took 0.22s
12:27:12 [DETECT] inference took 0.22s
12:27:13 [DETECT] inference took 0.22s
12:27:14 [DETECT] inference took 0.22s
12:27:15 [DETECT] inference took 0.20s
12:27:16 [DETECT] inference took 0.20s
12:27:17 [DETECT] inference took 0.22s
12:27:18 [DETECT] inference took 0.20s
12:27:19 [DETECT] inference took 0.20s
12:27:20 [DETECT] inference took 0.22s
12:27:21 [DETECT] inference took 0.20s
12:27:22 [DETECT] inference took 0.22s
12:27:23 [DETECT] inference took 0.20s
12:27:24 [DETECT] inference took 0.22s
12:27:25 [DETECT] inference took 0.22s
12:27:26 [DETECT] inference took 0.20s
12:27:27 [DETECT] inference took 0.22s
12:27:28 [DETECT] inference took 0.20s
12:27:29 [DETECT] inference took 0.20s
12:27:30 [DETECT] inference took 0.22s
12:27:31 [DETECT] inference took 0.20s
12:27:32 [DETECT] inference took 0.22s
12:27:33 [DETECT] inference took 0.20s
12:27:34 [DETECT] inference took 0.20s
12:27:35 [DETECT] inference took 0.22s
12:27:36 [DETECT] inference took 0.20s
12:27:37 [DETECT] inference took 0.20s
12:27:38 [DETECT] inference took 0.22s
12:27:39 [DETECT] inference took 0.20s
12:27:40 [DETECT] inference took 0.22s
12:27:41 [DETECT] inference took 0.22s
12:27:42 [DETECT] inference took 0.20s
12:27:43 [DETECT] inference took 0.22s
12:27:44 [DETECT] inference took 0.20s
12:27:45 [DETECT] inference took 0.22s
12:27:46 [DETECT] inference took 0.20s
12:27:47 [DETECT] inference took 0.20s
12:27:48 [DETECT] inference took 0.20s
12:27:49 [DETECT] inference took 0.22s
12:27:50 [DETECT] inference took 0.20s
12:27:51 [DETECT] inference took 0.20s
12:27:52 [DETECT] inference took 0.22s
12:27:53 [DETECT] inference took 0.20s
12:27:54 [DETECT] inference took 0.20s
12:27:55 [DETECT] inference took 0.22s
12:27:56 [DETECT] inference took 0.22s
12:27:57 [DETECT] inference took 0.22s
12:27:58 [DETECT] inference took 0.22s
12:27:59 [DETECT] inference took 0.20s
12:28:00 [DETECT] inference took 0.22s
12:28:01 [DETECT] inference took 0.22s
12:28:02 [DETECT] inference took 0.22s
12:28:03 [DETECT] inference took 0.20s
12:28:04 [DETECT] inference took 0.20s
12:28:05 [DETECT] inference took 0.20s
12:28:06 [DETECT] inference took 0.28s
12:28:07 [DETECT] inference took 0.28s
12:28:08 [DETECT] inference took 0.28s
12:28:09 [DETECT] inference took 0.28s
12:28:10 [DETECT] inference took 0.28s
12:28:11 [DETECT] inference took 0.20s
12:28:12 [DETECT] inference took 0.20s
12:28:13 [DETECT] inference took 0.22s
12:28:14 [DETECT] inference took 0.20s
12:28:15 [DETECT] inference took 0.22s
12:28:16 [DETECT] inference took 0.20s
12:28:17 [DETECT] inference took 0.20s
12:28:18 [DETECT] inference took 0.22s
12:28:19 [DETECT] inference took 0.22s
12:28:20 [DETECT] inference took 0.20s
12:28:21 [DETECT] inference took 0.20s
12:28:22 [DETECT] inference took 0.22s
12:28:23 [DETECT] inference took 0.20s
12:28:24 [DETECT] inference took 0.20s
12:28:25 [DETECT] inference took 0.22s
12:28:26 [DETECT] inference took 0.22s
12:28:27 [DETECT] inference took 0.20s
12:28:28 [DETECT] inference took 0.20s
12:28:29 [DETECT] inference took 0.20s
12:28:30 [DETECT] inference took 0.22s
12:28:31 [DETECT] inference took 0.20s
12:28:32 [DETECT] inference took 0.20s
12:28:33 [DETECT] inference took 0.22s
12:28:34 [DETECT] inference took 0.20s
12:28:35 [DETECT] inference took 0.22s
12:28:36 [DETECT] inference took 0.22s
12:28:37 [DETECT] inference took 0.20s
12:28:38 [DETECT] inference took 0.20s
12:28:39 [DETECT] inference took 0.22s
12:28:40 [DETECT] inference took 0.20s
12:28:41 [DETECT] inference took 0.20s
12:28:42 [DETECT] inference took 0.22s
12:28:43 [DETECT] inference took 0.20s
12:28:44 [DETECT] inference took 0.22s
12:28:45 [DETECT] inference took 0.20s
12:28:46 [DETECT] inference took 0.20s
12:28:47 [DETECT] inference took 0.22s
12:28:48 [DETECT] inference took 0.22s
12:28:49 [DETECT] inference took 0.22s
12:28:50 [DETECT] inference took 0.22s
12:28:51 [DETECT] inference took 0.20s
12:28:52 [DETECT] inference took 0.22s
12:28:53 [DETECT] inference took 0.22s
12:28:54 [DETECT] inference took 0.22s
12:28:55 [DETECT] inference took 0.22s
12:28:56 [DETECT] inference took 0.22s
12:28:57 [DETECT] inference took 0.22s
12:28:58 [DETECT] inference took 0.20s
12:28:59 [DETECT] inference took 0.22s
12:29:00 [DETECT] inference took 0.20s
12:29:01 [DETECT] inference took 0.20s
12:29:02 [DETECT] inference took 0.22s
12:29:03 [DETECT] inference took 0.22s
12:29:04 [DETECT] inference took 0.20s
12:29:05 [DETECT] inference took 0.20s
12:29:06 [DETECT] inference took 0.22s
12:29:07 [DETECT] inference took 0.20s
12:29:08 [DETECT] inference took 0.22s
12:29:09 [DETECT] inference took 0.20s
12:29:10 [DETECT] inference took 0.20s
12:29:11 [DETECT] inference took 0.22s
12:29:12 [DETECT] inference took 0.20s
12:29:13 [DETECT] inference took 0.22s
12:29:14 [DETECT] inference took 0.20s
12:29:15 [DETECT] inference took 0.22s
12:29:16 [DETECT] inference took 0.22s
12:29:17 [DETECT] inference took 0.20s
12:29:18 [DETECT] inference took 0.22s
12:29:19 [DETECT] inference took 0.20s
12:29:20 [DETECT] inference took 0.20s
12:29:21 [DETECT] inference took 0.20s
12:29:22 [DETECT] inference took 0.22s
12:29:23 [DETECT] inference took 0.20s
12:29:24 [DETECT] inference took 0.22s
12:29:25 [DETECT] inference took 0.20s
12:29:26 [DETECT] inference took 0.22s
12:29:27 [DETECT] inference took 0.20s
12:29:28 [DETECT] inference took 0.22s
12:29:29 [DETECT] inference took 0.22s
12:29:30 [DETECT] inference took 0.20s
12:29:31 [DETECT] inference took 0.20s
12:29:32 [DETECT] inference took 0.22s
12:29:33 [DETECT] inference took 0.22s
12:29:34 [DETECT] inference took 0.20s
12:29:35 [DETECT] inference took 0.20s
12:29:36 [DETECT] inference took 0.22s
12:29:37 [DETECT] inference took 0.22s
12:29:38 [DETECT] inference took 0.20s
12:29:39 [DETECT] inference took 0.22s
12:29:40 [DETECT] inference took 0.22s
12:29:41 [DETECT] inference took 0.20s
12:29:42 [DETECT] inference took 0.22s
12:29:43 [DETECT] inference took 0.20s
12:29:44 [DETECT] inference took 0.22s
12:29:45 [DETECT] inference took 0.22s
12:29:46 [DETECT] inference took 0.20s
12:29:47 [DETECT] inference took 0.22s
12:29:48 [DETECT] inference took 0.20s
12:29:49 [DETECT] inference took 0.20s
12:29:50 [DETECT] inference took 0.22s
12:29:51 [DETECT] inference took 0.20s
12:29:52 [DETECT] inference took 0.22s
12:29:53 [DETECT] inference took 0.22s
12:29:54 [DETECT] inference took 0.22s
12:29:55 [DETECT] inference took 0.23s
12:29:56 [DETECT] inference took 0.20s
12:29:57 [DETECT] inference took 0.22s
12:29:58 [DETECT] inference took 0.20s
12:29:59 [DETECT] inference took 0.22s
12:30:00 [DETECT] inference took 0.22s
12:30:01 [DETECT] inference took 0.20s
12:30:02 [DETECT] inference took 0.22s
12:30:03 [DETECT] inference took 0.22s
12:30:04 [DETECT] inference took 0.22s
12:30:05 [DETECT] inference took 0.22s
12:30:06 [DETECT] inference took 0.22s
12:30:07 [DETECT] inference took 0.20s
12:30:08 [DETECT] inference took 0.20s
12:30:09 [DETECT] inference took 0.22s
12:30:10 [DETECT] inference took 0.22s
12:30:11 [DETECT] inference took 0.20s
12:30:12 [DETECT] inference took 0.20s
12:30:13 [DETECT] inference took 0.23s
12:30:14 [DETECT] inference took 0.22s
12:30:15 [DETECT] inference took 0.22s
12:30:16 [DETECT] inference took 0.20s
12:30:17 [DETECT] inference took 0.22s
12:30:18 [DETECT] inference took 0.20s
12:30:19 [DETECT] inference took 0.22s
12:30:20 [DETECT] inference took 0.20s
12:30:21 [DETECT] inference took 0.22s
12:30:22 [DETECT] inference took 0.22s
12:30:23 [DETECT] inference took 0.20s
12:30:24 [DETECT] inference took 0.22s
12:30:25 [DETECT] inference took 0.22s
12:30:26 [DETECT] inference took 0.22s
12:30:27 [DETECT] inference took 0.22s
12:30:28 [DETECT] inference took 0.22s
12:30:29 [DETECT] inference took 0.22s
12:30:30 [DETECT] inference took 0.20s
12:30:31 [DETECT] inference took 0.22s
12:30:32 [DETECT] inference took 0.22s
12:30:33 [DETECT] inference took 0.20s
12:30:34 [DETECT] inference took 0.23s
12:30:35 [DETECT] inference took 0.20s
12:30:36 [DETECT] inference took 0.22s
12:30:37 [DETECT] inference took 0.22s
12:30:38 [DETECT] inference took 0.20s
12:30:39 [DETECT] inference took 0.22s
12:30:40 [DETECT] inference took 0.22s
12:30:41 [DETECT] inference took 0.22s
12:30:42 [DETECT] inference took 0.20s
12:30:43 [DETECT] inference took 0.22s
12:30:44 [DETECT] inference took 0.22s
12:30:45 [DETECT] inference took 0.22s
12:30:46 [DETECT] inference took 0.22s
12:30:47 [DETECT] inference took 0.22s
12:30:48 [DETECT] inference took 0.22s
12:30:49 [DETECT] inference took 0.22s
12:30:50 [DETECT] inference took 0.22s
12:30:51 [DETECT] inference took 0.22s
12:30:52 [DETECT] inference took 0.22s
12:30:53 [DETECT] inference took 0.22s
12:30:54 [DETECT] inference took 0.23s
12:30:55 [DETECT] inference took 0.22s
12:30:56 [DETECT] inference took 0.22s
12:30:57 [DETECT] inference took 0.22s
12:30:58 [DETECT] inference took 0.22s
12:30:59 [DETECT] inference took 0.22s
12:31:00 [DETECT] inference took 0.20s
12:31:01 [DETECT] inference took 0.22s
12:31:02 [DETECT] inference took 0.20s
12:31:03 [DETECT] inference took 0.22s
12:31:04 [DETECT] inference took 0.22s
12:31:05 [DETECT] inference took 0.22s
12:31:06 [DETECT] inference took 0.20s
12:31:07 [DETECT] inference took 0.22s
12:31:08 [DETECT] inference took 0.22s
12:31:09 [DETECT] inference took 0.20s
12:31:10 [DETECT] inference took 0.22s
12:31:11 [DETECT] inference took 0.22s
12:31:12 [DETECT] inference took 0.20s
12:31:13 [DETECT] inference took 0.22s
12:31:14 [DETECT] inference took 0.20s
12:31:15 [DETECT] inference took 0.22s
12:31:16 [DETECT] inference took 0.22s
12:31:17 [DETECT] inference took 0.20s
12:31:18 [DETECT] inference took 0.22s
12:31:19 [DETECT] inference took 0.20s
12:31:20 [DETECT] inference took 0.22s
12:31:21 [DETECT] inference took 0.22s
12:31:22 [DETECT] inference took 0.22s
12:31:23 [DETECT] inference took 0.22s
12:31:24 [DETECT] inference took 0.20s
12:31:25 [DETECT] inference took 0.22s
12:31:26 [DETECT] inference took 0.20s
12:31:27 [DETECT] inference took 0.22s
12:31:28 [DETECT] inference took 0.22s
12:31:29 [DETECT] inference took 0.22s
12:31:30 [DETECT] inference took 0.20s
12:31:31 [DETECT] inference took 0.22s
12:31:32 [DETECT] inference took 0.22s
12:31:33 [DETECT] inference took 0.20s
12:31:34 [DETECT] inference took 0.22s
12:31:35 [DETECT] inference took 0.22s
12:31:36 [DETECT] inference took 0.20s
12:31:37 [DETECT] inference took 0.22s
12:31:38 [DETECT] inference took 0.20s
12:31:39 [DETECT] inference took 0.22s
12:31:40 [DETECT] inference took 0.22s
12:31:41 [DETECT] inference took 0.22s
12:31:42 [DETECT] inference took 0.20s
12:31:43 [DETECT] inference took 0.22s
12:31:44 [DETECT] inference took 0.22s
12:31:45 [DETECT] inference took 0.22s
12:31:47 [DETECT] inference took 0.30s
12:31:48 [DETECT] inference took 0.31s
12:31:49 [DETECT] inference took 0.31s
12:31:50 [DETECT] inference took 0.33s
12:31:51 [DETECT] inference took 0.30s
12:31:52 [DETECT] inference took 0.30s
12:31:52 [DETECT] inference took 0.27s
12:31:53 [DETECT] inference took 0.23s
12:31:54 [DETECT] inference took 0.22s
12:31:55 [DETECT] inference took 0.23s
12:31:56 [DETECT] inference took 0.22s
12:31:57 [DETECT] inference took 0.22s
12:31:58 [DETECT] inference took 0.23s
12:31:59 [DETECT] inference took 0.22s
12:32:00 [DETECT] inference took 0.23s
12:32:01 [DETECT] inference took 0.23s
12:32:02 [DETECT] inference took 0.22s
12:32:03 [DETECT] inference took 0.23s
12:32:04 [DETECT] inference took 0.23s
12:32:05 [DETECT] inference took 0.22s
12:32:06 [DETECT] inference took 0.23s
12:32:07 [DETECT] inference took 0.22s
12:32:08 [DETECT] inference took 0.22s
12:32:09 [DETECT] inference took 0.23s
12:32:10 [DETECT] inference took 0.23s
12:32:11 [DETECT] inference took 0.22s
12:32:12 [DETECT] inference took 0.22s
12:32:13 [DETECT] inference took 0.23s
12:32:14 [DETECT] inference took 0.23s
12:32:15 [DETECT] inference took 0.20s
12:32:16 [DETECT] inference took 0.23s
12:32:17 [DETECT] inference took 0.22s
12:32:18 [DETECT] inference took 0.23s
12:32:19 [DETECT] inference took 0.23s
12:32:20 [DETECT] inference took 0.22s
12:32:21 [DETECT] inference took 0.22s
12:32:22 [DETECT] inference took 0.23s
12:32:23 [DETECT] inference took 0.22s
12:32:24 [DETECT] inference took 0.23s
12:32:25 [DETECT] inference took 0.22s
12:32:26 [DETECT] inference took 0.23s
12:32:27 [DETECT] inference took 0.22s
12:32:28 [DETECT] inference took 0.23s
12:32:29 [DETECT] inference took 0.22s
12:32:30 [DETECT] inference took 0.22s
12:32:31 [DETECT] inference took 0.23s
12:32:32 [DETECT] inference took 0.22s
12:32:33 [DETECT] inference took 0.23s
12:32:34 [DETECT] inference took 0.22s
12:32:35 [DETECT] inference took 0.23s
12:32:36 [DETECT] inference took 0.22s
12:32:37 [DETECT] inference took 0.23s
12:32:38 [DETECT] inference took 0.22s
12:32:39 [DETECT] inference took 0.23s
12:32:40 [DETECT] inference took 0.22s
12:32:41 [DETECT] inference took 0.22s
12:32:42 [DETECT] inference took 0.23s
12:32:43 [DETECT] inference took 0.23s
12:32:44 [DETECT] inference took 0.22s
12:32:45 [DETECT] inference took 0.23s
12:32:46 [DETECT] inference took 0.22s
12:32:47 [DETECT] inference took 0.23s
12:32:48 [DETECT] inference took 0.22s
12:32:49 [DETECT] inference took 0.23s
12:32:50 [DETECT] inference took 0.22s
12:32:51 [DETECT] inference took 0.22s
12:32:52 [DETECT] inference took 0.23s
12:32:53 [DETECT] inference took 0.22s
12:32:54 [DETECT] inference took 0.23s
12:32:55 [DETECT] inference took 0.22s
12:32:56 [DETECT] inference took 0.23s
12:32:57 [DETECT] inference took 0.22s
12:32:59 [DETECT] inference took 0.23s
12:33:00 [DETECT] inference took 0.22s
12:33:01 [DETECT] inference took 0.23s
12:33:02 [DETECT] inference took 0.23s
12:33:03 [DETECT] inference took 0.22s
12:33:04 [DETECT] inference took 0.22s
12:33:05 [DETECT] inference took 0.24s
12:33:06 [DETECT] inference took 0.24s
12:33:07 [DETECT] inference took 0.24s
12:33:08 [DETECT] inference took 0.24s
12:33:09 [DETECT] inference took 0.24s
12:33:10 [DETECT] inference took 0.24s
12:33:11 [DETECT] inference took 0.25s
12:33:12 [DETECT] inference took 0.24s
12:33:13 [DETECT] inference took 0.24s
12:33:14 [DETECT] inference took 0.22s
12:33:15 [DETECT] inference took 0.24s
12:33:16 [DETECT] inference took 0.22s
12:33:17 [DETECT] inference took 0.22s
12:33:18 [DETECT] inference took 0.20s
12:33:19 [DETECT] inference took 0.22s
12:33:20 [DETECT] inference took 0.20s
12:33:21 [DETECT] inference took 0.22s
12:33:22 [DETECT] inference took 0.20s
12:33:23 [DETECT] inference took 0.20s
12:33:24 [DETECT] inference took 0.22s
12:33:25 [DETECT] inference took 0.20s
12:33:26 [DETECT] inference took 0.22s
12:33:27 [DETECT] inference took 0.20s
12:33:28 [DETECT] inference took 0.22s
12:33:29 [DETECT] inference took 0.20s
12:33:30 [DETECT] inference took 0.27s
12:33:31 [DETECT] inference took 0.28s
12:33:32 [DETECT] inference took 0.30s
12:33:33 [DETECT] inference took 0.30s
12:33:34 [DETECT] inference took 0.31s
12:33:35 [DETECT] inference took 0.20s
12:33:36 [DETECT] inference took 0.22s
12:33:37 [DETECT] inference took 0.20s
12:33:38 [DETECT] inference took 0.20s
12:33:39 [DETECT] inference took 0.22s
12:33:40 [DETECT] inference took 0.22s
12:33:41 [DETECT] inference took 0.20s
12:33:42 [DETECT] inference took 0.22s
12:33:43 [DETECT] inference took 0.20s
12:33:44 [DETECT] inference took 0.20s
12:33:45 [DETECT] inference took 0.22s
12:33:46 [DETECT] inference took 0.22s
12:33:47 [DETECT] inference took 0.20s
12:33:48 [DETECT] inference took 0.20s
12:33:49 [DETECT] inference took 0.22s
12:33:50 [DETECT] inference took 0.22s
12:33:51 [DETECT] inference took 0.22s
12:33:52 [DETECT] inference took 0.20s
12:33:53 [DETECT] inference took 0.20s
12:33:54 [DETECT] inference took 0.25s
12:33:55 [DETECT] inference took 0.20s
12:33:56 [DETECT] inference took 0.22s
12:33:57 [DETECT] inference took 0.20s
12:33:58 [DETECT] inference took 0.20s
12:33:59 [DETECT] inference took 0.22s
12:34:00 [DETECT] inference took 0.22s
12:34:01 [DETECT] inference took 0.22s
12:34:02 [DETECT] inference took 0.22s
12:34:03 [DETECT] inference took 0.20s
12:34:04 [DETECT] inference took 0.22s
12:34:05 [DETECT] inference took 0.20s
12:34:06 [DETECT] inference took 0.22s
12:34:07 [DETECT] inference took 0.22s
12:34:08 [DETECT] inference took 0.20s
12:34:09 [DETECT] inference took 0.22s
12:34:10 [DETECT] inference took 0.20s
12:34:11 [DETECT] inference took 0.22s
12:34:12 [DETECT] inference took 0.22s
12:34:13 [DETECT] inference took 0.22s
12:34:14 [DETECT] inference took 0.20s
12:34:15 [DETECT] inference took 0.20s
12:34:16 [DETECT] inference took 0.20s
12:34:17 [DETECT] inference took 0.22s
12:34:18 [DETECT] inference took 0.20s
12:34:19 [DETECT] inference took 0.20s
12:34:20 [DETECT] inference took 0.22s
12:34:21 [DETECT] inference took 0.20s
12:34:22 [DETECT] inference took 0.20s
12:34:23 [DETECT] inference took 0.22s
12:34:24 [DETECT] inference took 0.22s
12:34:25 [DETECT] inference took 0.20s
12:34:26 [DETECT] inference took 0.22s
12:34:27 [DETECT] inference took 0.22s
12:34:28 [DETECT] inference took 0.20s
12:34:29 [DETECT] inference took 0.20s
12:34:30 [DETECT] inference took 0.22s
12:34:31 [DETECT] inference took 0.20s
12:34:32 [DETECT] inference took 0.20s
12:34:33 [DETECT] inference took 0.22s
12:34:34 [DETECT] inference took 0.20s
12:34:35 [DETECT] inference took 0.22s
12:34:36 [DETECT] inference took 0.20s
12:34:37 [DETECT] inference took 0.20s
12:34:38 [DETECT] inference took 0.20s
12:34:39 [DETECT] inference took 0.22s
12:34:40 [DETECT] inference took 0.20s
12:34:41 [DETECT] inference took 0.22s
12:34:42 [DETECT] inference took 0.20s
12:34:43 [DETECT] inference took 0.20s
12:34:44 [DETECT] inference took 0.22s
12:34:45 [DETECT] inference took 0.20s
12:34:46 [DETECT] inference took 0.20s
12:34:47 [DETECT] inference took 0.22s
12:34:48 [DETECT] inference took 0.20s
12:34:49 [DETECT] inference took 0.20s
12:34:50 [DETECT] inference took 0.22s
12:34:51 [DETECT] inference took 0.20s
12:34:52 [DETECT] inference took 0.22s
12:34:53 [DETECT] inference took 0.20s
12:34:54 [DETECT] inference took 0.22s
12:34:55 [DETECT] inference took 0.20s
12:34:56 [DETECT] inference took 0.22s
12:34:57 [DETECT] inference took 0.22s
12:34:58 [DETECT] inference took 0.20s
12:34:59 [DETECT] inference took 0.22s
12:35:00 [DETECT] inference took 0.22s
12:35:01 [DETECT] inference took 0.20s
12:35:02 [DETECT] inference took 0.22s
12:35:03 [DETECT] inference took 0.20s
12:35:04 [DETECT] inference took 0.31s
12:35:05 [DETECT] inference took 0.30s
12:35:06 [DETECT] inference took 0.30s
12:35:07 [DETECT] inference took 0.28s
12:35:08 [DETECT] inference took 0.28s
12:35:09 [DETECT] inference took 0.22s
12:35:10 [DETECT] inference took 0.20s
12:35:11 [DETECT] inference took 0.22s
12:35:12 [DETECT] inference took 0.22s
12:35:13 [DETECT] inference took 0.20s
12:35:14 [DETECT] inference took 0.22s
12:35:15 [DETECT] inference took 0.22s
12:35:16 [DETECT] inference took 0.20s
12:35:17 [DETECT] inference took 0.20s
12:35:18 [DETECT] inference took 0.22s
12:35:19 [DETECT] inference took 0.22s
12:35:20 [DETECT] inference took 0.22s
12:35:21 [DETECT] inference took 0.20s
12:35:22 [DETECT] inference took 0.20s
12:35:23 [DETECT] inference took 0.22s
12:35:24 [DETECT] inference took 0.20s
12:35:25 [DETECT] inference took 0.22s
12:35:26 [DETECT] inference took 0.22s
12:35:27 [DETECT] inference took 0.20s
12:35:28 [DETECT] inference took 0.22s
12:35:29 [DETECT] inference took 0.22s
12:35:30 [DETECT] inference took 0.22s
12:35:31 [DETECT] inference took 0.20s
12:35:32 [DETECT] inference took 0.22s
12:35:33 [DETECT] inference took 0.22s
12:35:34 [DETECT] inference took 0.20s
12:35:35 [DETECT] inference took 0.28s
12:35:36 [DETECT] inference took 0.28s
12:35:37 [DETECT] inference took 0.28s
12:35:38 [DETECT] inference took 0.28s
12:35:39 [DETECT] inference took 0.30s
12:35:40 [DETECT] inference took 0.22s
12:35:41 [DETECT] inference took 0.22s
12:35:42 [DETECT] inference took 0.20s
12:35:43 [DETECT] inference took 0.20s
12:35:44 [DETECT] inference took 0.22s
12:35:45 [DETECT] inference took 0.20s
12:35:46 [DETECT] inference took 0.22s
12:35:47 [DETECT] inference took 0.22s
12:35:48 [DETECT] inference took 0.20s
12:35:49 [DETECT] inference took 0.22s
12:35:50 [DETECT] inference took 0.20s
12:35:51 [DETECT] inference took 0.20s
12:35:52 [DETECT] inference took 0.22s
12:35:53 [DETECT] inference took 0.20s
12:35:54 [DETECT] inference took 0.22s
12:35:55 [DETECT] inference took 0.20s
12:35:56 [DETECT] inference took 0.22s
12:35:57 [DETECT] inference took 0.22s
12:35:58 [DETECT] inference took 0.20s
12:35:59 [DETECT] inference took 0.20s
12:36:00 [DETECT] inference took 0.22s
12:36:01 [DETECT] inference took 0.20s
12:36:02 [DETECT] inference took 0.20s
12:36:03 [DETECT] inference took 0.22s
12:36:04 [DETECT] inference took 0.22s
12:36:05 [DETECT] inference took 0.23s
12:36:06 [DETECT] inference took 0.22s
12:36:07 [DETECT] inference took 0.22s
12:36:08 [DETECT] inference took 0.25s
12:36:09 [DETECT] inference took 0.20s
12:36:10 [DETECT] inference took 0.22s
12:36:11 [DETECT] inference took 0.22s
12:36:12 [DETECT] inference took 0.22s
12:36:13 [DETECT] inference took 0.20s
12:36:14 [DETECT] inference took 0.22s
12:36:15 [DETECT] inference took 0.22s
12:36:16 [DETECT] inference took 0.20s
12:36:17 [DETECT] inference took 0.20s
12:36:18 [DETECT] inference took 0.20s
12:36:19 [DETECT] inference took 0.22s
12:36:20 [DETECT] inference took 0.22s
12:36:21 [DETECT] inference took 0.22s
12:36:22 [DETECT] inference took 0.20s
12:36:23 [DETECT] inference took 0.20s
12:36:24 [DETECT] inference took 0.22s
12:36:25 [DETECT] inference took 0.20s
12:36:26 [DETECT] inference took 0.20s
12:36:27 [DETECT] inference took 0.31s
12:36:28 [DETECT] inference took 0.34s
12:36:29 [DETECT] inference took 0.33s
12:36:30 [DETECT] inference took 0.31s
12:36:31 [DETECT] inference took 0.31s
12:36:32 [DETECT] inference took 0.30s
12:36:33 [DETECT] inference took 0.28s
12:36:34 [DETECT] inference took 0.28s
12:36:35 [DETECT] inference took 0.30s
12:36:36 [DETECT] inference took 0.22s
12:36:37 [DETECT] inference took 0.20s
12:36:38 [DETECT] inference took 0.22s
12:36:39 [DETECT] inference took 0.20s
12:36:40 [DETECT] inference took 0.20s
12:36:41 [DETECT] inference took 0.22s
12:36:42 [DETECT] inference took 0.20s
12:36:43 [DETECT] inference took 0.22s
12:36:44 [DETECT] inference took 0.22s
12:36:45 [DETECT] inference took 0.20s
12:36:46 [DETECT] inference took 0.20s
12:36:47 [DETECT] inference took 0.22s
12:36:48 [DETECT] inference took 0.22s
12:36:49 [DETECT] inference took 0.28s
12:36:50 [DETECT] inference took 0.31s
12:36:51 [DETECT] inference took 0.30s
12:36:52 [DETECT] inference took 0.30s
12:36:53 [DETECT] inference took 0.28s
12:36:54 [DETECT] inference took 0.28s
12:36:55 [DETECT] inference took 0.31s
12:36:56 [DETECT] inference took 0.31s
12:36:57 [DETECT] inference took 0.31s
12:36:58 [DETECT] inference took 0.31s
12:36:59 [DETECT] inference took 0.33s
12:37:00 [DETECT] inference took 0.30s
12:37:01 [DETECT] inference took 0.30s
12:37:02 [DETECT] inference took 0.30s
12:37:03 [DETECT] inference took 0.31s
12:37:04 [DETECT] inference took 0.33s
12:37:05 [DETECT] inference took 0.28s
12:37:06 [DETECT] inference took 0.30s
12:37:07 [DETECT] inference took 0.30s
12:37:08 [DETECT] inference took 0.30s
12:37:09 [DETECT] inference took 0.27s
12:37:10 [DETECT] inference took 0.22s
12:37:11 [DETECT] inference took 0.22s
12:37:12 [DETECT] inference took 0.22s
12:37:13 [DETECT] inference took 0.22s
12:37:14 [DETECT] inference took 0.22s
12:37:15 [DETECT] inference took 0.22s
12:37:16 [DETECT] inference took 0.30s
12:37:17 [DETECT] inference took 0.31s
12:37:18 [DETECT] inference took 0.31s
12:37:19 [DETECT] inference took 0.30s
12:37:20 [DETECT] inference took 0.30s
12:37:21 [DETECT] inference took 0.31s
12:37:22 [DETECT] inference took 0.20s
12:37:23 [DETECT] inference took 0.20s
12:37:24 [DETECT] inference took 0.20s
12:37:25 [DETECT] inference took 0.22s
12:37:26 [DETECT] inference took 0.22s
12:37:27 [DETECT] inference took 0.20s
12:37:28 [DETECT] inference took 0.20s
12:37:29 [DETECT] inference took 0.22s
12:37:30 [DETECT] inference took 0.20s
12:37:31 [DETECT] inference took 0.20s
12:37:32 [DETECT] inference took 0.22s
12:37:33 [DETECT] inference took 0.20s
12:37:34 [DETECT] inference took 0.20s
12:37:35 [DETECT] inference took 0.22s
12:37:36 [DETECT] inference took 0.20s
12:37:37 [DETECT] inference took 0.20s
12:37:38 [DETECT] inference took 0.22s
12:37:39 [DETECT] inference took 0.20s
12:37:40 [DETECT] inference took 0.22s
12:37:41 [DETECT] inference took 0.30s
12:37:42 [DETECT] inference took 0.30s
12:37:43 [DETECT] inference took 0.28s
12:37:44 [DETECT] inference took 0.28s
12:37:45 [DETECT] inference took 0.28s
12:37:46 [DETECT] inference took 0.30s
12:37:47 [DETECT] inference took 0.20s
12:37:48 [DETECT] inference took 0.30s
12:37:49 [DETECT] inference took 0.28s
12:37:50 [DETECT] inference took 0.31s
12:37:51 [DETECT] inference took 0.31s
12:37:52 [DETECT] inference took 0.30s
12:37:53 [DETECT] inference took 0.31s
12:37:54 [DETECT] inference took 0.33s
12:37:55 [DETECT] inference took 0.31s
12:37:56 [DETECT] inference took 0.30s
12:37:57 [DETECT] inference took 0.30s
12:37:58 [DETECT] inference took 0.30s
12:37:59 [DETECT] inference took 0.30s
12:38:00 [DETECT] inference took 0.30s
12:38:01 [DETECT] inference took 0.28s
12:38:02 [DETECT] inference took 0.28s
12:38:03 [DETECT] inference took 0.30s
12:38:04 [DETECT] inference took 0.20s
12:38:05 [DETECT] inference took 0.22s
12:38:06 [DETECT] inference took 0.20s
12:38:07 [DETECT] inference took 0.20s
12:38:08 [DETECT] inference took 0.22s
12:38:09 [DETECT] inference took 0.20s
12:38:10 [DETECT] inference took 0.22s
12:38:11 [DETECT] inference took 0.20s
12:38:12 [DETECT] inference took 0.22s
12:38:13 [DETECT] inference took 0.20s
12:38:14 [DETECT] inference took 0.22s
12:38:15 [DETECT] inference took 0.22s
12:38:16 [DETECT] inference took 0.22s
12:38:17 [DETECT] inference took 0.22s
12:38:18 [DETECT] inference took 0.22s
12:38:19 [DETECT] inference took 0.20s
12:38:20 [DETECT] inference took 0.20s
12:38:21 [DETECT] inference took 0.22s
12:38:22 [DETECT] inference took 0.20s
12:38:23 [DETECT] inference took 0.22s
12:38:24 [DETECT] inference took 0.20s
12:38:25 [DETECT] inference took 0.22s
12:38:26 [DETECT] inference took 0.20s
12:38:27 [DETECT] inference took 0.20s
12:38:28 [DETECT] inference took 0.22s
12:38:29 [DETECT] inference took 0.22s
12:38:30 [DETECT] inference took 0.20s
12:38:31 [DETECT] inference took 0.22s
12:38:32 [DETECT] inference took 0.20s
12:38:33 [DETECT] inference took 0.22s
12:38:34 [DETECT] inference took 0.20s
12:38:35 [DETECT] inference took 0.20s
12:38:36 [DETECT] inference took 0.20s
12:38:37 [DETECT] inference took 0.22s
12:38:38 [DETECT] inference took 0.20s
12:38:39 [DETECT] inference took 0.20s
12:38:40 [DETECT] inference took 0.22s
12:38:41 [DETECT] inference took 0.20s
12:38:42 [DETECT] inference took 0.20s
12:38:43 [DETECT] inference took 0.20s
12:38:44 [DETECT] inference took 0.22s
12:38:45 [DETECT] inference took 0.20s
12:38:46 [DETECT] inference took 0.22s
12:38:47 [DETECT] inference took 0.20s
12:38:48 [DETECT] inference took 0.20s
12:38:49 [DETECT] inference took 0.22s
12:38:50 [DETECT] inference took 0.20s
12:38:51 [DETECT] inference took 0.22s
12:38:52 [DETECT] inference took 0.20s
12:38:53 [DETECT] inference took 0.22s
12:38:54 [DETECT] inference took 0.20s
12:38:55 [DETECT] inference took 0.22s
12:38:56 [DETECT] inference took 0.20s
12:38:57 [DETECT] inference took 0.22s
12:38:58 [DETECT] inference took 0.20s
12:38:59 [DETECT] inference took 0.22s
12:39:00 [DETECT] inference took 0.20s
12:39:01 [DETECT] inference took 0.20s
12:39:02 [DETECT] inference took 0.20s
12:39:03 [DETECT] inference took 0.22s
12:39:04 [DETECT] inference took 0.20s
12:39:05 [DETECT] inference took 0.20s
12:39:06 [DETECT] inference took 0.22s
12:39:07 [DETECT] inference took 0.20s
12:39:08 [DETECT] inference took 0.30s
12:39:09 [DETECT] inference took 0.30s
12:39:10 [DETECT] inference took 0.31s
12:39:10 [DETECT] inference took 0.34s
12:39:11 [DETECT] inference took 0.30s
12:39:12 [DETECT] inference took 0.33s
12:39:12 [DETECT] inference took 0.38s
12:39:13 [DETECT] inference took 0.31s
12:39:14 [DETECT] inference took 0.31s
12:39:15 [DETECT] inference took 0.31s
12:39:16 [DETECT] inference took 0.28s
12:39:17 [DETECT] inference took 0.30s
12:39:18 [DETECT] inference took 0.30s
12:39:19 [DETECT] inference took 0.31s
12:39:20 [DETECT] inference took 0.31s
12:39:21 [DETECT] inference took 0.31s
12:39:22 [DETECT] inference took 0.28s
12:39:23 [DETECT] inference took 0.30s
12:39:24 [DETECT] inference took 0.30s
12:39:25 [DETECT] inference took 0.30s
12:39:26 [DETECT] inference took 0.31s
12:39:27 [DETECT] inference took 0.31s
12:39:28 [DETECT] inference took 0.30s
12:39:29 [DETECT] inference took 0.30s
12:39:30 [DETECT] inference took 0.28s
12:39:31 [DETECT] inference took 0.28s
12:39:32 [DETECT] inference took 0.30s
12:39:33 [DETECT] inference took 0.28s
12:39:34 [DETECT] inference took 0.31s
12:39:35 [DETECT] inference took 0.30s
12:39:36 [DETECT] inference took 0.30s
12:39:37 [DETECT] inference took 0.31s
12:39:38 [DETECT] inference took 0.30s
12:39:39 [DETECT] inference took 0.30s
12:39:40 [DETECT] inference took 0.30s
12:39:41 [DETECT] inference took 0.30s
12:39:41 [DETECT] inference took 0.36s
12:39:42 [DETECT] inference took 0.31s
12:39:43 [DETECT] inference took 0.30s
12:39:44 [DETECT] inference took 0.28s
12:39:45 [DETECT] inference took 0.31s
12:39:46 [DETECT] inference took 0.30s
12:39:47 [DETECT] inference took 0.31s
12:39:48 [DETECT] inference took 0.30s
12:39:49 [DETECT] inference took 0.30s
12:39:50 [DETECT] inference took 0.22s
12:39:51 [DETECT] inference took 0.22s
12:39:52 [DETECT] inference took 0.20s
12:39:53 [DETECT] inference took 0.22s
12:39:54 [DETECT] inference took 0.31s
12:39:55 [DETECT] inference took 0.33s
12:39:56 [DETECT] inference took 0.30s
12:39:57 [DETECT] inference took 0.28s
12:39:58 [DETECT] inference took 0.28s
12:39:59 [DETECT] inference took 0.20s
12:40:00 [DETECT] inference took 0.20s
12:40:01 [DETECT] inference took 0.22s
12:40:02 [DETECT] inference took 0.20s
12:40:03 [DETECT] inference took 0.20s
12:40:04 [DETECT] inference took 0.22s
12:40:05 [DETECT] inference took 0.22s
12:40:06 [DETECT] inference took 0.20s
12:40:07 [DETECT] inference took 0.20s
12:40:08 [DETECT] inference took 0.22s
12:40:09 [DETECT] inference took 0.20s
12:40:10 [DETECT] inference took 0.20s
12:40:11 [DETECT] inference took 0.20s
12:40:12 [DETECT] inference took 0.20s
12:40:13 [DETECT] inference took 0.22s
12:40:14 [DETECT] inference took 0.20s
12:40:15 [DETECT] inference took 0.20s
12:40:16 [DETECT] inference took 0.20s
12:40:17 [DETECT] inference took 0.20s
12:40:18 [DETECT] inference took 0.30s
12:40:19 [DETECT] inference took 0.30s
12:40:20 [DETECT] inference took 0.31s
12:40:21 [DETECT] inference took 0.28s
12:40:22 [DETECT] inference took 0.28s
12:40:23 [DETECT] inference took 0.20s
12:40:24 [DETECT] inference took 0.22s
12:40:25 [DETECT] inference took 0.22s
12:40:26 [DETECT] inference took 0.20s
12:40:27 [DETECT] inference took 0.22s
12:40:28 [DETECT] inference took 0.22s
12:40:29 [DETECT] inference took 0.20s
12:40:30 [DETECT] inference took 0.22s
12:40:31 [DETECT] inference took 0.22s
12:40:32 [DETECT] inference took 0.20s
12:40:33 [DETECT] inference took 0.28s
12:40:34 [DETECT] inference took 0.23s
12:40:35 [DETECT] inference took 0.20s
12:40:36 [DETECT] inference took 0.22s
12:40:37 [DETECT] inference took 0.20s
12:40:38 [DETECT] inference took 0.22s
12:40:39 [DETECT] inference took 0.25s
12:40:40 [DETECT] inference took 0.25s
12:40:41 [DETECT] inference took 0.22s
12:40:42 [DETECT] inference took 0.27s
12:40:43 [DETECT] inference took 0.22s
12:40:44 [DETECT] inference took 0.22s
12:40:45 [DETECT] inference took 0.22s
12:40:46 [DETECT] inference took 0.20s
12:40:47 [DETECT] inference took 0.20s
12:40:48 [DETECT] inference took 0.20s
12:40:49 [DETECT] inference took 0.22s
12:40:50 [DETECT] inference took 0.20s
12:40:51 [DETECT] inference took 0.22s
12:40:52 [DETECT] inference took 0.22s
12:40:53 [DETECT] inference took 0.20s
12:40:54 [DETECT] inference took 0.22s
12:40:55 [DETECT] inference took 0.22s
12:40:56 [DETECT] inference took 0.20s
12:40:57 [DETECT] inference took 0.22s
12:40:58 [DETECT] inference took 0.22s
12:40:59 [DETECT] inference took 0.20s
12:41:00 [DETECT] inference took 0.22s
12:41:01 [DETECT] inference took 0.20s
12:41:02 [DETECT] inference took 0.20s
12:41:03 [DETECT] inference took 0.22s
12:41:04 [DETECT] inference took 0.20s
12:41:05 [DETECT] inference took 0.27s
12:41:06 [DETECT] inference took 0.28s
12:41:07 [DETECT] inference took 0.28s
12:41:08 [DETECT] inference took 0.28s
12:41:09 [DETECT] inference took 0.28s
12:41:10 [DETECT] inference took 0.31s
12:41:11 [DETECT] inference took 0.22s
12:41:12 [DETECT] inference took 0.20s
12:41:13 [DETECT] inference took 0.22s
12:41:14 [DETECT] inference took 0.20s
12:41:15 [DETECT] inference took 0.23s
12:41:16 [DETECT] inference took 0.20s
12:41:17 [DETECT] inference took 0.20s
12:41:18 [DETECT] inference took 0.22s
12:41:19 [DETECT] inference took 0.20s
12:41:20 [DETECT] inference took 0.20s
12:41:21 [DETECT] inference took 0.22s
12:41:22 [DETECT] inference took 0.22s
12:41:23 [DETECT] inference took 0.30s
12:41:24 [DETECT] inference took 0.28s
12:41:25 [DETECT] inference took 0.28s
12:41:26 [DETECT] inference took 0.28s
12:41:27 [DETECT] inference took 0.31s
12:41:28 [DETECT] inference took 0.22s
12:41:29 [DETECT] inference took 0.20s
12:41:30 [DETECT] inference took 0.20s
12:41:31 [DETECT] inference took 0.20s
12:41:32 [DETECT] inference took 0.22s
12:41:33 [DETECT] inference took 0.22s
12:41:34 [DETECT] inference took 0.20s
12:41:35 [DETECT] inference took 0.30s
12:41:36 [DETECT] inference took 0.28s
12:41:37 [DETECT] inference took 0.33s
12:41:38 [DETECT] inference took 0.33s
12:41:39 [DETECT] inference took 0.30s
12:41:40 [DETECT] inference took 0.28s
12:41:41 [DETECT] inference took 0.25s
12:41:42 [DETECT] inference took 0.22s
12:41:43 [DETECT] inference took 0.22s
12:41:44 [DETECT] inference took 0.23s
12:41:45 [DETECT] inference took 0.20s
12:41:46 [DETECT] inference took 0.22s
12:41:47 [DETECT] inference took 0.22s
12:41:48 [DETECT] inference took 0.22s
12:41:49 [DETECT] inference took 0.23s
12:41:50 [DETECT] inference took 0.22s
12:41:51 [DETECT] inference took 0.20s
12:41:52 [DETECT] inference took 0.22s
12:41:53 [DETECT] inference took 0.22s
12:41:54 [DETECT] inference took 0.23s
12:41:55 [DETECT] inference took 0.22s
12:41:56 [DETECT] inference took 0.22s
12:41:57 [DETECT] inference took 0.22s
12:41:58 [DETECT] inference took 0.22s
12:41:59 [DETECT] inference took 0.22s
12:42:00 [DETECT] inference took 0.25s
12:42:01 [DETECT] inference took 0.20s
12:42:02 [DETECT] inference took 0.28s
12:42:03 [DETECT] inference took 0.30s
12:42:04 [DETECT] inference took 0.31s
12:42:05 [DETECT] inference took 0.28s
12:42:06 [DETECT] inference took 0.27s
12:42:07 [DETECT] inference took 0.30s
12:42:08 [DETECT] inference took 0.28s
12:42:09 [DETECT] inference took 0.28s
12:42:10 [DETECT] inference took 0.31s
12:42:11 [DETECT] inference took 0.27s
12:42:12 [DETECT] inference took 0.30s
12:42:13 [DETECT] inference took 0.28s
12:42:14 [DETECT] inference took 0.30s
12:42:15 [DETECT] inference took 0.30s
12:42:16 [DETECT] inference took 0.30s
12:42:17 [DETECT] inference took 0.28s
12:42:18 [DETECT] inference took 0.27s
12:42:19 [DETECT] inference took 0.30s
12:42:20 [DETECT] inference took 0.28s
12:42:21 [DETECT] inference took 0.31s
12:42:22 [DETECT] inference took 0.38s
12:42:23 [DETECT] inference took 0.28s
12:42:24 [DETECT] inference took 0.30s
12:42:25 [DETECT] inference took 0.28s
12:42:26 [DETECT] inference took 0.28s
12:42:27 [DETECT] inference took 0.30s
12:42:28 [DETECT] inference took 0.30s
12:42:29 [DETECT] inference took 0.30s
12:42:30 [DETECT] inference took 0.28s
12:42:31 [DETECT] inference took 0.28s
12:42:32 [DETECT] inference took 0.31s
12:42:33 [DETECT] inference took 0.30s
12:42:34 [DETECT] inference took 0.30s
12:42:35 [DETECT] inference took 0.28s
12:42:36 [DETECT] inference took 0.27s
12:42:37 [DETECT] inference took 0.28s
12:42:38 [DETECT] inference took 0.28s
12:42:39 [DETECT] inference took 0.31s
12:42:40 [DETECT] inference took 0.31s
12:42:41 [DETECT] inference took 0.30s
12:42:42 [DETECT] inference took 0.28s
12:42:43 [DETECT] inference took 0.34s
12:42:44 [DETECT] inference took 0.33s
12:42:45 [DETECT] inference took 0.42s
12:42:46 [DETECT] inference took 0.27s
12:42:47 [DETECT] inference took 0.31s
12:42:48 [DETECT] inference took 0.22s
12:42:49 [DETECT] inference took 0.20s
12:42:50 [DETECT] inference took 0.28s
12:42:51 [DETECT] inference took 0.27s
12:42:52 [DETECT] inference took 0.27s
12:42:53 [DETECT] inference took 0.28s
12:42:54 [DETECT] inference took 0.30s
12:42:55 [DETECT] inference took 0.20s
12:42:56 [DETECT] inference took 0.30s
12:42:57 [DETECT] inference took 0.28s
12:42:58 [DETECT] inference took 0.28s
12:42:59 [DETECT] inference took 0.27s
12:43:00 [DETECT] inference took 0.30s
12:43:01 [DETECT] inference took 0.28s
12:43:02 [DETECT] inference took 0.28s
12:43:03 [DETECT] inference took 0.30s
12:43:04 [DETECT] inference took 0.22s
12:43:05 [DETECT] inference took 0.22s
12:43:06 [DETECT] inference took 0.22s
12:43:07 [DETECT] inference took 0.20s
12:43:08 [DETECT] inference took 0.22s
12:43:09 [DETECT] inference took 0.22s
12:43:10 [DETECT] inference took 0.20s
12:43:11 [DETECT] inference took 0.22s
12:43:11 [DETECT] inference took 0.23s
12:43:12 [DETECT] inference took 0.20s
12:43:13 [DETECT] inference took 0.22s
12:43:14 [DETECT] inference took 0.20s
12:43:15 [DETECT] inference took 0.22s
12:43:16 [DETECT] inference took 0.20s
12:43:17 [DETECT] inference took 0.22s
12:43:18 [DETECT] inference took 0.20s
12:43:19 [DETECT] inference took 0.22s
12:43:20 [DETECT] inference took 0.22s
12:43:21 [DETECT] inference took 0.22s
12:43:22 [DETECT] inference took 0.20s
12:43:23 [DETECT] inference took 0.22s
12:43:24 [DETECT] inference took 0.20s
12:43:25 [DETECT] inference took 0.20s
12:43:26 [DETECT] inference took 0.22s
12:43:27 [DETECT] inference took 0.20s
12:43:28 [DETECT] inference took 0.22s
12:43:29 [DETECT] inference took 0.22s
12:43:30 [DETECT] inference took 0.22s
12:43:31 [DETECT] inference took 0.20s
12:43:32 [DETECT] inference took 0.22s
12:43:33 [DETECT] inference took 0.20s
12:43:34 [DETECT] inference took 0.22s
12:43:35 [DETECT] inference took 0.20s
12:43:36 [DETECT] inference took 0.22s
12:43:37 [DETECT] inference took 0.22s
12:43:38 [DETECT] inference took 0.20s
12:43:39 [DETECT] inference took 0.20s
12:43:40 [DETECT] inference took 0.22s
12:43:41 [DETECT] inference took 0.22s
12:43:42 [DETECT] inference took 0.22s
12:43:43 [DETECT] inference took 0.20s
12:43:44 [DETECT] inference took 0.20s
12:43:45 [DETECT] inference took 0.22s
12:43:46 [DETECT] inference took 0.20s
12:43:47 [DETECT] inference took 0.20s
12:43:48 [DETECT] inference took 0.22s
12:43:49 [DETECT] inference took 0.22s
12:43:50 [DETECT] inference took 0.20s
12:43:51 [DETECT] inference took 0.20s
12:43:52 [DETECT] inference took 0.22s
12:43:53 [DETECT] inference took 0.22s
12:43:54 [DETECT] inference took 0.31s
12:43:55 [DETECT] inference took 0.33s
12:43:56 [DETECT] inference took 0.33s
12:43:57 [DETECT] inference took 0.30s
12:43:58 [DETECT] inference took 0.30s
12:43:59 [DETECT] inference took 0.30s
12:44:00 [DETECT] inference took 0.22s
12:44:01 [DETECT] inference took 0.22s
12:44:02 [DETECT] inference took 0.20s
12:44:03 [DETECT] inference took 0.30s
12:44:04 [DETECT] inference took 0.31s
12:44:05 [DETECT] inference took 0.33s
12:44:06 [DETECT] inference took 0.31s
12:44:07 [DETECT] inference took 0.28s
12:44:08 [DETECT] inference took 0.31s
12:44:09 [DETECT] inference took 0.31s
12:44:10 [DETECT] inference took 0.31s
12:44:11 [DETECT] inference took 0.31s
12:44:12 [DETECT] inference took 0.31s
12:44:13 [DETECT] inference took 0.31s
12:44:14 [DETECT] inference took 0.38s
12:44:15 [DETECT] inference took 0.36s
12:44:16 [DETECT] inference took 0.42s
12:44:16 [DETECT] inference took 0.33s
12:44:17 [DETECT] inference took 0.38s
12:44:17 [DETECT] inference took 0.30s
12:44:18 [DETECT] inference took 0.36s
12:44:18 [DETECT] inference took 0.31s
12:44:19 [DETECT] inference took 0.36s
12:44:19 [DETECT] inference took 0.30s
12:44:20 [DETECT] inference took 0.36s
12:44:20 [DETECT] inference took 0.30s
12:44:21 [DETECT] inference took 0.36s
12:44:21 [DETECT] inference took 0.30s
12:44:22 [DETECT] inference took 0.36s
12:44:22 [DETECT] inference took 0.30s
12:44:23 [DETECT] inference took 0.36s
12:44:23 [DETECT] inference took 0.31s
12:44:24 [DETECT] inference took 0.34s
12:44:24 [DETECT] inference took 0.31s
12:44:25 [DETECT] inference took 0.34s
12:44:25 [DETECT] inference took 0.30s
12:44:26 [DETECT] inference took 0.36s
12:44:26 [DETECT] inference took 0.31s
12:44:27 [DETECT] inference took 0.34s
12:44:27 [DETECT] inference took 0.22s
12:44:27 [DETECT] inference took 0.23s
12:44:28 [DETECT] inference took 0.31s
12:44:29 [DETECT] inference took 0.36s
12:44:29 [DETECT] inference took 0.31s
12:44:30 [DETECT] inference took 0.34s
12:44:30 [DETECT] inference took 0.30s
12:44:31 [DETECT] inference took 0.34s
12:44:31 [DETECT] inference took 0.30s
12:44:32 [DETECT] inference took 0.34s
12:44:32 [DETECT] inference took 0.30s
12:44:33 [DETECT] inference took 0.34s
12:44:33 [DETECT] inference took 0.30s
12:44:33 [DETECT] inference took 0.25s
12:44:34 [DETECT] inference took 0.22s
12:44:34 [DETECT] inference took 0.25s
12:44:35 [DETECT] inference took 0.20s
12:44:35 [DETECT] inference took 0.27s
12:44:36 [DETECT] inference took 0.20s
12:44:36 [DETECT] inference took 0.25s
12:44:37 [DETECT] inference took 0.22s
12:44:37 [DETECT] inference took 0.34s
12:44:38 [DETECT] inference took 0.34s
12:44:39 [DETECT] inference took 0.38s
12:44:39 [DETECT] inference took 0.31s
12:44:40 [DETECT] inference took 0.31s
12:44:41 [DETECT] inference took 0.36s
12:44:41 [DETECT] inference took 0.30s
12:44:42 [DETECT] inference took 0.38s
12:44:42 [DETECT] inference took 0.30s
12:44:42 [DETECT] inference took 0.25s
12:44:43 [DETECT] inference took 0.20s
12:44:44 [DETECT] inference took 0.23s
12:44:45 [DETECT] inference took 0.20s
12:44:46 [DETECT] inference took 0.22s
12:44:47 [DETECT] inference took 0.22s
12:44:48 [DETECT] inference took 0.22s
12:44:49 [DETECT] inference took 0.20s
12:44:50 [DETECT] inference took 0.23s
12:44:51 [DETECT] inference took 0.22s
12:44:52 [DETECT] inference took 0.20s
12:44:52 [DETECT] inference took 0.25s
12:44:53 [DETECT] inference took 0.22s
12:44:53 [DETECT] inference took 0.25s
12:44:54 [DETECT] inference took 0.22s
12:44:54 [DETECT] inference took 0.25s
12:44:55 [DETECT] inference took 0.22s
12:44:55 [DETECT] inference took 0.25s
12:44:56 [DETECT] inference took 0.22s
12:44:57 [DETECT] inference took 0.23s
12:44:58 [DETECT] inference took 0.22s
12:44:59 [DETECT] inference took 0.24s
12:45:00 [DETECT] inference took 0.36s
12:45:01 [DETECT] inference took 0.33s
12:45:02 [DETECT] inference took 0.34s
12:45:03 [DETECT] inference took 0.30s
12:45:04 [DETECT] inference took 0.34s
12:45:05 [DETECT] inference took 0.30s
12:45:06 [DETECT] inference took 0.33s
12:45:07 [DETECT] inference took 0.30s
12:45:08 [DETECT] inference took 0.30s
12:45:09 [DETECT] inference took 0.31s
12:45:10 [DETECT] inference took 0.33s
12:45:11 [DETECT] inference took 0.31s
12:45:12 [DETECT] inference took 0.33s
12:45:13 [DETECT] inference took 0.33s
12:45:14 [DETECT] inference took 0.33s
12:45:15 [DETECT] inference took 0.34s
12:45:16 [DETECT] inference took 0.33s
12:45:17 [DETECT] inference took 0.33s
12:45:18 [DETECT] inference took 0.38s
12:45:19 [DETECT] inference took 0.36s
12:45:20 [DETECT] inference took 0.39s
12:45:21 [DETECT] inference took 0.39s
12:45:22 [DETECT] inference took 0.41s
12:45:22 [DETECT] inference took 0.41s
12:45:23 [DETECT] inference took 0.39s
12:45:24 [DETECT] inference took 0.23s
12:45:24 [DETECT] inference took 0.25s
12:45:25 [DETECT] inference took 0.23s
12:45:26 [DETECT] inference took 0.22s
12:45:26 [DETECT] inference took 0.25s
12:45:27 [DETECT] inference took 0.30s
12:45:28 [DETECT] inference took 0.42s
12:45:29 [DETECT] inference took 0.58s
12:45:29 [DETECT] inference took 0.58s
12:45:30 [DETECT] inference took 0.55s
12:45:31 [DETECT] inference took 0.39s
12:45:31 [DETECT] inference took 0.39s
12:45:32 [DETECT] inference took 0.38s
12:45:32 [DETECT] inference took 0.34s
12:45:33 [DETECT] inference took 0.36s
12:45:34 [DETECT] inference took 0.34s
12:45:35 [DETECT] inference took 0.34s
12:45:36 [DETECT] inference took 0.36s
12:45:37 [DETECT] inference took 0.34s
12:45:38 [DETECT] inference took 0.22s
12:45:39 [DETECT] inference took 0.22s
12:45:40 [DETECT] inference took 0.22s
12:45:41 [DETECT] inference took 0.22s
12:45:42 [DETECT] inference took 0.22s
12:45:43 [DETECT] inference took 0.20s
12:45:44 [DETECT] inference took 0.27s
12:45:45 [DETECT] inference took 0.34s
12:45:46 [DETECT] inference took 0.36s
12:45:47 [DETECT] inference took 0.33s
12:45:49 [DETECT] inference took 0.38s
12:45:49 [DETECT] inference took 0.30s
12:45:50 [DETECT] inference took 0.31s
12:45:51 [DETECT] inference took 0.31s
12:45:52 [DETECT] inference took 0.33s
12:45:53 [DETECT] inference took 0.31s
12:45:55 [DETECT] inference took 0.38s
12:45:55 [DETECT] inference took 0.33s
12:45:56 [DETECT] inference took 0.34s
12:45:56 [DETECT] inference took 0.31s
12:45:58 [DETECT] inference took 0.36s
12:45:58 [DETECT] inference took 0.33s
12:45:59 [DETECT] inference took 0.33s
12:46:00 [DETECT] inference took 0.31s
12:46:02 [DETECT] inference took 0.36s
12:46:02 [DETECT] inference took 0.31s
12:46:03 [DETECT] inference took 0.34s
12:46:05 [DETECT] inference took 0.44s
12:46:06 [DETECT] inference took 0.34s
12:46:07 [DETECT] inference took 0.38s
12:46:08 [DETECT] inference took 0.38s
12:46:09 [DETECT] inference took 0.36s
12:46:10 [DETECT] inference took 0.36s
12:46:11 [DETECT] inference took 0.38s
12:46:12 [DETECT] inference took 0.38s
12:46:13 [DETECT] inference took 0.38s
12:46:14 [DETECT] inference took 0.36s
12:46:15 [DETECT] inference took 0.36s
12:46:16 [DETECT] inference took 0.34s
12:46:17 [DETECT] inference took 0.36s
12:46:18 [DETECT] inference took 0.36s
12:46:19 [DETECT] inference took 0.36s
12:46:20 [DETECT] inference took 0.36s
12:46:21 [DETECT] inference took 0.36s
12:46:22 [DETECT] inference took 0.39s
12:46:23 [DETECT] inference took 0.34s
12:46:24 [DETECT] inference took 0.36s
12:46:25 [DETECT] inference took 0.36s
12:46:26 [DETECT] inference took 0.34s
12:46:27 [DETECT] inference took 0.39s
12:46:28 [DETECT] inference took 0.34s
12:46:29 [DETECT] inference took 0.36s
12:46:30 [DETECT] inference took 0.38s
12:46:30 [DETECT] inference took 0.34s
12:46:30 [DETECT] rejected drone candidate (confidence=0.46) -- overlaps a confidently-classified non-drone object
12:46:30 [DETECT] inference took 0.27s
12:46:31 [DETECT] inference took 0.23s
12:46:31 [DETECT] rejected drone candidate (confidence=0.36) -- overlaps a confidently-classified non-drone object
12:46:31 [DETECT] inference took 0.27s
12:46:32 [DETECT] inference took 0.27s
12:46:32 [DETECT] rejected drone candidate (confidence=0.36) -- overlaps a confidently-classified non-drone object
12:46:32 [DETECT] inference took 0.23s
12:46:33 [DETECT] inference took 0.23s
12:46:33 [DETECT] rejected drone candidate (confidence=0.33) -- overlaps a confidently-classified non-drone object
12:46:33 [DETECT] inference took 0.27s
12:46:34 [DETECT] inference took 0.25s
12:46:34 [DETECT] rejected drone candidate (confidence=0.27) -- overlaps a confidently-classified non-drone object
12:46:34 [DETECT] inference took 0.25s
12:46:35 [DETECT] inference took 0.25s
12:46:35 [DETECT] rejected drone candidate (confidence=0.25) -- overlaps a confidently-classified non-drone object
12:46:35 [DETECT] inference took 0.23s
12:46:36 [DETECT] inference took 0.25s
12:46:36 [DETECT] rejected drone candidate (confidence=0.41) -- overlaps a confidently-classified non-drone object
12:46:36 [DETECT] inference took 0.25s
12:46:37 [DETECT] inference took 0.23s
12:46:38 [DETECT] inference took 0.23s
12:46:39 [DETECT] inference took 0.23s
12:46:40 [DETECT] inference took 0.25s
12:46:41 [DETECT] inference took 0.25s
12:46:42 [DETECT] inference took 0.23s
12:46:43 [DETECT] inference took 0.23s
12:46:44 [DETECT] inference took 0.23s
12:46:45 [DETECT] inference took 0.22s
12:46:46 [DETECT] inference took 0.25s
12:46:47 [DETECT] inference took 0.23s
12:46:48 [DETECT] inference took 0.23s
12:46:49 [DETECT] inference took 0.22s
12:46:50 [DETECT] inference took 0.23s
12:46:51 [DETECT] inference took 0.25s
12:46:52 [DETECT] inference took 0.25s
12:46:53 [DETECT] inference took 0.22s
12:46:54 [DETECT] inference took 0.25s
12:46:55 [DETECT] inference took 0.25s
12:46:57 [DETECT] inference took 0.39s
12:46:58 [DETECT] inference took 0.34s
12:46:59 [DETECT] inference took 0.36s
12:47:00 [DETECT] inference took 0.33s
12:47:01 [DETECT] inference took 0.31s
12:47:02 [DETECT] inference took 0.36s
12:47:03 [DETECT] inference took 0.38s
12:47:04 [DETECT] inference took 0.36s
12:47:04 [DETECT] inference took 0.39s
12:47:05 [DETECT] inference took 0.34s
12:47:06 [DETECT] inference took 0.34s
12:47:07 [DETECT] inference took 0.38s
12:47:08 [DETECT] inference took 0.38s
12:47:09 [DETECT] inference took 0.36s
12:47:10 [DETECT] inference took 0.36s
12:47:11 [DETECT] inference took 0.34s
12:47:12 [DETECT] inference took 0.52s
12:47:13 [DETECT] inference took 0.39s
12:47:13 [DETECT] inference took 0.42s
12:47:14 [DETECT] inference took 0.38s
12:47:14 [DETECT] inference took 0.39s
12:47:15 [DETECT] inference took 0.38s
12:47:16 [DETECT] inference took 0.31s
12:47:17 [DETECT] inference took 0.34s
12:47:17 [DETECT] inference took 0.22s
12:47:18 [DETECT] inference took 0.22s
12:47:19 [DETECT] inference took 0.22s
12:47:20 [DETECT] inference took 0.22s
12:47:21 [DETECT] inference took 0.22s
12:47:22 [DETECT] inference took 0.22s
12:47:23 [DETECT] inference took 0.22s
12:47:24 [DETECT] inference took 0.22s
12:47:25 [DETECT] inference took 0.22s
12:47:26 [DETECT] inference took 0.23s
12:47:27 [DETECT] inference took 0.22s
12:47:29 [DETECT] inference took 0.28s
12:47:29 [DETECT] inference took 0.22s
12:47:30 [DETECT] inference took 0.22s
12:47:31 [DETECT] inference took 0.22s
12:47:32 [DETECT] inference took 0.20s
12:47:33 [DETECT] inference took 0.23s
12:47:34 [DETECT] inference took 0.23s
12:47:35 [DETECT] inference took 0.20s
12:47:36 [DETECT] inference took 0.23s
12:47:37 [DETECT] inference took 0.22s
12:47:38 [DETECT] inference took 0.23s
12:47:39 [DETECT] inference took 0.22s
12:47:40 [DETECT] inference took 0.23s
12:47:41 [DETECT] inference took 0.23s
12:47:41 [DETECT] inference took 0.23s
12:47:42 [DETECT] inference took 0.23s
12:47:43 [DETECT] inference took 0.22s
12:47:44 [DETECT] inference took 0.23s
12:47:45 [DETECT] inference took 0.23s
12:47:46 [DETECT] inference took 0.22s
12:47:47 [DETECT] inference took 0.22s
12:47:48 [DETECT] inference took 0.22s
12:47:49 [DETECT] inference took 0.23s
12:47:50 [DETECT] inference took 0.22s
12:47:51 [DETECT] inference took 0.23s
12:47:52 [DETECT] inference took 0.22s
12:47:53 [DETECT] inference took 0.22s
12:47:54 [DETECT] inference took 0.22s
12:47:55 [DETECT] inference took 0.23s
12:47:56 [DETECT] inference took 0.22s
12:47:57 [DETECT] inference took 0.22s
12:47:58 [DETECT] inference took 0.22s
12:47:59 [DETECT] inference took 0.22s
12:48:00 [DETECT] inference took 0.23s
12:48:01 [DETECT] inference took 0.22s
12:48:02 [DETECT] inference took 0.22s
12:48:03 [DETECT] inference took 0.22s
12:48:04 [DETECT] inference took 0.23s
12:48:05 [DETECT] inference took 0.20s
12:48:06 [DETECT] inference took 0.22s
12:48:07 [DETECT] inference took 0.25s
12:48:08 [DETECT] inference took 0.22s
12:48:09 [DETECT] inference took 0.22s
12:48:10 [DETECT] inference took 0.22s
12:48:11 [DETECT] inference took 0.22s
12:48:12 [DETECT] inference took 0.22s
12:48:13 [DETECT] inference took 0.23s
12:48:14 [DETECT] inference took 0.22s
12:48:15 [DETECT] inference took 0.22s
12:48:16 [DETECT] inference took 0.22s
12:48:17 [DETECT] inference took 0.22s
12:48:18 [DETECT] inference took 0.22s
12:48:19 [DETECT] inference took 0.23s
12:48:20 [DETECT] inference took 0.22s
12:48:21 [DETECT] inference took 0.22s
12:48:22 [DETECT] inference took 0.23s
12:48:23 [DETECT] inference took 0.22s
12:48:24 [DETECT] inference took 0.23s
12:48:25 [DETECT] inference took 0.22s
12:48:26 [DETECT] inference took 0.23s
12:48:27 [DETECT] inference took 0.22s
12:48:28 [DETECT] inference took 0.22s
12:48:29 [DETECT] inference took 0.20s
12:48:30 [DETECT] inference took 0.23s
12:48:31 [DETECT] inference took 0.22s
12:48:32 [DETECT] inference took 0.22s
12:48:33 [DETECT] inference took 0.20s
12:48:34 [DETECT] inference took 0.23s
12:48:35 [DETECT] inference took 0.22s
12:48:36 [DETECT] inference took 0.22s
12:48:37 [DETECT] inference took 0.22s
12:48:38 [DETECT] inference took 0.22s
12:48:39 [DETECT] inference took 0.22s
12:48:40 [DETECT] inference took 0.23s
12:48:41 [DETECT] inference took 0.22s
12:48:42 [DETECT] inference took 0.23s
12:48:43 [DETECT] inference took 0.20s
12:48:44 [DETECT] inference took 0.22s
12:48:45 [DETECT] inference took 0.23s
12:48:46 [DETECT] inference took 0.23s
12:48:47 [DETECT] inference took 0.20s
12:48:48 [DETECT] inference took 0.22s
12:48:50 [DETECT] inference took 0.23s
12:48:51 [DETECT] inference took 0.23s
12:48:51 [DETECT] inference took 0.20s
12:48:52 [DETECT] inference took 0.22s
12:48:53 [DETECT] inference took 0.22s
12:48:54 [DETECT] inference took 0.22s
12:48:56 [DETECT] inference took 0.22s
12:48:56 [DETECT] inference took 0.22s
12:48:57 [DETECT] inference took 0.20s
12:48:58 [DETECT] inference took 0.22s
12:48:59 [DETECT] inference took 0.22s
12:49:01 [DETECT] inference took 0.20s
12:49:02 [DETECT] inference took 0.22s
12:49:03 [DETECT] inference took 0.22s
12:49:04 [DETECT] inference took 0.22s
12:49:05 [DETECT] inference took 0.24s
12:49:06 [DETECT] inference took 0.22s
12:49:07 [DETECT] inference took 0.22s
12:49:08 [DETECT] inference took 0.24s
12:49:09 [DETECT] inference took 0.22s
12:49:10 [DETECT] inference took 0.20s
12:49:11 [DETECT] inference took 0.25s
12:49:12 [DETECT] inference took 0.22s
12:49:13 [DETECT] inference took 0.24s
12:49:14 [DETECT] inference took 0.24s
12:49:15 [DETECT] inference took 0.22s
12:49:16 [DETECT] inference took 0.24s
12:49:17 [DETECT] inference took 0.22s
12:49:18 [DETECT] inference took 0.24s
12:49:19 [DETECT] inference took 0.22s
12:49:20 [DETECT] inference took 0.22s
12:49:21 [DETECT] inference took 0.22s
12:49:22 [DETECT] inference took 0.22s
12:49:23 [DETECT] inference took 0.22s
12:49:24 [DETECT] inference took 0.22s
12:49:25 [DETECT] inference took 0.22s
12:49:26 [DETECT] inference took 0.23s
12:49:27 [DETECT] inference took 0.20s
12:49:28 [DETECT] inference took 0.22s
12:49:29 [DETECT] inference took 0.20s
12:49:30 [DETECT] inference took 0.22s
12:49:31 [DETECT] inference took 0.23s
12:49:32 [DETECT] inference took 0.22s
12:49:33 [DETECT] inference took 0.22s
12:49:34 [DETECT] inference took 0.22s
12:49:35 [DETECT] inference took 0.22s
12:49:36 [DETECT] inference took 0.25s
12:49:37 [DETECT] inference took 0.22s
12:49:38 [DETECT] inference took 0.20s
12:49:39 [DETECT] inference took 0.22s
12:49:40 [DETECT] inference took 0.22s
12:49:41 [DETECT] inference took 0.23s
12:49:42 [DETECT] inference took 0.22s
12:49:43 [DETECT] inference took 0.20s
12:49:44 [DETECT] inference took 0.22s
12:49:45 [DETECT] inference took 0.22s
12:49:46 [DETECT] inference took 0.22s
12:49:47 [DETECT] inference took 0.22s
12:49:48 [DETECT] inference took 0.20s
12:49:49 [DETECT] inference took 0.22s
12:49:50 [DETECT] inference took 0.28s
12:49:51 [DETECT] inference took 0.38s
12:49:52 [DETECT] inference took 0.33s
12:49:53 [DETECT] inference took 0.31s
12:49:54 [DETECT] inference took 0.31s
12:49:55 [DETECT] inference took 0.30s
12:49:56 [DETECT] inference took 0.22s
12:49:57 [DETECT] inference took 0.22s
12:49:58 [DETECT] inference took 0.20s
12:49:59 [DETECT] inference took 0.28s
12:50:00 [DETECT] inference took 0.25s
12:50:01 [DETECT] inference took 0.20s
12:50:02 [DETECT] inference took 0.22s
12:50:03 [DETECT] inference took 0.22s
12:50:04 [DETECT] inference took 0.20s
12:50:05 [DETECT] inference took 0.22s
12:50:06 [DETECT] inference took 0.22s
12:50:07 [DETECT] inference took 0.20s
12:50:08 [DETECT] inference took 0.22s
12:50:09 [DETECT] inference took 0.22s
12:50:10 [DETECT] inference took 0.20s
12:50:11 [DETECT] inference took 0.22s
12:50:12 [DETECT] inference took 0.22s
12:50:13 [DETECT] inference took 0.20s
12:50:14 [DETECT] inference took 0.22s
12:50:15 [DETECT] inference took 0.22s
12:50:16 [DETECT] inference took 0.23s
12:50:17 [DETECT] inference took 0.39s
12:50:18 [DETECT] inference took 0.31s
12:50:19 [DETECT] inference took 0.30s
12:50:20 [DETECT] inference took 0.30s
12:50:21 [DETECT] inference took 0.31s
12:50:22 [DETECT] inference took 0.28s
12:50:23 [DETECT] inference took 0.30s
12:50:24 [DETECT] inference took 0.30s
12:50:25 [DETECT] inference took 0.31s
12:50:26 [DETECT] inference took 0.31s
12:50:27 [DETECT] inference took 0.31s
12:50:28 [DETECT] inference took 0.22s
12:50:29 [DETECT] inference took 0.20s
12:50:30 [DETECT] inference took 0.22s
12:50:31 [DETECT] inference took 0.22s
12:50:32 [DETECT] inference took 0.23s
12:50:33 [DETECT] inference took 0.22s
12:50:34 [DETECT] inference took 0.22s
12:50:35 [DETECT] inference took 0.30s
12:50:36 [DETECT] inference took 0.42s
12:50:37 [DETECT] inference took 0.34s
12:50:38 [DETECT] inference took 0.30s
12:50:39 [DETECT] inference took 0.31s
12:50:40 [DETECT] inference took 0.31s
12:50:41 [DETECT] inference took 0.22s
12:50:42 [DETECT] inference took 0.28s
12:50:43 [DETECT] inference took 0.28s
12:50:44 [DETECT] inference took 0.39s
12:50:45 [DETECT] inference took 0.30s
12:50:46 [DETECT] inference took 0.31s
12:50:47 [DETECT] inference took 0.20s
12:50:48 [DETECT] inference took 0.22s
12:50:49 [DETECT] inference took 0.23s
12:50:50 [DETECT] inference took 0.22s
12:50:51 [DETECT] inference took 0.22s
12:50:52 [DETECT] inference took 0.20s
12:50:53 [DETECT] inference took 0.22s
12:50:54 [DETECT] inference took 0.20s
12:50:55 [DETECT] inference took 0.22s
12:50:56 [DETECT] inference took 0.22s
12:50:57 [DETECT] inference took 0.20s
12:50:58 [DETECT] inference took 0.24s
12:50:59 [DETECT] inference took 0.20s
12:51:00 [DETECT] inference took 0.22s
12:51:01 [DETECT] inference took 0.31s
12:51:02 [DETECT] inference took 0.47s
12:51:03 [DETECT] inference took 0.30s
12:51:04 [DETECT] inference took 0.28s
12:51:05 [DETECT] inference took 0.28s
12:51:06 [DETECT] inference took 0.22s
12:51:07 [DETECT] inference took 0.22s
12:51:08 [DETECT] inference took 0.22s
12:51:09 [DETECT] inference took 0.22s
12:51:10 [DETECT] inference took 0.22s
12:51:11 [DETECT] inference took 0.20s
12:51:12 [DETECT] inference took 0.22s
12:51:13 [DETECT] inference took 0.22s
12:51:14 [DETECT] inference took 0.22s
12:51:15 [DETECT] inference took 0.34s
12:51:16 [DETECT] inference took 0.20s
12:51:17 [DETECT] inference took 0.20s
12:51:18 [DETECT] inference took 0.22s
12:51:19 [DETECT] inference took 0.20s
12:51:20 [DETECT] inference took 0.22s
12:51:21 [DETECT] inference took 0.22s
12:51:22 [DETECT] inference took 0.22s
12:51:23 [DETECT] inference took 0.20s
12:51:24 [DETECT] inference took 0.20s
12:51:25 [DETECT] inference took 0.22s
12:51:26 [DETECT] inference took 0.20s
12:51:27 [DETECT] inference took 0.22s
12:51:28 [DETECT] inference took 0.20s
12:51:29 [DETECT] inference took 0.20s
12:51:30 [DETECT] inference took 0.22s
12:51:31 [DETECT] inference took 0.20s
12:51:32 [DETECT] inference took 0.20s
12:51:33 [DETECT] inference took 0.20s
12:51:34 [DETECT] inference took 0.22s
12:51:35 [DETECT] inference took 0.20s
12:51:36 [DETECT] inference took 0.20s
12:51:37 [DETECT] inference took 0.20s
12:51:38 [DETECT] inference took 0.22s
12:51:39 [DETECT] inference took 0.22s
12:51:40 [DETECT] inference took 0.22s
12:51:41 [DETECT] inference took 0.22s
12:51:42 [DETECT] inference took 0.20s
12:51:43 [DETECT] inference took 0.22s
12:51:44 [DETECT] inference took 0.22s
12:51:45 [DETECT] inference took 0.20s
12:51:46 [DETECT] inference took 0.20s
12:51:47 [DETECT] inference took 0.20s
12:51:48 [DETECT] inference took 0.22s
12:51:49 [DETECT] inference took 0.22s
12:51:50 [DETECT] inference took 0.20s
12:51:51 [DETECT] inference took 0.20s
12:51:52 [DETECT] inference took 0.20s
12:51:53 [DETECT] inference took 0.20s
12:51:54 [DETECT] inference took 0.22s
12:51:55 [DETECT] inference took 0.20s
12:51:56 [DETECT] inference took 0.20s
12:51:57 [DETECT] inference took 0.20s
12:51:58 [DETECT] inference took 0.22s
12:51:59 [DETECT] inference took 0.20s
12:52:00 [DETECT] inference took 0.22s
12:52:01 [DETECT] inference took 0.20s
12:52:02 [DETECT] inference took 0.20s
12:52:03 [DETECT] inference took 0.20s
12:52:04 [DETECT] inference took 0.20s
12:52:05 [DETECT] inference took 0.22s
12:52:06 [DETECT] inference took 0.20s
12:52:07 [DETECT] inference took 0.20s
12:52:08 [DETECT] inference took 0.31s
12:52:08 [DETECT] inference took 0.36s
12:52:09 [DETECT] inference took 0.31s
12:52:10 [DETECT] inference took 0.31s
12:52:11 [DETECT] inference took 0.30s
12:52:12 [DETECT] inference took 0.30s
12:52:13 [DETECT] inference took 0.33s
12:52:14 [DETECT] inference took 0.30s
12:52:15 [DETECT] inference took 0.30s
12:52:16 [DETECT] inference took 0.31s
12:52:17 [DETECT] inference took 0.31s
12:52:18 [DETECT] inference took 0.33s
12:52:19 [DETECT] inference took 0.28s
12:52:20 [DETECT] inference took 0.30s
12:52:21 [DETECT] inference took 0.30s
12:52:22 [DETECT] inference took 0.31s
12:52:23 [DETECT] inference took 0.33s
12:52:24 [DETECT] inference took 0.33s
12:52:25 [DETECT] inference took 0.31s
12:52:26 [DETECT] inference took 0.30s
12:52:27 [DETECT] inference took 0.30s
12:52:28 [DETECT] inference took 0.31s
12:52:29 [DETECT] inference took 0.34s
12:52:30 [DETECT] inference took 0.38s
12:52:30 [DETECT] inference took 0.38s
12:52:31 [DETECT] inference took 0.31s
12:52:31 [DETECT] inference took 0.36s
12:52:32 [DETECT] inference took 0.31s
12:52:32 [DETECT] inference took 0.34s
12:52:33 [DETECT] inference took 0.31s
12:52:33 [DETECT] inference took 0.34s
12:52:34 [DETECT] inference took 0.31s
12:52:34 [DETECT] inference took 0.34s
12:52:35 [DETECT] inference took 0.31s
12:52:35 [DETECT] inference took 0.31s
12:52:36 [DETECT] inference took 0.31s
12:52:36 [DETECT] inference took 0.31s
12:52:37 [DETECT] inference took 0.31s
12:52:37 [DETECT] inference took 0.34s
12:52:38 [DETECT] inference took 0.30s
12:52:38 [DETECT] inference took 0.36s
12:52:39 [DETECT] inference took 0.22s
12:52:39 [DETECT] inference took 0.23s
12:52:40 [DETECT] inference took 0.22s
12:52:40 [DETECT] inference took 0.23s
12:52:41 [DETECT] inference took 0.20s
12:52:41 [DETECT] inference took 0.25s
12:52:42 [DETECT] inference took 0.20s
12:52:42 [DETECT] inference took 0.27s
12:52:43 [DETECT] inference took 0.30s
12:52:43 [DETECT] inference took 0.36s
12:52:44 [DETECT] inference took 0.28s
12:52:44 [DETECT] inference took 0.36s
12:52:45 [DETECT] inference took 0.33s
12:52:45 [DETECT] inference took 0.34s
12:52:46 [DETECT] inference took 0.30s
12:52:46 [DETECT] inference took 0.36s
12:52:47 [DETECT] inference took 0.31s
12:52:47 [DETECT] inference took 0.36s
12:52:48 [DETECT] inference took 0.31s
12:52:48 [DETECT] inference took 0.36s
12:52:49 [DETECT] inference took 0.28s
12:52:49 [DETECT] inference took 0.34s
12:52:50 [DETECT] inference took 0.30s
12:52:50 [DETECT] inference took 0.34s
12:52:51 [DETECT] inference took 0.36s
12:52:51 [DETECT] inference took 0.44s
12:52:52 [DETECT] inference took 0.33s
12:52:53 [DETECT] inference took 0.31s
12:52:54 [DETECT] inference took 0.31s
12:52:55 [DETECT] inference took 0.28s
12:52:56 [DETECT] inference took 0.20s
12:52:57 [DETECT] inference took 0.22s
12:52:57 [DETECT] inference took 0.25s
12:52:58 [DETECT] inference took 0.22s
12:52:58 [DETECT] inference took 0.23s
12:52:59 [DETECT] inference took 0.22s
12:52:59 [DETECT] inference took 0.23s
12:53:00 [DETECT] inference took 0.22s
12:53:00 [DETECT] inference took 0.25s
12:53:01 [DETECT] inference took 0.20s
12:53:01 [DETECT] inference took 0.25s
12:53:02 [DETECT] inference took 0.22s
12:53:02 [DETECT] inference took 0.23s
12:53:03 [DETECT] inference took 0.20s
12:53:03 [DETECT] inference took 0.25s
12:53:04 [DETECT] inference took 0.20s
12:53:04 [DETECT] inference took 0.23s
12:53:05 [DETECT] inference took 0.22s
12:53:05 [DETECT] inference took 0.23s
12:53:06 [DETECT] inference took 0.24s
12:53:06 [DETECT] inference took 0.23s
12:53:07 [DETECT] inference took 0.20s
12:53:07 [DETECT] inference took 0.25s
12:53:08 [DETECT] inference took 0.22s
12:53:08 [DETECT] inference took 0.25s
12:53:09 [DETECT] inference took 0.22s
12:53:09 [DETECT] inference took 0.25s
12:53:10 [DETECT] inference took 0.22s
12:53:10 [DETECT] inference took 0.25s
12:53:11 [DETECT] inference took 0.22s
12:53:11 [DETECT] inference took 0.25s
12:53:12 [DETECT] inference took 0.22s
12:53:12 [DETECT] inference took 0.25s
12:53:13 [DETECT] inference took 0.22s
12:53:13 [DETECT] inference took 0.25s
12:53:14 [DETECT] inference took 0.20s
12:53:14 [DETECT] inference took 0.31s
12:53:15 [DETECT] inference took 0.33s
12:53:16 [DETECT] inference took 0.33s
12:53:17 [DETECT] inference took 0.31s
12:53:18 [DETECT] inference took 0.31s
12:53:19 [DETECT] inference took 0.30s
12:53:20 [DETECT] inference took 0.30s
12:53:21 [DETECT] inference took 0.30s
12:53:22 [DETECT] inference took 0.33s
12:53:23 [DETECT] inference took 0.30s
12:53:24 [DETECT] inference took 0.31s
12:53:25 [DETECT] inference took 0.31s
12:53:26 [DETECT] inference took 0.31s
12:53:27 [DETECT] inference took 0.33s
12:53:28 [DETECT] inference took 0.33s
12:53:29 [DETECT] inference took 0.30s
12:53:30 [DETECT] inference took 0.33s
12:53:31 [DETECT] inference took 0.30s
12:53:32 [DETECT] inference took 0.34s
12:53:33 [DETECT] inference took 0.30s
12:53:34 [DETECT] inference took 0.33s
12:53:35 [DETECT] inference took 0.34s
12:53:36 [DETECT] inference took 0.36s
12:53:37 [DETECT] inference took 0.36s
12:53:38 [DETECT] inference took 0.38s
12:53:39 [DETECT] inference took 0.25s
12:53:40 [DETECT] inference took 0.22s
12:53:41 [DETECT] inference took 0.24s
12:53:42 [DETECT] inference took 0.22s
12:53:43 [DETECT] inference took 0.22s
12:53:44 [DETECT] inference took 0.24s
12:53:45 [DETECT] inference took 0.22s
12:53:46 [DETECT] inference took 0.24s
12:53:47 [DETECT] inference took 0.22s
12:53:48 [DETECT] inference took 0.24s
12:53:49 [DETECT] inference took 0.22s
12:53:50 [DETECT] inference took 0.24s
12:53:51 [DETECT] inference took 0.24s
12:53:52 [DETECT] inference took 0.22s
12:53:53 [DETECT] inference took 0.22s
12:53:54 [DETECT] inference took 0.24s
12:53:55 [DETECT] inference took 0.24s
12:53:56 [DETECT] inference took 0.22s
12:53:57 [DETECT] inference took 0.22s
12:53:58 [DETECT] inference took 0.22s
12:53:59 [DETECT] inference took 0.24s
12:54:00 [DETECT] inference took 0.33s
12:54:01 [DETECT] inference took 0.34s
12:54:02 [DETECT] inference took 0.31s
12:54:03 [DETECT] inference took 0.33s
12:54:04 [DETECT] inference took 0.31s
12:54:04 [DETECT] inference took 0.36s
12:54:05 [DETECT] inference took 0.33s
12:54:06 [DETECT] inference took 0.30s
12:54:07 [DETECT] inference took 0.31s
12:54:07 [DETECT] inference took 0.36s
12:54:08 [DETECT] inference took 0.31s
12:54:09 [DETECT] inference took 0.31s
12:54:10 [DETECT] inference took 0.31s
12:54:11 [DETECT] inference took 0.33s
12:54:12 [DETECT] inference took 0.33s
12:54:13 [DETECT] inference took 0.33s
12:54:14 [DETECT] inference took 0.31s
12:54:15 [DETECT] inference took 0.33s
12:54:16 [DETECT] inference took 0.31s
12:54:17 [DETECT] inference took 0.33s
12:54:18 [DETECT] inference took 0.33s
12:54:19 [DETECT] inference took 0.31s
12:54:20 [DETECT] inference took 0.41s
12:54:21 [DETECT] inference took 0.38s
12:54:22 [DETECT] inference took 0.33s
12:54:23 [DETECT] inference took 0.34s
12:54:24 [DETECT] inference took 0.34s
12:54:25 [DETECT] inference took 0.34s
12:54:26 [DETECT] inference took 0.34s
12:54:27 [DETECT] inference took 0.33s
12:54:28 [DETECT] inference took 0.33s
12:54:29 [DETECT] inference took 0.34s
12:54:30 [DETECT] inference took 0.33s
12:54:31 [DETECT] inference took 0.22s
12:54:32 [DETECT] inference took 0.20s
12:54:33 [DETECT] inference took 0.20s
12:54:34 [DETECT] inference took 0.22s
12:54:35 [DETECT] inference took 0.20s
12:54:36 [DETECT] inference took 0.20s
12:54:37 [DETECT] inference took 0.22s
12:54:38 [DETECT] inference took 0.33s
12:54:39 [DETECT] inference took 0.36s
12:54:40 [DETECT] inference took 0.34s
12:54:41 [DETECT] inference took 0.33s
12:54:42 [DETECT] inference took 0.34s
12:54:43 [DETECT] inference took 0.33s
12:54:44 [DETECT] inference took 0.20s
12:54:45 [DETECT] inference took 0.22s
12:54:46 [DETECT] inference took 0.22s
12:54:47 [DETECT] inference took 0.20s
12:54:48 [DETECT] inference took 0.20s
12:54:49 [DETECT] inference took 0.20s
12:54:49 [DETECT] inference took 0.23s
12:54:49 [DETECT] rejected drone candidate (confidence=0.38) -- overlaps a confidently-classified non-drone object
12:54:50 [DETECT] inference took 0.20s
12:54:50 [DETECT] inference took 0.23s
12:54:50 [DETECT] rejected drone candidate (confidence=0.34) -- same region was rejected moments ago (memory)
12:54:51 [DETECT] inference took 0.20s
12:54:51 [DETECT] inference took 0.25s
12:54:51 [DETECT] rejected drone candidate (confidence=0.30) -- overlaps a confidently-classified non-drone object
12:54:52 [DETECT] inference took 0.22s
12:54:53 [DETECT] inference took 0.20s
12:54:54 [DETECT] inference took 0.22s
12:54:55 [DETECT] inference took 0.22s
12:54:56 [DETECT] inference took 0.22s
12:54:57 [DETECT] inference took 0.22s
12:54:58 [DETECT] inference took 0.22s
12:54:59 [DETECT] inference took 0.22s
12:55:00 [DETECT] inference took 0.20s
12:55:01 [DETECT] inference took 0.20s
12:55:02 [DETECT] inference took 0.22s
12:55:03 [DETECT] inference took 0.20s
12:55:04 [DETECT] inference took 0.22s
12:55:05 [DETECT] inference took 0.22s
12:55:06 [DETECT] inference took 0.20s
12:55:07 [DETECT] inference took 0.20s
12:55:08 [DETECT] inference took 0.31s
12:55:09 [DETECT] inference took 0.30s
12:55:10 [DETECT] inference took 0.31s
12:55:11 [DETECT] inference took 0.34s
12:55:12 [DETECT] inference took 0.31s
12:55:13 [DETECT] inference took 0.30s
12:55:13 [DETECT] inference took 0.38s
12:55:14 [DETECT] inference took 0.30s
12:55:15 [DETECT] inference took 0.30s
12:55:16 [DETECT] inference took 0.31s
12:55:17 [DETECT] inference took 0.31s
12:55:18 [DETECT] inference took 0.31s
12:55:19 [DETECT] inference took 0.33s
12:55:20 [DETECT] inference took 0.31s
12:55:21 [DETECT] inference took 0.30s
12:55:22 [DETECT] inference took 0.33s
12:55:23 [DETECT] inference took 0.31s
12:55:24 [DETECT] inference took 0.33s
12:55:25 [DETECT] inference took 0.34s
12:55:26 [DETECT] inference took 0.34s
12:55:27 [DETECT] inference took 0.31s
12:55:28 [DETECT] inference took 0.36s
12:55:29 [DETECT] inference took 0.33s
12:55:30 [DETECT] inference took 0.30s
12:55:31 [DETECT] inference took 0.30s
12:55:32 [DETECT] inference took 0.30s
12:55:33 [DETECT] inference took 0.30s
12:55:34 [DETECT] inference took 0.28s
12:55:35 [DETECT] inference took 0.28s
12:55:36 [DETECT] inference took 0.20s
12:55:37 [DETECT] inference took 0.22s
12:55:38 [DETECT] inference took 0.22s
12:55:39 [DETECT] inference took 0.20s
12:55:40 [DETECT] inference took 0.20s
12:55:41 [DETECT] inference took 0.22s
12:55:42 [DETECT] inference took 0.23s
12:55:43 [DETECT] inference took 0.30s
12:55:44 [DETECT] inference took 0.30s
12:55:45 [DETECT] inference took 0.30s
12:55:46 [DETECT] inference took 0.30s
12:55:47 [DETECT] inference took 0.30s
12:55:48 [DETECT] inference took 0.30s
12:55:49 [DETECT] inference took 0.22s
12:55:50 [DETECT] inference took 0.22s
12:55:51 [DETECT] inference took 0.22s
12:55:52 [DETECT] inference took 0.20s
12:55:53 [DETECT] inference took 0.22s
12:55:54 [DETECT] inference took 0.22s
12:55:55 [DETECT] inference took 0.20s
12:55:56 [DETECT] inference took 0.20s
12:55:57 [DETECT] inference took 0.20s
12:55:58 [DETECT] inference took 0.20s
12:55:59 [DETECT] inference took 0.22s
12:56:00 [DETECT] inference took 0.22s
12:56:01 [DETECT] inference took 0.20s
12:56:02 [DETECT] inference took 0.20s
12:56:03 [DETECT] inference took 0.20s
12:56:04 [DETECT] inference took 0.22s
12:56:05 [DETECT] inference took 0.20s
12:56:06 [DETECT] inference took 0.20s
12:56:07 [DETECT] inference took 0.22s
12:56:08 [DETECT] inference took 0.20s
12:56:09 [DETECT] inference took 0.22s
12:56:10 [DETECT] inference took 0.22s
12:56:11 [DETECT] inference took 0.20s
12:56:12 [DETECT] inference took 0.22s
12:56:13 [DETECT] inference took 0.22s
12:56:14 [DETECT] inference took 0.20s
12:56:15 [DETECT] inference took 0.22s
12:56:16 [DETECT] inference took 0.20s
12:56:17 [DETECT] inference took 0.20s
12:56:18 [DETECT] inference took 0.20s
12:56:19 [DETECT] inference took 0.20s
12:56:20 [DETECT] inference took 0.22s
12:56:21 [DETECT] inference took 0.20s
12:56:22 [DETECT] inference took 0.20s
12:56:23 [DETECT] inference took 0.22s
12:56:24 [DETECT] inference took 0.22s
12:56:25 [DETECT] inference took 0.20s
12:56:26 [DETECT] inference took 0.20s
12:56:27 [DETECT] inference took 0.22s
12:56:28 [DETECT] inference took 0.20s
12:56:29 [DETECT] inference took 0.20s
12:56:30 [DETECT] inference took 0.22s
12:56:31 [DETECT] inference took 0.22s
12:56:32 [DETECT] inference took 0.20s
12:56:33 [DETECT] inference took 0.20s
12:56:34 [DETECT] inference took 0.22s
12:56:35 [DETECT] inference took 0.22s
12:56:36 [DETECT] inference took 0.20s
12:56:37 [DETECT] inference took 0.22s
12:56:38 [DETECT] inference took 0.20s
12:56:39 [DETECT] inference took 0.20s
12:56:40 [DETECT] inference took 0.22s
12:56:41 [DETECT] inference took 0.20s
12:56:42 [DETECT] inference took 0.20s
12:56:43 [DETECT] inference took 0.22s
12:56:44 [DETECT] inference took 0.22s
12:56:45 [DETECT] inference took 0.20s
12:56:46 [DETECT] inference took 0.22s
12:56:47 [DETECT] inference took 0.22s
12:56:48 [DETECT] inference took 0.20s
12:56:49 [DETECT] inference took 0.22s
12:56:50 [DETECT] inference took 0.20s
12:56:51 [DETECT] inference took 0.22s
12:56:52 [DETECT] inference took 0.20s
12:56:53 [DETECT] inference took 0.22s
12:56:54 [DETECT] inference took 0.20s
12:56:55 [DETECT] inference took 0.20s
12:56:56 [DETECT] inference took 0.22s
12:56:57 [DETECT] inference took 0.22s
12:56:58 [DETECT] inference took 0.20s
12:56:59 [DETECT] inference took 0.22s
12:57:00 [DETECT] inference took 0.22s
12:57:01 [DETECT] inference took 0.20s
12:57:02 [DETECT] inference took 0.20s
12:57:03 [DETECT] inference took 0.22s
12:57:04 [DETECT] inference took 0.22s
12:57:05 [DETECT] inference took 0.20s
12:57:06 [DETECT] inference took 0.20s
12:57:07 [DETECT] inference took 0.20s
12:57:08 [DETECT] inference took 0.22s
12:57:09 [DETECT] inference took 0.20s
12:57:10 [DETECT] inference took 0.20s
12:57:11 [DETECT] inference took 0.22s
12:57:12 [DETECT] inference took 0.22s
12:57:13 [DETECT] inference took 0.20s
12:57:14 [DETECT] inference took 0.20s
12:57:15 [DETECT] inference took 0.20s
12:57:16 [DETECT] inference took 0.20s
12:57:17 [DETECT] inference took 0.22s
12:57:18 [DETECT] inference took 0.20s
12:57:19 [DETECT] inference took 0.20s
12:57:20 [DETECT] inference took 0.20s
12:57:21 [DETECT] inference took 0.22s
12:57:22 [DETECT] inference took 0.20s
12:57:23 [DETECT] inference took 0.20s
12:57:24 [DETECT] inference took 0.20s
12:57:25 [DETECT] inference took 0.22s
12:57:26 [DETECT] inference took 0.22s
12:57:27 [DETECT] inference took 0.20s
12:57:28 [DETECT] inference took 0.20s
12:57:29 [DETECT] inference took 0.20s
12:57:30 [DETECT] inference took 0.20s
12:57:31 [DETECT] inference took 0.20s
12:57:32 [DETECT] inference took 0.22s
12:57:33 [DETECT] inference took 0.20s
12:57:34 [DETECT] inference took 0.20s
12:57:35 [DETECT] inference took 0.20s
12:57:36 [DETECT] inference took 0.22s
12:57:37 [DETECT] inference took 0.20s
12:57:38 [DETECT] inference took 0.20s
12:57:39 [DETECT] inference took 0.22s
12:57:40 [DETECT] inference took 0.22s
12:57:41 [DETECT] inference took 0.20s
12:57:42 [DETECT] inference took 0.22s
12:57:43 [DETECT] inference took 0.22s
12:57:44 [DETECT] inference took 0.20s
12:57:45 [DETECT] inference took 0.20s
12:57:46 [DETECT] inference took 0.30s
12:57:47 [DETECT] inference took 0.30s
12:57:48 [DETECT] inference took 0.28s
12:57:49 [DETECT] inference took 0.30s
12:57:50 [DETECT] inference took 0.30s
12:57:51 [DETECT] inference took 0.28s
12:57:52 [DETECT] inference took 0.30s
12:57:53 [DETECT] inference took 0.28s
12:57:54 [DETECT] inference took 0.30s
12:57:55 [DETECT] inference took 0.28s
12:57:56 [DETECT] inference took 0.28s
12:57:57 [DETECT] inference took 0.31s
12:57:58 [DETECT] inference took 0.28s
12:57:59 [DETECT] inference took 0.30s
12:58:00 [DETECT] inference took 0.28s
12:58:01 [DETECT] inference took 0.28s
12:58:02 [DETECT] inference took 0.27s
12:58:03 [DETECT] inference took 0.27s
12:58:04 [DETECT] inference took 0.30s
12:58:05 [DETECT] inference took 0.30s
12:58:06 [DETECT] inference took 0.33s
12:58:06 [DETECT] inference took 0.36s
12:58:07 [DETECT] inference took 0.31s
12:58:08 [DETECT] inference took 0.31s
12:58:09 [DETECT] inference took 0.30s
12:58:10 [DETECT] inference took 0.27s
12:58:11 [DETECT] inference took 0.20s
12:58:12 [DETECT] inference took 0.22s
12:58:13 [DETECT] inference took 0.22s
12:58:14 [DETECT] inference took 0.22s
12:58:15 [DETECT] inference took 0.22s
12:58:16 [DETECT] inference took 0.22s
12:58:17 [DETECT] inference took 0.22s
12:58:18 [DETECT] inference took 0.22s
12:58:19 [DETECT] inference took 0.22s
12:58:20 [DETECT] inference took 0.22s
12:58:21 [DETECT] inference took 0.22s
12:58:22 [DETECT] inference took 0.23s
12:58:23 [DETECT] inference took 0.20s
12:58:24 [DETECT] inference took 0.22s
12:58:25 [DETECT] inference took 0.20s
12:58:26 [DETECT] inference took 0.22s
12:58:27 [DETECT] inference took 0.20s
12:58:28 [DETECT] inference took 0.20s
12:58:29 [DETECT] inference took 0.22s
12:58:30 [DETECT] inference took 0.22s
12:58:31 [DETECT] inference took 0.31s
12:58:32 [DETECT] inference took 0.34s
12:58:33 [DETECT] inference took 0.30s
12:58:34 [DETECT] inference took 0.30s
12:58:35 [DETECT] inference took 0.31s
12:58:36 [DETECT] inference took 0.33s
12:58:37 [DETECT] inference took 0.30s
12:58:38 [DETECT] inference took 0.28s
12:58:38 [DETECT] inference took 0.34s
12:58:39 [DETECT] inference took 0.30s
12:58:39 [DETECT] inference took 0.34s
12:58:40 [DETECT] inference took 0.30s
12:58:41 [DETECT] inference took 0.31s
12:58:41 [DETECT] inference took 0.34s
12:58:42 [DETECT] inference took 0.30s
12:58:42 [DETECT] inference took 0.31s
12:58:43 [DETECT] inference took 0.28s
12:58:44 [DETECT] inference took 0.28s
12:58:45 [DETECT] inference took 0.30s
12:58:46 [DETECT] inference took 0.30s
12:58:47 [DETECT] inference took 0.30s
12:58:48 [DETECT] inference took 0.28s
12:58:48 [DETECT] inference took 0.34s
12:58:49 [DETECT] inference took 0.30s
12:58:50 [DETECT] inference took 0.30s
12:58:50 [DETECT] inference took 0.39s
12:58:51 [DETECT] inference took 0.34s
12:58:52 [DETECT] inference took 0.31s
12:58:53 [DETECT] inference took 0.26s
12:58:54 [DETECT] inference took 0.31s
12:58:55 [DETECT] inference took 0.28s
12:58:56 [DETECT] inference took 0.27s
12:58:57 [DETECT] inference took 0.30s
12:58:58 [DETECT] inference took 0.30s
12:58:59 [DETECT] inference took 0.28s
12:59:00 [DETECT] inference took 0.30s
12:59:01 [DETECT] inference took 0.28s
12:59:02 [DETECT] inference took 0.30s
12:59:03 [DETECT] inference took 0.30s
12:59:04 [DETECT] inference took 0.27s
12:59:05 [DETECT] inference took 0.22s
12:59:06 [DETECT] inference took 0.22s
12:59:07 [DETECT] inference took 0.30s
12:59:08 [DETECT] inference took 0.28s
12:59:09 [DETECT] inference took 0.30s
12:59:10 [DETECT] inference took 0.30s
12:59:11 [DETECT] inference took 0.31s
12:59:12 [DETECT] inference took 0.33s
12:59:13 [DETECT] inference took 0.36s
12:59:14 [DETECT] inference took 0.27s
12:59:15 [DETECT] inference took 0.30s
12:59:16 [DETECT] inference took 0.28s
12:59:17 [DETECT] inference took 0.30s
12:59:18 [DETECT] inference took 0.28s
12:59:19 [DETECT] inference took 0.27s
12:59:20 [DETECT] inference took 0.20s
12:59:21 [DETECT] inference took 0.22s
12:59:22 [DETECT] inference took 0.22s
12:59:23 [DETECT] inference took 0.20s
12:59:24 [DETECT] inference took 0.20s
12:59:25 [DETECT] inference took 0.22s
12:59:26 [DETECT] inference took 0.22s
12:59:27 [DETECT] inference took 0.20s
12:59:28 [DETECT] inference took 0.22s
12:59:29 [DETECT] inference took 0.22s
12:59:30 [DETECT] inference took 0.20s
12:59:31 [DETECT] inference took 0.22s
12:59:32 [DETECT] inference took 0.22s
12:59:33 [DETECT] inference took 0.30s
12:59:34 [DETECT] inference took 0.31s
12:59:35 [DETECT] inference took 0.34s
12:59:36 [DETECT] inference took 0.36s
12:59:37 [DETECT] inference took 0.30s
12:59:38 [DETECT] inference took 0.30s
12:59:39 [DETECT] inference took 0.20s
12:59:40 [DETECT] inference took 0.22s
12:59:41 [DETECT] inference took 0.20s
12:59:42 [DETECT] inference took 0.20s
12:59:43 [DETECT] inference took 0.20s
12:59:44 [DETECT] inference took 0.20s
12:59:45 [DETECT] inference took 0.22s
12:59:46 [DETECT] inference took 0.22s
12:59:47 [DETECT] inference took 0.20s
12:59:48 [DETECT] inference took 0.22s
12:59:49 [DETECT] inference took 0.20s
12:59:50 [DETECT] inference took 0.20s
12:59:51 [DETECT] inference took 0.20s
12:59:52 [DETECT] inference took 0.24s
12:59:53 [DETECT] inference took 0.20s
12:59:54 [DETECT] inference took 0.20s
12:59:55 [DETECT] inference took 0.22s
12:59:56 [DETECT] inference took 0.22s
12:59:57 [DETECT] inference took 0.20s
12:59:58 [DETECT] inference took 0.20s
12:59:59 [DETECT] inference took 0.20s
13:00:00 [DETECT] inference took 0.20s
13:00:01 [DETECT] inference took 0.22s
13:00:02 [DETECT] inference took 0.22s
13:00:03 [DETECT] inference took 0.22s
13:00:04 [DETECT] inference took 0.20s
13:00:05 [DETECT] inference took 0.22s
13:00:06 [DETECT] inference took 0.22s
13:00:07 [DETECT] inference took 0.20s
13:00:08 [DETECT] inference took 0.20s
13:00:09 [DETECT] inference took 0.22s
13:00:10 [DETECT] inference took 0.22s
13:00:11 [DETECT] inference took 0.20s
13:00:12 [DETECT] inference took 0.20s
13:00:13 [DETECT] inference took 0.20s
13:00:14 [DETECT] inference took 0.22s
13:00:15 [DETECT] inference took 0.22s
13:00:16 [DETECT] inference took 0.20s
13:00:17 [DETECT] inference took 0.20s
13:00:18 [DETECT] inference took 0.22s
13:00:19 [DETECT] inference took 0.20s
13:00:20 [DETECT] inference took 0.20s
13:00:21 [DETECT] inference took 0.22s
13:00:22 [DETECT] inference took 0.22s
13:00:23 [DETECT] inference took 0.31s
13:00:24 [DETECT] inference took 0.31s
13:00:25 [DETECT] inference took 0.44s
13:00:26 [DETECT] inference took 0.31s
13:00:27 [DETECT] inference took 0.31s
13:00:28 [DETECT] inference took 0.31s
13:00:29 [DETECT] inference took 0.31s
13:00:30 [DETECT] inference took 0.33s
13:00:31 [DETECT] inference took 0.30s
13:00:32 [DETECT] inference took 0.30s
13:00:33 [DETECT] inference took 0.33s
13:00:34 [DETECT] inference took 0.34s
13:00:35 [DETECT] inference took 0.30s
13:00:36 [DETECT] inference took 0.30s
13:00:37 [DETECT] inference took 0.30s
13:00:38 [DETECT] inference took 0.31s
13:00:39 [DETECT] inference took 0.30s
13:00:40 [DETECT] inference took 0.20s
13:00:41 [DETECT] inference took 0.20s
13:00:42 [DETECT] inference took 0.22s
13:00:43 [DETECT] inference took 0.20s
13:00:44 [DETECT] inference took 0.20s
13:00:45 [DETECT] inference took 0.22s
13:00:46 [DETECT] inference took 0.30s
13:00:46 [DETECT] inference took 0.38s
13:00:47 [DETECT] inference took 0.30s
13:00:47 [DETECT] inference took 0.38s
13:00:48 [DETECT] inference took 0.30s
13:00:48 [DETECT] inference took 0.36s
13:00:49 [DETECT] inference took 0.30s
13:00:49 [DETECT] inference took 0.36s
13:00:50 [DETECT] inference took 0.30s
13:00:50 [DETECT] inference took 0.33s
13:00:51 [DETECT] inference took 0.20s
13:00:52 [DETECT] inference took 0.20s
13:00:53 [DETECT] inference took 0.30s
13:00:53 [DETECT] inference took 0.34s
13:00:54 [DETECT] inference took 0.30s
13:00:54 [DETECT] inference took 0.34s
13:00:55 [DETECT] inference took 0.30s
13:00:55 [DETECT] inference took 0.34s
13:00:56 [DETECT] inference took 0.28s
13:00:56 [DETECT] inference took 0.36s
13:00:57 [DETECT] inference took 0.28s
13:00:58 [DETECT] inference took 0.31s
13:00:58 [DETECT] inference took 0.33s
13:00:59 [DETECT] inference took 0.28s
13:00:59 [DETECT] inference took 0.34s
13:01:00 [DETECT] inference took 0.33s
13:01:00 [DETECT] inference took 0.34s
13:01:01 [DETECT] inference took 0.30s
13:01:01 [DETECT] inference took 0.36s
13:01:02 [DETECT] inference took 0.30s
13:01:02 [DETECT] inference took 0.34s
13:01:03 [DETECT] inference took 0.28s
13:01:03 [DETECT] inference took 0.34s
13:01:04 [DETECT] inference took 0.33s
13:01:05 [DETECT] inference took 0.44s
13:01:05 [DETECT] inference took 0.36s
13:01:06 [DETECT] inference took 0.31s
13:01:07 [DETECT] inference took 0.31s
13:01:08 [DETECT] inference took 0.33s
13:01:09 [DETECT] inference took 0.30s
13:01:10 [DETECT] inference took 0.28s
13:01:11 [DETECT] inference took 0.20s
13:01:12 [DETECT] inference took 0.22s
13:01:13 [DETECT] inference took 0.22s
13:01:14 [DETECT] inference took 0.22s
13:01:15 [DETECT] inference took 0.22s
13:01:16 [DETECT] inference took 0.20s
13:01:17 [DETECT] inference took 0.22s
13:01:18 [DETECT] inference took 0.22s
13:01:19 [DETECT] inference took 0.20s
13:01:20 [DETECT] inference took 0.20s
13:01:21 [DETECT] inference took 0.22s
13:01:22 [DETECT] inference took 0.22s
13:01:23 [DETECT] inference took 0.22s
13:01:24 [DETECT] inference took 0.20s
13:01:25 [DETECT] inference took 0.20s
13:01:26 [DETECT] inference took 0.22s
13:01:27 [DETECT] inference took 0.22s
13:01:28 [DETECT] inference took 0.31s
13:01:29 [DETECT] inference took 0.31s
13:01:29 [DETECT] inference took 0.38s
13:01:30 [DETECT] inference took 0.31s
13:01:31 [DETECT] inference took 0.33s
13:01:32 [DETECT] inference took 0.30s
13:01:33 [DETECT] inference took 0.31s
13:01:34 [DETECT] inference took 0.28s
13:01:35 [DETECT] inference took 0.34s
13:01:36 [DETECT] inference took 0.31s
13:01:37 [DETECT] inference took 0.31s
13:01:38 [DETECT] inference took 0.30s
13:01:39 [DETECT] inference took 0.31s
13:01:40 [DETECT] inference took 0.31s
13:01:41 [DETECT] inference took 0.30s
13:01:42 [DETECT] inference took 0.31s
13:01:43 [DETECT] inference took 0.33s
13:01:44 [DETECT] inference took 0.30s
13:01:45 [DETECT] inference took 0.30s
13:01:46 [DETECT] inference took 0.31s
13:01:47 [DETECT] inference took 0.30s
13:01:48 [DETECT] inference took 0.38s
13:01:49 [DETECT] inference took 0.42s
13:01:49 [DETECT] inference took 0.34s
13:01:50 [DETECT] inference took 0.36s
13:01:51 [DETECT] inference took 0.39s
13:01:51 [DETECT] inference took 0.34s
13:01:52 [DETECT] inference took 0.38s
13:01:52 [DETECT] inference took 0.33s
13:01:53 [DETECT] inference took 0.22s
13:01:54 [DETECT] inference took 0.20s
13:01:55 [DETECT] inference took 0.20s
13:01:56 [DETECT] inference took 0.22s
13:01:57 [DETECT] inference took 0.20s
13:01:57 [DETECT] inference took 0.25s
13:01:58 [DETECT] inference took 0.22s
13:01:59 [DETECT] inference took 0.20s
13:02:00 [DETECT] inference took 0.22s
13:02:01 [DETECT] inference took 0.20s
13:02:02 [DETECT] inference took 0.22s
13:02:03 [DETECT] inference took 0.22s
13:02:04 [DETECT] inference took 0.20s
13:02:05 [DETECT] inference took 0.22s
13:02:06 [DETECT] inference took 0.20s
13:02:06 [DETECT] inference took 0.25s
13:02:07 [DETECT] inference took 0.22s
13:02:08 [DETECT] inference took 0.22s
13:02:09 [DETECT] inference took 0.23s
13:02:10 [DETECT] inference took 0.20s
13:02:11 [DETECT] inference took 0.22s
13:02:12 [DETECT] inference took 0.22s
13:02:13 [DETECT] inference took 0.30s
13:02:14 [DETECT] inference took 0.34s
13:02:15 [DETECT] inference took 0.33s
13:02:16 [DETECT] inference took 0.30s
13:02:17 [DETECT] inference took 0.34s
13:02:18 [DETECT] inference took 0.30s
13:02:19 [DETECT] inference took 0.31s
13:02:20 [DETECT] inference took 0.33s
13:02:21 [DETECT] inference took 0.33s
13:02:22 [DETECT] inference took 0.31s
13:02:23 [DETECT] inference took 0.33s
13:02:24 [DETECT] inference took 0.30s
13:02:25 [DETECT] inference took 0.33s
13:02:26 [DETECT] inference took 0.33s
13:02:27 [DETECT] inference took 0.34s
13:02:28 [DETECT] inference took 0.33s
13:02:29 [DETECT] inference took 0.31s
13:02:30 [DETECT] inference took 0.31s
13:02:31 [DETECT] inference took 0.33s
13:02:32 [DETECT] inference took 0.31s
13:02:33 [DETECT] inference took 0.36s
13:02:34 [DETECT] inference took 0.34s
13:02:35 [DETECT] inference took 0.34s
13:02:36 [DETECT] inference took 0.34s
13:02:37 [DETECT] inference took 0.33s
13:02:38 [DETECT] inference took 0.36s
13:02:39 [DETECT] inference took 0.33s
13:02:40 [DETECT] inference took 0.34s
13:02:41 [DETECT] inference took 0.34s
13:02:42 [DETECT] inference took 0.34s
13:02:43 [DETECT] inference took 0.33s
13:02:44 [DETECT] inference took 0.34s
13:02:45 [DETECT] inference took 0.20s
13:02:46 [DETECT] inference took 0.22s
13:02:47 [DETECT] inference took 0.22s
13:02:48 [DETECT] inference took 0.22s
13:02:49 [DETECT] inference took 0.20s
13:02:50 [DETECT] inference took 0.22s
13:02:51 [DETECT] inference took 0.34s
13:02:52 [DETECT] inference took 0.34s
13:02:53 [DETECT] inference took 0.31s
13:02:54 [DETECT] inference took 0.38s
13:02:55 [DETECT] inference took 0.39s
13:02:56 [DETECT] inference took 0.20s
13:02:57 [DETECT] inference took 0.22s
13:02:58 [DETECT] inference took 0.20s
13:02:59 [DETECT] inference took 0.20s
13:03:00 [DETECT] inference took 0.22s
13:03:01 [DETECT] inference took 0.20s
13:03:01 [DETECT] inference took 0.25s
13:03:02 [DETECT] inference took 0.22s
13:03:03 [DETECT] inference took 0.20s
13:03:03 [DETECT] inference took 0.23s
13:03:04 [DETECT] inference took 0.20s
13:03:04 [DETECT] inference took 0.23s
13:03:05 [DETECT] inference took 0.22s
13:03:05 [DETECT] inference took 0.23s
13:03:06 [DETECT] inference took 0.20s
13:03:07 [DETECT] inference took 0.20s
13:03:08 [DETECT] inference took 0.22s
13:03:09 [DETECT] inference took 0.22s
13:03:10 [DETECT] inference took 0.22s
13:03:11 [DETECT] inference took 0.20s
13:03:12 [DETECT] inference took 0.20s
13:03:13 [DETECT] inference took 0.22s
13:03:14 [DETECT] inference took 0.20s
13:03:15 [DETECT] inference took 0.20s
13:03:16 [DETECT] inference took 0.22s
13:03:17 [DETECT] inference took 0.20s
13:03:18 [DETECT] inference took 0.20s
13:03:19 [DETECT] inference took 0.22s
13:03:20 [DETECT] inference took 0.22s
13:03:21 [DETECT] inference took 0.20s
13:03:22 [DETECT] inference took 0.30s
13:03:23 [DETECT] inference took 0.33s
13:03:24 [DETECT] inference took 0.36s
13:03:25 [DETECT] inference took 0.34s
13:03:26 [DETECT] inference took 0.33s
13:03:27 [DETECT] inference took 0.33s
13:03:28 [DETECT] inference took 0.33s
13:03:29 [DETECT] inference took 0.36s
13:03:30 [DETECT] inference took 0.39s
13:03:30 [DETECT] inference took 0.33s
13:03:31 [DETECT] inference took 0.31s
13:03:32 [DETECT] inference took 0.33s
13:03:33 [DETECT] inference took 0.34s
13:03:34 [DETECT] inference took 0.31s
13:03:35 [DETECT] inference took 0.34s
13:03:36 [DETECT] inference took 0.33s
13:03:37 [DETECT] inference took 0.34s
13:03:38 [DETECT] inference took 0.34s
13:03:39 [DETECT] inference took 0.33s
13:03:40 [DETECT] inference took 0.34s
13:03:41 [DETECT] inference took 0.33s
13:03:42 [DETECT] inference took 0.38s
13:03:43 [DETECT] inference took 0.34s
13:03:44 [DETECT] inference took 0.31s
13:03:45 [DETECT] inference took 0.33s
13:03:46 [DETECT] inference took 0.26s
13:03:47 [DETECT] inference took 0.28s
13:03:48 [DETECT] inference took 0.27s
13:03:49 [DETECT] inference took 0.28s
13:03:50 [DETECT] inference took 0.28s
13:03:51 [DETECT] inference took 0.28s
13:03:52 [DETECT] inference took 0.25s
13:03:53 [DETECT] inference took 0.20s
13:03:54 [DETECT] inference took 0.22s
13:03:55 [DETECT] inference took 0.20s
13:03:56 [DETECT] inference took 0.20s
13:03:57 [DETECT] inference took 0.22s
13:03:58 [DETECT] inference took 0.20s
13:03:59 [DETECT] inference took 0.22s
13:04:00 [DETECT] inference took 0.22s
13:04:01 [DETECT] inference took 0.20s
13:04:02 [DETECT] inference took 0.20s
13:04:03 [DETECT] inference took 0.22s
13:04:04 [DETECT] inference took 0.20s
13:04:05 [DETECT] inference took 0.20s
13:04:06 [DETECT] inference took 0.22s
13:04:07 [DETECT] inference took 0.22s
13:04:08 [DETECT] inference took 0.20s
13:04:09 [DETECT] inference took 0.22s
13:04:10 [DETECT] inference took 0.22s
13:04:11 [DETECT] inference took 0.22s
13:04:12 [DETECT] inference took 0.20s
13:04:13 [DETECT] inference took 0.20s
13:04:14 [DETECT] inference took 0.22s
13:04:15 [DETECT] inference took 0.20s
13:04:16 [DETECT] inference took 0.20s
13:04:17 [DETECT] inference took 0.22s
13:04:18 [DETECT] inference took 0.22s
13:04:19 [DETECT] inference took 0.20s
13:04:20 [DETECT] inference took 0.20s
13:04:21 [DETECT] inference took 0.22s
13:04:22 [DETECT] inference took 0.22s
13:04:23 [DETECT] inference took 0.20s
13:04:24 [DETECT] inference took 0.20s
13:04:25 [DETECT] inference took 0.22s
13:04:26 [DETECT] inference took 0.22s
13:04:27 [DETECT] inference took 0.20s
13:04:28 [DETECT] inference took 0.22s
13:04:29 [DETECT] inference took 0.22s
13:04:30 [DETECT] inference took 0.22s
13:04:31 [DETECT] inference took 0.20s
13:04:32 [DETECT] inference took 0.20s
13:04:33 [DETECT] inference took 0.20s
13:04:34 [DETECT] inference took 0.22s
13:04:35 [DETECT] inference took 0.20s
13:04:36 [DETECT] inference took 0.20s
13:04:37 [DETECT] inference took 0.20s
13:04:38 [DETECT] inference took 0.22s
13:04:39 [DETECT] inference took 0.22s
13:04:40 [DETECT] inference took 0.20s
13:04:41 [DETECT] inference took 0.20s
13:04:42 [DETECT] inference took 0.22s
13:04:43 [DETECT] inference took 0.22s
13:04:44 [DETECT] inference took 0.20s
13:04:45 [DETECT] inference took 0.22s
13:04:46 [DETECT] inference took 0.20s
13:04:47 [DETECT] inference took 0.22s
13:04:48 [DETECT] inference took 0.22s
13:04:49 [DETECT] inference took 0.22s
13:04:50 [DETECT] inference took 0.22s
13:04:51 [DETECT] inference took 0.22s
13:04:52 [DETECT] inference took 0.20s
13:04:53 [DETECT] inference took 0.20s
13:04:54 [DETECT] inference took 0.20s
13:04:55 [DETECT] inference took 0.20s
13:04:56 [DETECT] inference took 0.20s
13:04:57 [DETECT] inference took 0.22s
13:04:58 [DETECT] inference took 0.20s
13:04:59 [DETECT] inference took 0.20s
13:05:00 [DETECT] inference took 0.22s
13:05:01 [DETECT] inference took 0.20s
13:05:02 [DETECT] inference took 0.20s
13:05:03 [DETECT] inference took 0.20s
13:05:04 [DETECT] inference took 0.20s
13:05:05 [DETECT] inference took 0.22s
13:05:06 [DETECT] inference took 0.20s
13:05:07 [DETECT] inference took 0.22s
13:05:08 [DETECT] inference took 0.20s
13:05:09 [DETECT] inference took 0.22s
13:05:10 [DETECT] inference took 0.20s
13:05:11 [DETECT] inference took 0.20s
13:05:12 [DETECT] inference took 0.20s
13:05:13 [DETECT] inference took 0.22s
13:05:14 [DETECT] inference took 0.20s
13:05:15 [DETECT] inference took 0.20s
13:05:16 [DETECT] inference took 0.22s
13:05:17 [DETECT] inference took 0.20s
13:05:18 [DETECT] inference took 0.22s
13:05:19 [DETECT] inference took 0.20s
13:05:20 [DETECT] inference took 0.20s
13:05:21 [DETECT] inference took 0.20s
13:05:22 [DETECT] inference took 0.22s
13:05:23 [DETECT] inference took 0.20s
13:05:24 [DETECT] inference took 0.20s
13:05:25 [DETECT] inference took 0.20s
13:05:26 [DETECT] inference took 0.22s
13:05:27 [DETECT] inference took 0.20s
13:05:28 [DETECT] inference took 0.20s
13:05:29 [DETECT] inference took 0.20s
13:05:30 [DETECT] inference took 0.22s
13:05:31 [DETECT] inference took 0.22s
13:05:32 [DETECT] inference took 0.20s
13:05:33 [DETECT] inference took 0.22s
13:05:34 [DETECT] inference took 0.22s
13:05:35 [DETECT] inference took 0.20s
13:05:36 [DETECT] inference took 0.20s
13:05:37 [DETECT] inference took 0.20s
13:05:38 [DETECT] inference took 0.22s
13:05:39 [DETECT] inference took 0.22s
13:05:40 [DETECT] inference took 0.20s
13:05:41 [DETECT] inference took 0.20s
13:05:42 [DETECT] inference took 0.22s
13:05:43 [DETECT] inference took 0.20s
13:05:44 [DETECT] inference took 0.20s
13:05:45 [DETECT] inference took 0.22s
13:05:46 [DETECT] inference took 0.20s
13:05:47 [DETECT] inference took 0.20s
13:05:48 [DETECT] inference took 0.22s
13:05:49 [DETECT] inference took 0.22s
13:05:50 [DETECT] inference took 0.20s
13:05:51 [DETECT] inference took 0.22s
13:05:52 [DETECT] inference took 0.20s
13:05:53 [DETECT] inference took 0.20s
13:05:54 [DETECT] inference took 0.22s
13:05:55 [DETECT] inference took 0.20s
13:05:56 [DETECT] inference took 0.22s
13:05:57 [DETECT] inference took 0.22s
13:05:58 [DETECT] inference took 0.20s
13:05:59 [DETECT] inference took 0.20s
13:06:00 [DETECT] inference took 0.30s
13:06:01 [DETECT] inference took 0.31s
13:06:02 [DETECT] inference took 0.30s
13:06:03 [DETECT] inference took 0.30s
13:06:04 [DETECT] inference took 0.30s
13:06:05 [DETECT] inference took 0.28s
13:06:06 [DETECT] inference took 0.30s
13:06:07 [DETECT] inference took 0.30s
13:06:08 [DETECT] inference took 0.28s
13:06:09 [DETECT] inference took 0.30s
13:06:10 [DETECT] inference took 0.30s
13:06:11 [DETECT] inference took 0.28s
13:06:12 [DETECT] inference took 0.30s
13:06:13 [DETECT] inference took 0.30s
13:06:14 [DETECT] inference took 0.30s
13:06:15 [DETECT] inference took 0.31s
13:06:16 [DETECT] inference took 0.30s
13:06:17 [DETECT] inference took 0.28s
13:06:18 [DETECT] inference took 0.28s
13:06:19 [DETECT] inference took 0.33s
13:06:20 [DETECT] inference took 0.31s
13:06:21 [DETECT] inference took 0.30s
13:06:22 [DETECT] inference took 0.31s
13:06:23 [DETECT] inference took 0.30s
13:06:24 [DETECT] inference took 0.22s
13:06:25 [DETECT] inference took 0.22s
13:06:26 [DETECT] inference took 0.20s
13:06:27 [DETECT] inference took 0.20s
13:06:28 [DETECT] inference took 0.22s
13:06:29 [DETECT] inference took 0.22s
13:06:30 [DETECT] inference took 0.20s
13:06:31 [DETECT] inference took 0.20s
13:06:32 [DETECT] inference took 0.22s
13:06:33 [DETECT] inference took 0.20s
13:06:34 [DETECT] inference took 0.20s
13:06:35 [DETECT] inference took 0.22s
13:06:36 [DETECT] inference took 0.20s
13:06:37 [DETECT] inference took 0.27s
13:06:38 [DETECT] inference took 0.20s
13:06:39 [DETECT] inference took 0.22s
13:06:40 [DETECT] inference took 0.22s
13:06:41 [DETECT] inference took 0.22s
13:06:42 [DETECT] inference took 0.22s
13:06:43 [DETECT] inference took 0.22s
13:06:44 [DETECT] inference took 0.22s
13:06:45 [DETECT] inference took 0.30s
13:06:46 [DETECT] inference took 0.33s
13:06:47 [DETECT] inference took 0.33s
13:06:48 [DETECT] inference took 0.31s
13:06:49 [DETECT] inference took 0.28s
13:06:50 [DETECT] inference took 0.30s
13:06:51 [DETECT] inference took 0.30s
13:06:52 [DETECT] inference took 0.33s
13:06:53 [DETECT] inference took 0.28s
13:06:54 [DETECT] inference took 0.28s
13:06:56 [DETECT] inference took 0.38s
13:06:56 [DETECT] inference took 0.31s
13:06:57 [DETECT] inference took 0.30s
13:06:58 [DETECT] inference took 0.30s
13:06:59 [DETECT] inference took 0.30s
13:07:00 [DETECT] inference took 0.28s
13:07:01 [DETECT] inference took 0.31s
13:07:02 [DETECT] inference took 0.30s
13:07:03 [DETECT] inference took 0.28s
13:07:05 [DETECT] inference took 0.34s
13:07:05 [DETECT] inference took 0.33s
13:07:06 [DETECT] inference took 0.30s
13:07:07 [DETECT] inference took 0.30s
13:07:08 [DETECT] inference took 0.30s
13:07:09 [DETECT] inference took 0.31s
13:07:10 [DETECT] inference took 0.30s
13:07:11 [DETECT] inference took 0.30s
13:07:12 [DETECT] inference took 0.31s
13:07:14 [DETECT] inference took 0.31s
13:07:14 [DETECT] inference took 0.31s
13:07:15 [DETECT] inference took 0.31s
13:07:16 [DETECT] inference took 0.31s
13:07:17 [DETECT] inference took 0.30s
13:07:18 [DETECT] inference took 0.28s
13:07:19 [DETECT] inference took 0.31s
13:07:20 [DETECT] inference took 0.31s
13:07:21 [DETECT] inference took 0.31s
13:07:22 [DETECT] inference took 0.31s
13:07:23 [DETECT] inference took 0.30s
13:07:24 [DETECT] inference took 0.31s
13:07:25 [DETECT] inference took 0.31s
13:07:27 [DETECT] inference took 0.36s
13:07:28 [DETECT] inference took 0.33s
13:07:29 [DETECT] inference took 0.31s
13:07:29 [DETECT] inference took 0.30s
13:07:31 [DETECT] inference took 0.31s
13:07:31 [DETECT] inference took 0.30s
13:07:33 [DETECT] inference took 0.30s
13:07:34 [DETECT] inference took 0.28s
13:07:35 [DETECT] inference took 0.31s
13:07:36 [DETECT] inference took 0.30s
13:07:37 [DETECT] inference took 0.31s
13:07:38 [DETECT] inference took 0.31s
13:07:39 [DETECT] inference took 0.30s
13:07:40 [DETECT] inference took 0.31s
13:07:41 [DETECT] inference took 0.31s
13:07:42 [DETECT] inference took 0.30s
13:07:43 [DETECT] inference took 0.33s
13:07:44 [DETECT] inference took 0.30s
13:07:45 [DETECT] inference took 0.28s
13:07:46 [DETECT] inference took 0.30s
13:07:47 [DETECT] inference took 0.30s
13:07:48 [DETECT] inference took 0.31s
13:07:49 [DETECT] inference took 0.36s
13:07:50 [DETECT] inference took 0.39s
13:07:51 [DETECT] inference took 0.38s
13:07:51 [DETECT] inference took 0.22s
13:07:52 [DETECT] inference took 0.25s
13:07:52 [DETECT] inference took 0.22s
13:07:53 [DETECT] inference took 0.25s
13:07:53 [DETECT] inference took 0.22s
13:07:54 [DETECT] inference took 0.25s
13:07:54 [DETECT] inference took 0.24s
13:07:55 [DETECT] inference took 0.25s
13:07:55 [DETECT] inference took 0.22s
13:07:56 [DETECT] inference took 0.20s
13:07:57 [DETECT] inference took 0.22s
13:07:58 [DETECT] inference took 0.22s
13:07:59 [DETECT] inference took 0.20s
13:08:00 [DETECT] inference took 0.22s
13:08:01 [DETECT] inference took 0.22s
13:08:02 [DETECT] inference took 0.20s
13:08:03 [DETECT] inference took 0.22s
13:08:04 [DETECT] inference took 0.22s
13:08:05 [DETECT] inference took 0.22s
13:08:06 [DETECT] inference took 0.22s
13:08:07 [DETECT] inference took 0.22s
13:08:08 [DETECT] inference took 0.22s
13:08:09 [DETECT] inference took 0.22s
13:08:10 [DETECT] inference took 0.22s
13:08:11 [DETECT] inference took 0.22s
13:08:12 [DETECT] inference took 0.22s
13:08:13 [DETECT] inference took 0.22s
13:08:14 [DETECT] inference took 0.22s
13:08:15 [DETECT] inference took 0.22s
13:08:16 [DETECT] inference took 0.22s
13:08:17 [DETECT] inference took 0.22s
13:08:18 [DETECT] inference took 0.22s
13:08:19 [DETECT] inference took 0.22s
13:08:20 [DETECT] inference took 0.20s
13:08:21 [DETECT] inference took 0.22s
13:08:22 [DETECT] inference took 0.22s
13:08:23 [DETECT] inference took 0.20s
13:08:24 [DETECT] inference took 0.22s
13:08:25 [DETECT] inference took 0.22s
13:08:26 [DETECT] inference took 0.20s
13:08:27 [DETECT] inference took 0.22s
13:08:28 [DETECT] inference took 0.20s
13:08:29 [DETECT] inference took 0.22s
13:08:30 [DETECT] inference took 0.22s
13:08:31 [DETECT] inference took 0.22s
13:08:32 [DETECT] inference took 0.20s
13:08:33 [DETECT] inference took 0.22s
13:08:34 [DETECT] inference took 0.22s
13:08:35 [DETECT] inference took 0.22s
13:08:36 [DETECT] inference took 0.20s
13:08:38 [DETECT] inference took 0.31s
13:08:39 [DETECT] inference took 0.33s
13:08:40 [DETECT] inference took 0.33s
13:08:41 [DETECT] inference took 0.33s
13:08:42 [DETECT] inference took 0.33s
13:08:43 [DETECT] inference took 0.31s
13:08:44 [DETECT] inference took 0.33s
13:08:45 [DETECT] inference took 0.33s
13:08:46 [DETECT] inference took 0.30s
13:08:47 [DETECT] inference took 0.33s
13:08:48 [DETECT] inference took 0.28s
13:08:49 [DETECT] inference took 0.30s
13:08:50 [DETECT] inference took 0.33s
13:08:51 [DETECT] inference took 0.31s
13:08:52 [DETECT] inference took 0.30s
13:08:53 [DETECT] inference took 0.33s
13:08:54 [DETECT] inference took 0.30s
13:08:55 [DETECT] inference took 0.33s
13:08:56 [DETECT] inference took 0.30s
13:08:57 [DETECT] inference took 0.30s
13:08:58 [DETECT] inference took 0.38s
13:08:59 [DETECT] inference took 0.36s
13:08:59 [DETECT] inference took 0.38s
13:09:00 [DETECT] inference took 0.34s
13:09:00 [DETECT] inference took 0.34s
13:09:01 [DETECT] inference took 0.31s
13:09:01 [DETECT] inference took 0.33s
13:09:02 [DETECT] inference took 0.30s
13:09:02 [DETECT] inference took 0.25s
13:09:03 [DETECT] inference took 0.22s
13:09:03 [DETECT] inference took 0.25s
13:09:04 [DETECT] inference took 0.22s
13:09:04 [DETECT] inference took 0.25s
13:09:05 [DETECT] inference took 0.33s
13:09:05 [DETECT] inference took 0.34s
13:09:06 [DETECT] inference took 0.33s
13:09:06 [DETECT] inference took 0.34s
13:09:07 [DETECT] inference took 0.31s
13:09:07 [DETECT] inference took 0.34s
13:09:08 [DETECT] inference took 0.31s
13:09:08 [DETECT] inference took 0.33s
13:09:09 [DETECT] inference took 0.30s
13:09:09 [DETECT] inference took 0.33s
13:09:10 [DETECT] inference took 0.30s
13:09:10 [DETECT] inference took 0.33s
13:09:11 [DETECT] inference took 0.31s
13:09:11 [DETECT] inference took 0.36s
13:09:12 [DETECT] inference took 0.31s
13:09:12 [DETECT] inference took 0.34s
13:09:13 [DETECT] inference took 0.31s
13:09:13 [DETECT] inference took 0.33s
13:09:14 [DETECT] inference took 0.30s
13:09:14 [DETECT] inference took 0.33s
13:09:15 [DETECT] inference took 0.31s
13:09:15 [DETECT] inference took 0.33s
13:09:16 [DETECT] inference took 0.30s
13:09:16 [DETECT] inference took 0.23s
13:09:17 [DETECT] inference took 0.22s
13:09:17 [DETECT] inference took 0.25s
13:09:18 [DETECT] inference took 0.22s
13:09:18 [DETECT] inference took 0.25s
13:09:19 [DETECT] inference took 0.23s
13:09:19 [DETECT] inference took 0.23s
13:09:20 [DETECT] inference took 0.22s
13:09:20 [DETECT] inference took 0.25s
13:09:21 [DETECT] inference took 0.22s
13:09:21 [DETECT] inference took 0.25s
13:09:22 [DETECT] inference took 0.22s
13:09:22 [DETECT] inference took 0.34s
13:09:23 [DETECT] inference took 0.22s
13:09:23 [DETECT] inference took 0.25s
13:09:24 [DETECT] inference took 0.22s
13:09:24 [DETECT] inference took 0.25s
13:09:25 [DETECT] inference took 0.25s
13:09:26 [DETECT] inference took 0.23s
13:09:27 [DETECT] inference took 0.20s
13:09:28 [DETECT] inference took 0.25s
13:09:29 [DETECT] inference took 0.22s
13:09:30 [DETECT] inference took 0.22s
13:09:31 [DETECT] inference took 0.22s
13:09:31 [DETECT] inference took 0.25s
13:09:32 [DETECT] inference took 0.25s
13:09:32 [DETECT] inference took 0.23s
13:09:33 [DETECT] inference took 0.22s
13:09:33 [DETECT] inference took 0.25s
13:09:34 [DETECT] inference took 0.22s
13:09:34 [DETECT] inference took 0.25s
13:09:35 [DETECT] inference took 0.23s
13:09:35 [DETECT] inference took 0.23s
13:09:36 [DETECT] inference took 0.22s
13:09:36 [DETECT] inference took 0.25s
13:09:37 [DETECT] inference took 0.23s
13:09:38 [DETECT] inference took 0.25s
13:09:39 [DETECT] inference took 0.23s
13:09:40 [DETECT] inference took 0.20s
13:09:41 [DETECT] inference took 0.22s
13:09:41 [DETECT] inference took 0.25s
13:09:42 [DETECT] inference took 0.22s
13:09:42 [DETECT] inference took 0.27s
13:09:43 [DETECT] inference took 0.28s
13:09:43 [DETECT] inference took 0.36s
13:09:44 [DETECT] inference took 0.33s
13:09:45 [DETECT] inference took 0.36s
13:09:46 [DETECT] inference took 0.31s
13:09:47 [DETECT] inference took 0.31s
13:09:48 [DETECT] inference took 0.30s
13:09:49 [DETECT] inference took 0.30s
13:09:50 [DETECT] inference took 0.30s
13:09:51 [DETECT] inference took 0.33s
13:09:52 [DETECT] inference took 0.33s
13:09:53 [DETECT] inference took 0.30s
13:09:54 [DETECT] inference took 0.31s
13:09:55 [DETECT] inference took 0.34s
13:09:56 [DETECT] inference took 0.30s
13:09:57 [DETECT] inference took 0.31s
13:09:58 [DETECT] inference took 0.33s
13:09:59 [DETECT] inference took 0.31s
13:10:00 [DETECT] inference took 0.31s
13:10:01 [DETECT] inference took 0.33s
13:10:02 [DETECT] inference took 0.30s
13:10:03 [DETECT] inference took 0.39s
13:10:04 [DETECT] inference took 0.38s
13:10:05 [DETECT] inference took 0.39s
13:10:05 [DETECT] inference took 0.38s
13:10:06 [DETECT] inference took 0.39s
13:10:07 [DETECT] inference took 0.38s
13:10:08 [DETECT] inference took 0.22s
13:10:09 [DETECT] inference took 0.22s
13:10:10 [DETECT] inference took 0.20s
13:10:11 [DETECT] inference took 0.22s
13:10:12 [DETECT] inference took 0.22s
13:10:12 [DETECT] inference took 0.23s
13:10:13 [DETECT] inference took 0.22s
13:10:13 [DETECT] inference took 0.23s
13:10:14 [DETECT] inference took 0.22s
13:10:15 [DETECT] inference took 0.22s
13:10:16 [DETECT] inference took 0.22s
13:10:17 [DETECT] inference took 0.22s
13:10:18 [DETECT] inference took 0.20s
13:10:19 [DETECT] inference took 0.23s
13:10:20 [DETECT] inference took 0.23s
13:10:21 [DETECT] inference took 0.20s
13:10:22 [DETECT] inference took 0.20s
13:10:22 [DETECT] inference took 0.25s
13:10:23 [DETECT] inference took 0.22s
13:10:23 [DETECT] inference took 0.23s
13:10:24 [DETECT] inference took 0.22s
13:10:25 [DETECT] inference took 0.22s
13:10:26 [DETECT] inference took 0.22s
13:10:27 [DETECT] inference took 0.20s
13:10:28 [DETECT] inference took 0.25s
13:10:29 [DETECT] inference took 0.34s
13:10:30 [DETECT] inference took 0.34s
13:10:30 [DETECT] inference took 0.44s
13:10:31 [DETECT] inference took 0.36s
13:10:31 [DETECT] inference took 0.38s
13:10:32 [DETECT] inference took 0.36s
13:10:32 [DETECT] inference took 0.38s
13:10:33 [DETECT] inference took 0.33s
13:10:34 [DETECT] inference took 0.31s
13:10:35 [DETECT] inference took 0.33s
13:10:36 [DETECT] inference took 0.28s
13:10:36 [DETECT] inference took 0.41s
13:10:37 [DETECT] inference took 0.34s
13:10:38 [DETECT] inference took 0.34s
13:10:39 [DETECT] inference took 0.34s
13:10:40 [DETECT] inference took 0.33s
13:10:41 [DETECT] inference took 0.28s
13:10:42 [DETECT] inference took 0.33s
13:10:43 [DETECT] inference took 0.34s
13:10:44 [DETECT] inference took 0.33s
13:10:44 [DETECT] inference took 0.36s
13:10:45 [DETECT] inference took 0.33s
13:10:46 [DETECT] inference took 0.33s
13:10:47 [DETECT] inference took 0.34s
13:10:48 [DETECT] inference took 0.41s
13:10:49 [DETECT] inference took 0.38s
13:10:50 [DETECT] inference took 0.38s
13:10:51 [DETECT] inference took 0.34s
13:10:52 [DETECT] inference took 0.38s
13:10:53 [DETECT] inference took 0.36s
13:10:54 [DETECT] inference took 0.36s
13:10:55 [DETECT] inference took 0.36s
13:10:56 [DETECT] inference took 0.34s
13:10:57 [DETECT] inference took 0.34s
13:10:58 [DETECT] inference took 0.33s
13:10:59 [DETECT] inference took 0.33s
13:11:00 [DETECT] inference took 0.38s
13:11:01 [DETECT] inference took 0.38s
13:11:02 [DETECT] inference took 0.36s
13:11:03 [DETECT] inference took 0.36s
13:11:04 [DETECT] inference took 0.36s
13:11:05 [DETECT] inference took 0.38s
13:11:06 [DETECT] inference took 0.36s
13:11:07 [DETECT] inference took 0.36s
13:11:08 [DETECT] inference took 0.34s
13:11:09 [DETECT] inference took 0.36s
13:11:10 [DETECT] inference took 0.33s
13:11:11 [DETECT] inference took 0.34s
13:11:12 [DETECT] inference took 0.33s
13:11:13 [DETECT] inference took 0.34s
13:11:13 [DETECT] inference took 0.36s
13:11:13 [DETECT] rejected drone candidate (confidence=0.48) -- overlaps a confidently-classified non-drone object
13:11:14 [DETECT] inference took 0.33s
13:11:14 [DETECT] inference took 0.34s
13:11:14 [DETECT] rejected drone candidate (confidence=0.49) -- overlaps a confidently-classified non-drone object
13:11:15 [DETECT] inference took 0.20s
13:11:16 [DETECT] inference took 0.22s
13:11:17 [DETECT] inference took 0.22s
13:11:18 [DETECT] inference took 0.20s
13:11:19 [DETECT] inference took 0.20s
13:11:20 [DETECT] inference took 0.22s
13:11:21 [DETECT] inference took 0.20s
13:11:22 [DETECT] inference took 0.22s
13:11:23 [DETECT] inference took 0.22s
13:11:24 [DETECT] inference took 0.20s
13:11:25 [DETECT] inference took 0.22s
13:11:26 [DETECT] inference took 0.20s
13:11:27 [DETECT] inference took 0.20s
13:11:28 [DETECT] inference took 0.20s
13:11:29 [DETECT] inference took 0.30s
13:11:30 [DETECT] inference took 0.30s
13:11:31 [DETECT] inference took 0.30s
13:11:32 [DETECT] inference took 0.28s
13:11:33 [DETECT] inference took 0.30s
13:11:34 [DETECT] inference took 0.22s
13:11:35 [DETECT] inference took 0.20s
13:11:36 [DETECT] inference took 0.34s
13:11:37 [DETECT] inference took 0.33s
13:11:38 [DETECT] inference took 0.33s
13:11:39 [DETECT] inference took 0.33s
13:11:40 [DETECT] inference took 0.31s
13:11:41 [DETECT] inference took 0.33s
13:11:42 [DETECT] inference took 0.34s
13:11:43 [DETECT] inference took 0.34s
13:11:44 [DETECT] inference took 0.33s
13:11:45 [DETECT] inference took 0.33s
13:11:46 [DETECT] inference took 0.34s
13:11:47 [DETECT] inference took 0.34s
13:11:48 [DETECT] inference took 0.36s
13:11:49 [DETECT] inference took 0.34s
13:11:50 [DETECT] inference took 0.34s
13:11:51 [DETECT] inference took 0.36s
13:11:52 [DETECT] inference took 0.31s
13:11:53 [DETECT] inference took 0.33s
13:11:54 [DETECT] inference took 0.36s
13:11:54 [DETECT] inference took 0.39s
13:11:55 [DETECT] inference took 0.36s
13:11:56 [DETECT] inference took 0.39s
13:11:57 [DETECT] inference took 0.39s
13:11:57 [DETECT] inference took 0.38s
13:11:58 [DETECT] inference took 0.31s
13:11:59 [DETECT] inference took 0.31s
13:12:00 [DETECT] inference took 0.28s
13:12:01 [DETECT] inference took 0.28s
13:12:02 [DETECT] inference took 0.33s
13:12:03 [DETECT] inference took 0.30s
13:12:04 [DETECT] inference took 0.20s
13:12:05 [DETECT] inference took 0.22s
13:12:06 [DETECT] inference took 0.22s
13:12:07 [DETECT] inference took 0.20s
13:12:08 [DETECT] inference took 0.22s
13:12:09 [DETECT] inference took 0.22s
13:12:10 [DETECT] inference took 0.20s
13:12:11 [DETECT] inference took 0.20s
13:12:12 [DETECT] inference took 0.20s
13:12:13 [DETECT] inference took 0.22s
13:12:14 [DETECT] inference took 0.30s
13:12:15 [DETECT] inference took 0.30s
13:12:16 [DETECT] inference took 0.28s
13:12:17 [DETECT] inference took 0.30s
13:12:18 [DETECT] inference took 0.39s
13:12:19 [DETECT] inference took 0.36s
13:12:20 [DETECT] inference took 0.33s
13:12:21 [DETECT] inference took 0.28s
13:12:22 [DETECT] inference took 0.28s
13:12:23 [DETECT] inference took 0.22s
13:12:24 [DETECT] inference took 0.20s
13:12:25 [DETECT] inference took 0.22s
13:12:26 [DETECT] inference took 0.22s
13:12:27 [DETECT] inference took 0.20s
13:12:28 [DETECT] inference took 0.22s
13:12:29 [DETECT] inference took 0.24s
13:12:30 [DETECT] inference took 0.22s
13:12:31 [DETECT] inference took 0.20s
13:12:32 [DETECT] inference took 0.22s
13:12:33 [DETECT] inference took 0.22s
13:12:34 [DETECT] inference took 0.22s
13:12:35 [DETECT] inference took 0.20s
13:12:36 [DETECT] inference took 0.22s
13:12:37 [DETECT] inference took 0.20s
13:12:38 [DETECT] inference took 0.24s
13:12:39 [DETECT] inference took 0.22s
13:12:40 [DETECT] inference took 0.23s
13:12:41 [DETECT] inference took 0.22s
13:12:42 [DETECT] inference took 0.20s
13:12:43 [DETECT] inference took 0.23s
13:12:44 [DETECT] inference took 0.22s
13:12:45 [DETECT] inference took 0.22s
13:12:46 [DETECT] inference took 0.22s
13:12:47 [DETECT] inference took 0.23s
13:12:48 [DETECT] inference took 0.22s
13:12:49 [DETECT] inference took 0.22s
13:12:50 [DETECT] inference took 0.22s
13:12:51 [DETECT] inference took 0.22s
13:12:52 [DETECT] inference took 0.22s
13:12:53 [DETECT] inference took 0.22s
13:12:54 [DETECT] inference took 0.20s
13:12:55 [DETECT] inference took 0.22s
13:12:56 [DETECT] inference took 0.20s
13:12:57 [DETECT] inference took 0.23s
13:12:58 [DETECT] inference took 0.22s
13:12:59 [DETECT] inference took 0.22s
13:13:00 [DETECT] inference took 0.22s
13:13:01 [DETECT] inference took 0.22s
13:13:02 [DETECT] inference took 0.20s
13:13:03 [DETECT] inference took 0.22s
13:13:04 [DETECT] inference took 0.22s
13:13:05 [DETECT] inference took 0.22s
13:13:06 [DETECT] inference took 0.23s
13:13:07 [DETECT] inference took 0.22s
13:13:08 [DETECT] inference took 0.23s
13:13:09 [DETECT] inference took 0.22s
13:13:10 [DETECT] inference took 0.23s
13:13:11 [DETECT] inference took 0.23s
13:13:12 [DETECT] inference took 0.22s
13:13:13 [DETECT] inference took 0.22s
13:13:14 [DETECT] inference took 0.20s
13:13:15 [DETECT] inference took 0.22s
13:13:16 [DETECT] inference took 0.22s
13:13:17 [DETECT] inference took 0.22s
13:13:18 [DETECT] inference took 0.22s
13:13:19 [DETECT] inference took 0.22s
13:13:20 [DETECT] inference took 0.22s
13:13:21 [DETECT] inference took 0.22s
13:13:22 [DETECT] inference took 0.22s
13:13:23 [DETECT] inference took 0.20s
13:13:24 [DETECT] inference took 0.22s
13:13:25 [DETECT] inference took 0.23s
13:13:26 [DETECT] inference took 0.22s
13:13:27 [DETECT] inference took 0.22s
13:13:28 [DETECT] inference took 0.20s
13:13:29 [DETECT] inference took 0.22s
13:13:30 [DETECT] inference took 0.22s
13:13:31 [DETECT] inference took 0.22s
13:13:32 [DETECT] inference took 0.22s
13:13:33 [DETECT] inference took 0.20s
13:13:34 [DETECT] inference took 0.22s
13:13:35 [DETECT] inference took 0.20s
13:13:36 [DETECT] inference took 0.22s
13:13:37 [DETECT] inference took 0.22s
13:13:38 [DETECT] inference took 0.22s
13:13:39 [DETECT] inference took 0.23s
13:13:40 [DETECT] inference took 0.22s
13:13:41 [DETECT] inference took 0.22s
13:13:42 [DETECT] inference took 0.22s
13:13:43 [DETECT] inference took 0.22s
13:13:44 [DETECT] inference took 0.22s
13:13:45 [DETECT] inference took 0.22s
13:13:46 [DETECT] inference took 0.22s
13:13:47 [DETECT] inference took 0.22s
13:13:48 [DETECT] inference took 0.22s
13:13:49 [DETECT] inference took 0.22s
13:13:50 [DETECT] inference took 0.22s
13:13:51 [DETECT] inference took 0.20s
13:13:52 [DETECT] inference took 0.22s
13:13:53 [DETECT] inference took 0.20s
13:13:54 [DETECT] inference took 0.22s
13:13:55 [DETECT] inference took 0.22s
13:13:56 [DETECT] inference took 0.22s
13:13:57 [DETECT] inference took 0.22s
13:13:58 [DETECT] inference took 0.22s
13:13:59 [DETECT] inference took 0.22s
13:14:00 [DETECT] inference took 0.22s
13:14:01 [DETECT] inference took 0.22s
13:14:02 [DETECT] inference took 0.22s
13:14:03 [DETECT] inference took 0.22s
13:14:04 [DETECT] inference took 0.22s
13:14:05 [DETECT] inference took 0.22s
13:14:06 [DETECT] inference took 0.23s
13:14:07 [DETECT] inference took 0.20s
13:14:08 [DETECT] inference took 0.22s
13:14:09 [DETECT] inference took 0.22s
13:14:10 [DETECT] inference took 0.22s
13:14:11 [DETECT] inference took 0.20s
13:14:12 [DETECT] inference took 0.22s
13:14:13 [DETECT] inference took 0.22s
13:14:14 [DETECT] inference took 0.22s
13:14:15 [DETECT] inference took 0.30s
13:14:16 [DETECT] inference took 0.31s
13:14:17 [DETECT] inference took 0.28s
13:14:18 [DETECT] inference took 0.26s
13:14:19 [DETECT] inference took 0.28s
13:14:20 [DETECT] inference took 0.28s
13:14:21 [DETECT] inference took 0.28s
13:14:22 [DETECT] inference took 0.30s
13:14:23 [DETECT] inference took 0.28s
13:14:24 [DETECT] inference took 0.28s
13:14:25 [DETECT] inference took 0.30s
13:14:26 [DETECT] inference took 0.26s
13:14:27 [DETECT] inference took 0.30s
13:14:28 [DETECT] inference took 0.28s
13:14:29 [DETECT] inference took 0.28s
13:14:30 [DETECT] inference took 0.31s
13:14:31 [DETECT] inference took 0.28s
13:14:32 [DETECT] inference took 0.28s
13:14:33 [DETECT] inference took 0.31s
13:14:34 [DETECT] inference took 0.31s
13:14:35 [DETECT] inference took 0.28s
13:14:36 [DETECT] inference took 0.20s
13:14:37 [DETECT] inference took 0.22s
13:14:38 [DETECT] inference took 0.22s
13:14:39 [DETECT] inference took 0.22s
13:14:40 [DETECT] inference took 0.22s
13:14:41 [DETECT] inference took 0.22s
13:14:42 [DETECT] inference took 0.20s
13:14:43 [DETECT] inference took 0.22s
13:14:44 [DETECT] inference took 0.22s
13:14:45 [DETECT] inference took 0.20s
13:14:46 [DETECT] inference took 0.22s
13:14:47 [DETECT] inference took 0.20s
13:14:48 [DETECT] inference took 0.22s
13:14:49 [DETECT] inference took 0.20s
13:14:50 [DETECT] inference took 0.20s
13:14:51 [DETECT] inference took 0.22s
13:14:52 [DETECT] inference took 0.20s
13:14:53 [DETECT] inference took 0.22s
13:14:54 [DETECT] inference took 0.20s
13:14:55 [DETECT] inference took 0.20s
13:14:56 [DETECT] inference took 0.20s
13:14:57 [DETECT] inference took 0.22s
13:14:58 [DETECT] inference took 0.20s
13:14:59 [DETECT] inference took 0.30s
13:15:00 [DETECT] inference took 0.33s
13:15:01 [DETECT] inference took 0.30s
13:15:02 [DETECT] inference took 0.30s
13:15:03 [DETECT] inference took 0.27s
13:15:04 [DETECT] inference took 0.28s
13:15:05 [DETECT] inference took 0.30s
13:15:06 [DETECT] inference took 0.28s
13:15:07 [DETECT] inference took 0.28s
13:15:08 [DETECT] inference took 0.28s
13:15:09 [DETECT] inference took 0.30s
13:15:10 [DETECT] inference took 0.30s
13:15:11 [DETECT] inference took 0.30s
13:15:12 [DETECT] inference took 0.28s
13:15:13 [DETECT] inference took 0.28s
13:15:14 [DETECT] inference took 0.30s
13:15:15 [DETECT] inference took 0.30s
13:15:16 [DETECT] inference took 0.28s
13:15:17 [DETECT] inference took 0.28s
13:15:18 [DETECT] inference took 0.36s
13:15:19 [DETECT] inference took 0.33s
13:15:20 [DETECT] inference took 0.30s
13:15:21 [DETECT] inference took 0.30s
13:15:22 [DETECT] inference took 0.28s
13:15:23 [DETECT] inference took 0.27s
13:15:24 [DETECT] inference took 0.28s
13:15:25 [DETECT] inference took 0.28s
13:15:26 [DETECT] inference took 0.28s
13:15:27 [DETECT] inference took 0.28s
13:15:28 [DETECT] inference took 0.30s
13:15:29 [DETECT] inference took 0.31s
13:15:30 [DETECT] inference took 0.31s
13:15:31 [DETECT] inference took 0.22s
13:15:32 [DETECT] inference took 0.20s
13:15:33 [DETECT] inference took 0.22s
13:15:34 [DETECT] inference took 0.22s
13:15:35 [DETECT] inference took 0.20s
13:15:36 [DETECT] inference took 0.22s
13:15:37 [DETECT] inference took 0.20s
13:15:38 [DETECT] inference took 0.22s
13:15:39 [DETECT] inference took 0.22s
13:15:40 [DETECT] inference took 0.20s
13:15:41 [DETECT] inference took 0.22s
13:15:42 [DETECT] inference took 0.20s
13:15:43 [DETECT] inference took 0.22s
13:15:44 [DETECT] inference took 0.20s
13:15:45 [DETECT] inference took 0.20s
13:15:46 [DETECT] inference took 0.20s
13:15:47 [DETECT] inference took 0.20s
13:15:48 [DETECT] inference took 0.22s
13:15:49 [DETECT] inference took 0.22s
13:15:50 [DETECT] inference took 0.20s
13:15:51 [DETECT] inference took 0.20s
13:15:52 [DETECT] inference took 0.20s
13:15:53 [DETECT] inference took 0.22s
13:15:54 [DETECT] inference took 0.20s
13:15:55 [DETECT] inference took 0.20s
13:15:56 [DETECT] inference took 0.20s
13:15:57 [DETECT] inference took 0.22s
13:15:58 [DETECT] inference took 0.20s
13:15:59 [DETECT] inference took 0.20s
13:16:00 [DETECT] inference took 0.22s
13:16:01 [DETECT] inference took 0.20s
13:16:02 [DETECT] inference took 0.20s
13:16:03 [DETECT] inference took 0.22s
13:16:04 [DETECT] inference took 0.22s
13:16:05 [DETECT] inference took 0.22s
13:16:06 [DETECT] inference took 0.20s
13:16:07 [DETECT] inference took 0.22s
13:16:08 [DETECT] inference took 0.20s
13:16:09 [DETECT] inference took 0.20s
13:16:10 [DETECT] inference took 0.20s
13:16:11 [DETECT] inference took 0.22s
13:16:12 [DETECT] inference took 0.20s
13:16:13 [DETECT] inference took 0.22s
13:16:14 [DETECT] inference took 0.20s
13:16:15 [DETECT] inference took 0.20s
13:16:16 [DETECT] inference took 0.20s
13:16:17 [DETECT] inference took 0.22s
13:16:18 [DETECT] inference took 0.20s
13:16:19 [DETECT] inference took 0.22s
13:16:20 [DETECT] inference took 0.20s
13:16:21 [DETECT] inference took 0.22s
13:16:22 [DETECT] inference took 0.20s
13:16:23 [DETECT] inference took 0.22s
13:16:24 [DETECT] inference took 0.20s
13:16:25 [DETECT] inference took 0.22s
13:16:26 [DETECT] inference took 0.20s
13:16:27 [DETECT] inference took 0.22s
13:16:28 [DETECT] inference took 0.20s
13:16:29 [DETECT] inference took 0.20s
13:16:30 [DETECT] inference took 0.20s
13:16:31 [DETECT] inference took 0.22s
13:16:32 [DETECT] inference took 0.20s
13:16:33 [DETECT] inference took 0.20s
13:16:34 [DETECT] inference took 0.20s
13:16:35 [DETECT] inference took 0.22s
13:16:36 [DETECT] inference took 0.20s
13:16:37 [DETECT] inference took 0.20s
13:16:38 [DETECT] inference took 0.22s
13:16:39 [DETECT] inference took 0.20s
13:16:40 [DETECT] inference took 0.22s
13:16:41 [DETECT] inference took 0.20s
13:16:42 [DETECT] inference took 0.22s
13:16:43 [DETECT] inference took 0.22s
13:16:44 [DETECT] inference took 0.20s
13:16:45 [DETECT] inference took 0.22s
13:16:46 [DETECT] inference took 0.20s
13:16:47 [DETECT] inference took 0.20s
13:16:48 [DETECT] inference took 0.22s
13:16:49 [DETECT] inference took 0.20s
13:16:50 [DETECT] inference took 0.20s
13:16:51 [DETECT] inference took 0.30s
13:16:52 [DETECT] inference took 0.33s
13:16:53 [DETECT] inference took 0.31s
13:16:54 [DETECT] inference took 0.31s
13:16:55 [DETECT] inference took 0.30s
13:16:56 [DETECT] inference took 0.30s
13:16:57 [DETECT] inference took 0.31s
13:16:58 [DETECT] inference took 0.22s
13:16:59 [DETECT] inference took 0.22s
13:17:00 [DETECT] inference took 0.20s
13:17:01 [DETECT] inference took 0.20s
13:17:02 [DETECT] inference took 0.22s
13:17:03 [DETECT] inference took 0.30s
13:17:04 [DETECT] inference took 0.28s
13:17:05 [DETECT] inference took 0.28s
13:17:06 [DETECT] inference took 0.30s
13:17:07 [DETECT] inference took 0.28s
13:17:08 [DETECT] inference took 0.31s
13:17:09 [DETECT] inference took 0.30s
13:17:10 [DETECT] inference took 0.34s
13:17:11 [DETECT] inference took 0.34s
13:17:11 [DETECT] inference took 0.39s
13:17:12 [DETECT] inference took 0.31s
13:17:12 [DETECT] inference took 0.36s
13:17:13 [DETECT] inference took 0.28s
13:17:13 [DETECT] inference took 0.34s
13:17:14 [DETECT] inference took 0.30s
13:17:14 [DETECT] inference took 0.34s
13:17:15 [DETECT] inference took 0.20s
13:17:15 [DETECT] inference took 0.25s
13:17:16 [DETECT] inference took 0.31s
13:17:16 [DETECT] inference took 0.34s
13:17:17 [DETECT] inference took 0.33s
13:17:17 [DETECT] inference took 0.33s
13:17:18 [DETECT] inference took 0.30s
13:17:18 [DETECT] inference took 0.31s
13:17:19 [DETECT] inference took 0.30s
13:17:19 [DETECT] inference took 0.33s
13:17:20 [DETECT] inference took 0.28s
13:17:20 [DETECT] inference took 0.34s
13:17:21 [DETECT] inference took 0.28s
13:17:21 [DETECT] inference took 0.34s
13:17:22 [DETECT] inference took 0.28s
13:17:22 [DETECT] inference took 0.33s
13:17:23 [DETECT] inference took 0.28s
13:17:23 [DETECT] inference took 0.34s
13:17:24 [DETECT] inference took 0.30s
13:17:24 [DETECT] inference took 0.33s
13:17:25 [DETECT] inference took 0.28s
13:17:25 [DETECT] inference took 0.34s
13:17:26 [DETECT] inference took 0.31s
13:17:26 [DETECT] inference took 0.33s
13:17:27 [DETECT] inference took 0.30s
13:17:27 [DETECT] inference took 0.33s
13:17:28 [DETECT] inference took 0.28s
13:17:28 [DETECT] inference took 0.34s
13:17:29 [DETECT] inference took 0.30s
13:17:29 [DETECT] inference took 0.34s
13:17:30 [DETECT] inference took 0.30s
13:17:30 [DETECT] inference took 0.34s
13:17:31 [DETECT] inference took 0.31s
13:17:31 [DETECT] inference took 0.33s
13:17:32 [DETECT] inference took 0.36s
13:17:32 [DETECT] inference took 0.39s
13:17:33 [DETECT] inference took 0.34s
13:17:33 [DETECT] inference took 0.38s
13:17:34 [DETECT] inference took 0.31s
13:17:35 [DETECT] inference took 0.33s
13:17:35 [DETECT] inference took 0.34s
13:17:36 [DETECT] inference took 0.22s
13:17:36 [DETECT] inference took 0.23s
13:17:37 [DETECT] inference took 0.22s
13:17:37 [DETECT] inference took 0.25s
13:17:38 [DETECT] inference took 0.22s
13:17:38 [DETECT] inference took 0.23s
13:17:39 [DETECT] inference took 0.22s
13:17:39 [DETECT] inference took 0.23s
13:17:40 [DETECT] inference took 0.22s
13:17:40 [DETECT] inference took 0.23s
13:17:41 [DETECT] inference took 0.20s
13:17:41 [DETECT] inference took 0.25s
13:17:42 [DETECT] inference took 0.22s
13:17:42 [DETECT] inference took 0.23s
13:17:43 [DETECT] inference took 0.20s
13:17:44 [DETECT] inference took 0.22s
13:17:45 [DETECT] inference took 0.20s
13:17:46 [DETECT] inference took 0.20s
13:17:46 [DETECT] inference took 0.25s
13:17:47 [DETECT] inference took 0.20s
13:17:47 [DETECT] inference took 0.25s
13:17:48 [DETECT] inference took 0.22s
13:17:49 [DETECT] inference took 0.20s
13:17:50 [DETECT] inference took 0.22s
13:17:50 [DETECT] inference took 0.23s
13:17:51 [DETECT] inference took 0.22s
13:17:51 [DETECT] inference took 0.23s
13:17:52 [DETECT] inference took 0.22s
13:17:52 [DETECT] inference took 0.23s
13:17:53 [DETECT] inference took 0.20s
13:17:54 [DETECT] inference took 0.20s
13:17:55 [DETECT] inference took 0.20s
13:17:56 [DETECT] inference took 0.34s
13:17:57 [DETECT] inference took 0.31s
13:17:58 [DETECT] inference took 0.33s
13:17:59 [DETECT] inference took 0.30s
13:18:00 [DETECT] inference took 0.33s
13:18:01 [DETECT] inference took 0.31s
13:18:02 [DETECT] inference took 0.33s
13:18:03 [DETECT] inference took 0.30s
13:18:04 [DETECT] inference took 0.33s
13:18:05 [DETECT] inference took 0.33s
13:18:06 [DETECT] inference took 0.31s
13:18:07 [DETECT] inference took 0.34s
13:18:08 [DETECT] inference took 0.33s
13:18:09 [DETECT] inference took 0.33s
13:18:10 [DETECT] inference took 0.34s
13:18:11 [DETECT] inference took 0.30s
13:18:12 [DETECT] inference took 0.31s
13:18:13 [DETECT] inference took 0.34s
13:18:14 [DETECT] inference took 0.30s
13:18:15 [DETECT] inference took 0.31s
13:18:16 [DETECT] inference took 0.38s
13:18:17 [DETECT] inference took 0.34s
13:18:17 [DETECT] inference took 0.39s
13:18:18 [DETECT] inference took 0.34s
13:18:18 [DETECT] inference took 0.42s
13:18:19 [DETECT] inference took 0.38s
13:18:20 [DETECT] inference took 0.31s
13:18:21 [DETECT] inference took 0.23s
13:18:22 [DETECT] inference took 0.23s
13:18:23 [DETECT] inference took 0.20s
13:18:24 [DETECT] inference took 0.23s
13:18:25 [DETECT] inference took 0.23s
13:18:26 [DETECT] inference took 0.23s
13:18:27 [DETECT] inference took 0.22s
13:18:28 [DETECT] inference took 0.23s
13:18:29 [DETECT] inference took 0.22s
13:18:30 [DETECT] inference took 0.22s
13:18:31 [DETECT] inference took 0.23s
13:18:32 [DETECT] inference took 0.22s
13:18:33 [DETECT] inference took 0.23s
13:18:34 [DETECT] inference took 0.22s
13:18:35 [DETECT] inference took 0.23s
13:18:36 [DETECT] inference took 0.20s
13:18:37 [DETECT] inference took 0.22s
13:18:38 [DETECT] inference took 0.33s
13:18:39 [DETECT] inference took 0.22s
13:18:40 [DETECT] inference took 0.23s
13:18:41 [DETECT] inference took 0.31s
13:18:42 [DETECT] inference took 0.31s
13:18:43 [DETECT] inference took 0.33s
13:18:44 [DETECT] inference took 0.31s
13:18:45 [DETECT] inference took 0.30s
13:18:46 [DETECT] inference took 0.31s
13:18:47 [DETECT] inference took 0.33s
13:18:48 [DETECT] inference took 0.34s
13:18:49 [DETECT] inference took 0.31s
13:18:50 [DETECT] inference took 0.34s
13:18:51 [DETECT] inference took 0.36s
13:18:52 [DETECT] inference took 0.36s
13:18:53 [DETECT] inference took 0.41s
13:18:54 [DETECT] inference took 0.36s
13:18:55 [DETECT] inference took 0.38s
13:18:56 [DETECT] inference took 0.34s
13:18:57 [DETECT] inference took 0.38s
13:18:58 [DETECT] inference took 0.34s
13:18:59 [DETECT] inference took 0.31s
13:19:00 [DETECT] inference took 0.38s
13:19:01 [DETECT] inference took 0.33s
13:19:02 [DETECT] inference took 0.31s
13:19:03 [DETECT] inference took 0.31s
13:19:04 [DETECT] inference took 0.31s
13:19:05 [DETECT] inference took 0.33s
13:19:07 [DETECT] inference took 0.80s
13:19:07 [DETECT] inference took 0.33s
13:19:08 [DETECT] inference took 0.30s
13:19:09 [DETECT] inference took 0.41s
13:19:10 [DETECT] inference took 0.28s
13:19:11 [DETECT] inference took 0.20s
13:19:12 [DETECT] inference took 0.20s
13:19:13 [DETECT] inference took 0.20s
13:19:14 [DETECT] inference took 0.22s
13:19:15 [DETECT] inference took 0.20s
13:19:16 [DETECT] inference took 0.19s
13:19:17 [DETECT] inference took 0.22s
13:19:18 [DETECT] inference took 0.20s
13:19:19 [DETECT] inference took 0.20s
13:19:20 [DETECT] inference took 0.20s
13:19:21 [DETECT] inference took 0.19s
13:19:22 [DETECT] inference took 0.27s
13:19:23 [DETECT] inference took 0.20s
13:19:24 [DETECT] inference took 0.20s
13:19:25 [DETECT] inference took 0.19s
13:19:26 [DETECT] inference took 0.20s
13:19:27 [DETECT] inference took 0.33s
13:19:28 [DETECT] inference took 0.20s
13:19:29 [DETECT] inference took 0.20s
13:19:30 [DETECT] inference took 0.22s
13:19:31 [DETECT] inference took 0.20s
13:19:32 [DETECT] inference took 0.27s
13:19:33 [DETECT] inference took 0.41s
13:19:34 [DETECT] inference took 0.22s
13:19:35 [DETECT] inference took 0.27s
13:19:36 [DETECT] inference took 0.22s
13:19:37 [DETECT] inference took 0.22s
13:19:38 [DETECT] inference took 0.22s
13:19:39 [DETECT] inference took 0.22s
13:19:40 [DETECT] inference took 0.20s
13:19:41 [DETECT] inference took 0.22s
13:19:42 [DETECT] inference took 0.20s
13:19:43 [DETECT] inference took 0.34s
13:19:44 [DETECT] inference took 0.38s
13:19:45 [DETECT] inference took 0.42s
13:19:45 [DETECT] inference took 0.36s
13:19:46 [DETECT] inference took 0.41s
13:19:46 [DETECT] inference took 0.36s
13:19:47 [DETECT] inference took 0.42s
13:19:47 [DETECT] inference took 0.34s
13:19:47 [DETECT] inference took 0.36s
13:19:48 [DETECT] inference took 0.36s
13:19:49 [DETECT] inference took 0.42s
13:19:49 [DETECT] inference took 0.36s
13:19:49 [DETECT] inference took 0.39s
13:19:50 [DETECT] inference took 0.56s
13:19:51 [DETECT] inference took 0.31s
13:19:52 [DETECT] inference took 0.33s
13:19:53 [DETECT] inference took 0.33s
13:19:54 [DETECT] inference took 0.33s
13:19:55 [DETECT] inference took 0.31s
13:19:56 [DETECT] inference took 0.30s
13:19:57 [DETECT] inference took 0.34s
13:19:58 [DETECT] inference took 0.36s
13:19:59 [DETECT] inference took 0.33s
13:20:00 [DETECT] inference took 0.36s
13:20:01 [DETECT] inference took 0.28s
13:20:02 [DETECT] inference took 0.30s
13:20:03 [DETECT] inference took 0.31s
13:20:04 [DETECT] inference took 0.34s
13:20:05 [DETECT] inference took 0.36s
13:20:06 [DETECT] inference took 0.33s
13:20:07 [DETECT] inference took 0.33s
13:20:08 [DETECT] inference took 0.33s
13:20:09 [DETECT] inference took 0.34s
13:20:10 [DETECT] inference took 0.33s
13:20:11 [DETECT] inference took 0.30s
13:20:12 [DETECT] inference took 0.31s
13:20:13 [DETECT] inference took 0.33s
13:20:14 [DETECT] inference took 0.31s
13:20:15 [DETECT] inference took 0.33s
13:20:16 [DETECT] inference took 0.39s
13:20:17 [DETECT] inference took 0.31s
13:20:18 [DETECT] inference took 0.38s
13:20:19 [DETECT] inference took 0.34s
13:20:20 [DETECT] inference took 0.36s
13:20:21 [DETECT] inference took 0.38s
13:20:22 [DETECT] inference took 0.42s
13:20:22 [DETECT] inference took 0.33s
13:20:22 [DETECT] inference took 0.39s
13:20:23 [DETECT] inference took 0.31s
13:20:23 [DETECT] inference took 0.34s
13:20:24 [DETECT] inference took 0.31s
13:20:24 [DETECT] inference took 0.36s
13:20:25 [DETECT] inference took 0.30s
13:20:25 [DETECT] inference took 0.36s
13:20:26 [DETECT] inference took 0.31s
13:20:26 [DETECT] inference took 0.34s
13:20:27 [DETECT] inference took 0.33s
13:20:27 [DETECT] inference took 0.36s
13:20:28 [DETECT] inference took 0.33s
13:20:28 [DETECT] inference took 0.38s
13:20:29 [DETECT] inference took 0.33s
13:20:29 [DETECT] inference took 0.36s
13:20:30 [DETECT] inference took 0.31s
13:20:30 [DETECT] inference took 0.38s
13:20:31 [DETECT] inference took 0.28s
13:20:31 [DETECT] inference took 0.38s
13:20:32 [DETECT] inference took 0.33s
13:20:32 [DETECT] inference took 0.39s
13:20:33 [DETECT] inference took 0.30s
13:20:33 [DETECT] inference took 0.36s
13:20:34 [DETECT] inference took 0.31s
13:20:34 [DETECT] inference took 0.38s
13:20:35 [DETECT] inference took 0.31s
13:20:35 [DETECT] inference took 0.39s
13:20:36 [DETECT] inference took 0.33s
13:20:37 [DETECT] inference took 0.48s
13:20:37 [DETECT] inference took 0.39s
13:20:38 [DETECT] inference took 0.36s
13:20:39 [DETECT] inference took 0.38s
13:20:40 [DETECT] inference took 0.42s
13:20:41 [DETECT] inference took 0.36s
13:20:42 [DETECT] inference took 0.48s
13:20:42 [DETECT] inference took 0.42s
13:20:43 [DETECT] inference took 0.36s
13:20:44 [DETECT] inference took 0.39s
13:20:45 [DETECT] inference took 0.36s
13:20:46 [DETECT] inference took 0.41s
13:20:47 [DETECT] inference took 0.39s
13:20:48 [DETECT] inference took 0.41s
13:20:48 [DETECT] rejected drone candidate (confidence=0.25) -- overlaps a confidently-classified non-drone object
13:20:48 [DETECT] inference took 0.36s
13:20:49 [DETECT] inference took 0.31s
13:20:50 [DETECT] inference took 0.30s
13:20:51 [DETECT] inference took 0.31s
13:20:52 [DETECT] inference took 0.31s
13:20:53 [DETECT] inference took 0.31s
13:20:54 [DETECT] inference took 0.31s
13:20:55 [DETECT] inference took 0.31s
13:20:56 [DETECT] inference took 0.30s
13:20:57 [DETECT] inference took 0.30s
13:20:58 [DETECT] inference took 0.30s
13:20:59 [DETECT] inference took 0.30s
13:21:00 [DETECT] inference took 0.31s
13:21:01 [DETECT] inference took 0.31s
13:21:03 [DETECT] inference took 0.78s
13:21:03 [DETECT] inference took 0.36s
13:21:04 [DETECT] inference took 0.30s
13:21:05 [DETECT] inference took 0.28s
13:21:05 [DETECT] inference took 0.42s
13:21:06 [DETECT] inference took 0.28s
13:21:07 [DETECT] inference took 0.38s
13:21:08 [DETECT] inference took 0.39s
13:21:09 [DETECT] inference took 0.28s
13:21:10 [DETECT] inference took 0.30s
13:21:11 [DETECT] inference took 0.27s
13:21:12 [DETECT] inference took 0.28s
13:21:13 [DETECT] inference took 0.48s
13:21:14 [DETECT] inference took 0.28s
13:21:15 [DETECT] inference took 0.28s
13:21:16 [DETECT] inference took 0.27s
13:21:17 [DETECT] inference took 0.31s
13:21:18 [DETECT] inference took 0.31s
13:21:19 [DETECT] inference took 0.45s
13:21:20 [DETECT] inference took 0.33s
13:21:21 [DETECT] inference took 0.28s
13:21:22 [DETECT] inference took 0.20s
13:21:24 [DETECT] inference took 1.34s
13:21:24 [DETECT] inference took 0.33s
13:21:26 [DETECT] inference took 0.80s
13:21:27 [DETECT] inference took 0.72s
13:21:28 [DETECT] inference took 0.56s
13:21:29 [DETECT] inference took 1.22s
13:21:30 [DETECT] inference took 0.72s
13:21:31 [DETECT] inference took 0.56s
13:21:32 [DETECT] inference took 0.55s
13:21:33 [DETECT] inference took 0.67s
13:21:34 [DETECT] inference took 0.84s
13:21:36 [DETECT] inference took 1.28s
13:21:37 [DETECT] inference took 0.78s
13:21:37 [DETECT] inference took 0.58s
13:21:39 [DETECT] inference took 1.36s
13:21:41 [DETECT] inference took 1.41s
13:21:42 [DETECT] inference took 1.47s
13:21:43 [DETECT] inference took 0.56s
13:21:44 [DETECT] inference took 1.34s
13:21:45 [DETECT] inference took 0.59s
13:21:46 [DETECT] inference took 0.98s
13:21:47 [DETECT] inference took 0.86s
13:21:49 [DETECT] inference took 1.17s
13:21:50 [DETECT] inference took 0.94s
13:21:50 [DETECT] inference took 0.84s
13:21:52 [DETECT] inference took 1.05s
13:21:53 [DETECT] inference took 1.19s
13:21:54 [DETECT] inference took 1.08s
13:21:55 [DETECT] inference took 0.91s
13:21:56 [DETECT] inference took 0.61s
13:21:56 [DETECT] inference took 0.53s
13:21:57 [DETECT] inference took 0.48s
13:21:58 [DETECT] inference took 0.52s
13:21:59 [DETECT] inference took 0.44s
13:22:00 [DETECT] inference took 0.47s
13:22:01 [DETECT] inference took 0.56s
13:22:03 [DETECT] inference took 1.20s
13:22:04 [DETECT] inference took 0.58s
13:22:05 [DETECT] inference took 0.55s
13:22:06 [DETECT] inference took 0.88s
13:22:07 [DETECT] inference took 0.36s
13:22:07 [DETECT] inference took 0.34s
13:22:08 [DETECT] inference took 0.31s
13:22:09 [DETECT] inference took 0.31s
13:22:10 [DETECT] inference took 0.31s
13:22:11 [DETECT] inference took 0.33s
13:22:12 [DETECT] inference took 0.31s
13:22:13 [DETECT] inference took 0.33s
13:22:14 [DETECT] inference took 0.30s
13:22:15 [DETECT] inference took 0.30s
13:22:16 [DETECT] inference took 0.30s
13:22:17 [DETECT] inference took 0.28s
13:22:18 [DETECT] inference took 0.28s
13:22:19 [DETECT] inference took 0.27s
13:22:20 [DETECT] inference took 0.30s
13:22:21 [DETECT] inference took 0.28s
13:22:22 [DETECT] inference took 0.28s
13:22:23 [DETECT] inference took 0.28s
13:22:24 [DETECT] inference took 0.33s
13:22:25 [DETECT] inference took 0.27s
13:22:26 [DETECT] inference took 0.27s
13:22:27 [DETECT] inference took 0.27s
13:22:28 [DETECT] inference took 0.28s
13:22:29 [DETECT] inference took 0.28s
13:22:30 [DETECT] inference took 0.28s
13:22:31 [DETECT] inference took 0.31s
13:22:32 [DETECT] inference took 0.31s
13:22:33 [DETECT] inference took 0.28s
13:22:34 [DETECT] inference took 0.31s
13:22:35 [DETECT] inference took 0.33s
13:22:36 [DETECT] inference took 0.33s
13:22:37 [DETECT] inference took 0.30s
13:22:39 [DETECT] inference took 0.41s
13:22:40 [DETECT] inference took 0.41s
13:22:40 [DETECT] inference took 0.30s
13:22:41 [DETECT] inference took 0.33s
13:22:42 [DETECT] inference took 0.33s
13:22:43 [DETECT] inference took 0.34s
13:22:45 [DETECT] inference took 0.39s
13:22:46 [DETECT] inference took 0.58s
13:22:46 [DETECT] inference took 0.31s
13:22:47 [DETECT] inference took 0.33s
13:22:48 [DETECT] inference took 0.31s
13:22:49 [DETECT] inference took 0.33s
13:22:50 [DETECT] inference took 0.34s
13:22:52 [DETECT] inference took 0.36s
13:22:52 [DETECT] inference took 0.33s
13:22:53 [DETECT] inference took 0.31s
13:22:54 [DETECT] inference took 0.31s
13:22:55 [DETECT] inference took 0.30s
13:22:57 [DETECT] inference took 0.59s
13:22:58 [DETECT] inference took 0.33s
13:22:59 [DETECT] inference took 0.97s
13:22:59 [DETECT] inference took 0.30s
13:23:00 [DETECT] inference took 0.31s
13:23:01 [DETECT] inference took 0.28s
13:23:02 [DETECT] inference took 0.31s
13:23:03 [DETECT] inference took 0.33s
13:23:04 [DETECT] inference took 0.30s
13:23:06 [DETECT] inference took 0.41s
13:23:07 [DETECT] inference took 0.33s
13:23:07 [DETECT] inference took 0.28s
13:23:08 [DETECT] inference took 0.30s
13:23:09 [DETECT] inference took 0.30s
13:23:10 [DETECT] inference took 0.30s
13:23:12 [DETECT] inference took 0.31s
13:23:12 [DETECT] inference took 0.28s
13:23:13 [DETECT] inference took 0.28s
13:23:15 [DETECT] inference took 0.31s
13:23:16 [DETECT] inference took 0.30s
13:23:17 [DETECT] inference took 0.30s
13:23:18 [DETECT] inference took 0.31s
13:23:19 [DETECT] inference took 0.30s
13:23:20 [DETECT] inference took 0.30s
13:23:21 [DETECT] inference took 0.48s
13:23:22 [DETECT] inference took 0.30s
13:23:23 [DETECT] inference took 0.33s
13:23:24 [DETECT] inference took 0.31s
13:23:25 [DETECT] inference took 0.33s
13:23:26 [DETECT] inference took 0.33s
13:23:27 [DETECT] inference took 0.31s
13:23:28 [DETECT] inference took 0.42s
13:23:29 [DETECT] inference took 0.33s
13:23:30 [DETECT] inference took 0.33s
13:23:31 [DETECT] inference took 0.31s
13:23:32 [DETECT] inference took 0.33s
13:23:33 [DETECT] inference took 0.33s
13:23:34 [DETECT] inference took 0.31s
13:23:35 [DETECT] inference took 0.34s
13:23:36 [DETECT] inference took 0.33s
13:23:37 [DETECT] inference took 0.33s
13:23:38 [DETECT] inference took 0.34s
13:23:39 [DETECT] inference took 0.30s
13:23:40 [DETECT] inference took 0.30s
13:23:41 [DETECT] inference took 0.30s
13:23:42 [DETECT] inference took 0.31s
13:23:43 [DETECT] inference took 0.31s
13:23:44 [DETECT] inference took 0.31s
13:23:45 [DETECT] inference took 0.33s
13:23:46 [DETECT] inference took 0.30s
13:23:47 [DETECT] inference took 0.33s
13:23:48 [DETECT] inference took 0.31s
13:23:49 [DETECT] inference took 0.33s
13:23:50 [DETECT] inference took 0.34s
13:23:51 [DETECT] inference took 0.33s
13:23:52 [DETECT] inference took 0.34s
13:23:53 [DETECT] inference took 0.31s
13:23:54 [DETECT] inference took 0.30s
13:23:55 [DETECT] inference took 0.34s
13:23:56 [DETECT] inference took 0.31s
13:23:57 [DETECT] inference took 0.33s
13:23:58 [DETECT] inference took 0.31s
13:23:59 [DETECT] inference took 0.34s
13:24:00 [DETECT] inference took 0.34s
13:24:01 [DETECT] inference took 0.33s
13:24:02 [DETECT] inference took 0.33s
13:24:03 [DETECT] inference took 0.34s
13:24:04 [DETECT] inference took 0.30s
13:24:05 [DETECT] inference took 0.31s
13:24:06 [DETECT] inference took 0.33s
13:24:07 [DETECT] inference took 0.31s
13:24:08 [DETECT] inference took 0.31s
13:24:09 [DETECT] inference took 0.31s
13:24:10 [DETECT] inference took 0.33s
13:24:11 [DETECT] inference took 0.33s
13:24:12 [DETECT] inference took 0.34s
13:24:13 [DETECT] inference took 0.33s
13:24:14 [DETECT] inference took 0.33s
13:24:15 [DETECT] inference took 0.33s
13:24:16 [DETECT] inference took 0.31s
13:24:17 [DETECT] inference took 0.34s
13:24:18 [DETECT] inference took 0.33s
13:24:19 [DETECT] inference took 0.33s
13:24:20 [DETECT] inference took 0.33s
13:24:21 [DETECT] inference took 0.31s
13:24:22 [DETECT] inference took 0.31s
13:24:23 [DETECT] inference took 0.31s
13:24:24 [DETECT] inference took 0.31s
13:24:25 [DETECT] inference took 0.34s
13:24:26 [DETECT] inference took 0.31s
13:24:27 [DETECT] inference took 0.30s
13:24:28 [DETECT] inference took 0.30s
13:24:29 [DETECT] inference took 0.31s
13:24:30 [DETECT] inference took 0.30s
13:24:31 [DETECT] inference took 0.20s
13:24:32 [DETECT] inference took 0.22s
13:24:33 [DETECT] inference took 0.27s
13:24:34 [DETECT] inference took 0.30s
13:24:35 [DETECT] inference took 0.31s
13:24:36 [DETECT] inference took 0.31s
13:24:37 [DETECT] inference took 0.31s
13:24:38 [DETECT] inference took 0.31s
13:24:39 [DETECT] inference took 0.33s
13:24:40 [DETECT] inference took 0.31s
13:24:41 [DETECT] inference took 0.31s
13:24:42 [DETECT] inference took 0.33s
13:24:43 [DETECT] inference took 0.30s
13:24:44 [DETECT] inference took 0.31s
13:24:45 [DETECT] inference took 0.33s
13:24:46 [DETECT] inference took 0.25s
13:24:47 [DETECT] inference took 0.25s
13:24:48 [DETECT] inference took 0.23s
13:24:49 [DETECT] inference took 0.33s
13:24:50 [DETECT] inference took 0.30s
13:24:51 [DETECT] inference took 0.31s
13:24:52 [DETECT] inference took 0.31s
13:24:53 [DETECT] inference took 0.31s
13:24:54 [DETECT] inference took 0.30s
13:24:55 [DETECT] inference took 0.34s
13:24:56 [DETECT] inference took 0.33s
13:24:57 [DETECT] inference took 0.34s
13:24:58 [DETECT] inference took 0.31s
13:24:59 [DETECT] inference took 0.31s
13:25:00 [DETECT] inference took 0.33s
13:25:01 [DETECT] inference took 0.33s
13:25:02 [DETECT] inference took 0.30s
13:25:03 [DETECT] inference took 0.30s
13:25:04 [DETECT] inference took 0.30s
13:25:05 [DETECT] inference took 0.31s
13:25:06 [DETECT] inference took 0.33s
13:25:07 [DETECT] inference took 0.31s
13:25:08 [DETECT] inference took 0.33s
13:25:09 [DETECT] inference took 0.33s
13:25:10 [DETECT] inference took 0.31s
13:25:11 [DETECT] inference took 0.34s
13:25:12 [DETECT] inference took 0.31s
13:25:13 [DETECT] inference took 0.33s
13:25:14 [DETECT] inference took 0.31s
13:25:15 [DETECT] inference took 0.34s
13:25:16 [DETECT] inference took 0.33s
13:25:17 [DETECT] inference took 0.31s
13:25:18 [DETECT] inference took 0.33s
13:25:19 [DETECT] inference took 0.31s
13:25:20 [DETECT] inference took 0.33s
13:25:21 [DETECT] inference took 0.31s
13:25:22 [DETECT] inference took 0.31s
13:25:23 [DETECT] inference took 0.31s
13:25:24 [DETECT] inference took 0.33s
13:25:25 [DETECT] inference took 0.34s
13:25:26 [DETECT] inference took 0.33s
13:25:27 [DETECT] inference took 0.30s
13:25:28 [DETECT] inference took 0.31s
13:25:29 [DETECT] inference took 0.33s
13:25:30 [DETECT] inference took 0.31s
13:25:31 [DETECT] inference took 0.31s
13:25:32 [DETECT] inference took 0.31s
13:25:33 [DETECT] inference took 0.33s
13:25:34 [DETECT] inference took 0.31s
13:25:35 [DETECT] inference took 0.33s
13:25:36 [DETECT] inference took 0.33s
13:25:37 [DETECT] inference took 0.33s
13:25:38 [DETECT] inference took 0.31s
13:25:39 [DETECT] inference took 0.30s
13:25:40 [DETECT] inference took 0.31s
13:25:41 [DETECT] inference took 0.31s
13:25:42 [DETECT] inference took 0.30s
13:25:43 [DETECT] inference took 0.30s
13:25:44 [DETECT] inference took 0.30s
13:25:45 [DETECT] inference took 0.31s
13:25:46 [DETECT] inference took 0.30s
13:25:47 [DETECT] inference took 0.31s
13:25:48 [DETECT] inference took 0.33s
13:25:49 [DETECT] inference took 0.31s
13:25:50 [DETECT] inference took 0.30s
13:25:51 [DETECT] inference took 0.31s
13:25:52 [DETECT] inference took 0.31s
13:25:53 [DETECT] inference took 0.30s
13:25:54 [DETECT] inference took 0.30s
13:25:55 [DETECT] inference took 0.31s
13:25:56 [DETECT] inference took 0.30s
13:25:57 [DETECT] inference took 0.33s
13:25:58 [DETECT] inference took 0.30s
13:25:59 [DETECT] inference took 0.31s
13:26:00 [DETECT] inference took 0.34s
13:26:01 [DETECT] inference took 0.31s
13:26:02 [DETECT] inference took 0.31s
13:26:03 [DETECT] inference took 0.31s
13:26:04 [DETECT] inference took 0.33s
13:26:05 [DETECT] inference took 0.31s
13:26:06 [DETECT] inference took 0.31s
13:26:07 [DETECT] inference took 0.30s
13:26:08 [DETECT] inference took 0.30s
13:26:09 [DETECT] inference took 0.30s
13:26:10 [DETECT] inference took 0.33s
13:26:11 [DETECT] inference took 0.30s
13:26:12 [DETECT] inference took 0.31s
13:26:13 [DETECT] inference took 0.31s
13:26:14 [DETECT] inference took 0.30s
13:26:15 [DETECT] inference took 0.30s
13:26:16 [DETECT] inference took 0.31s
13:26:17 [DETECT] inference took 0.22s
13:26:18 [DETECT] inference took 0.20s
13:26:19 [DETECT] inference took 0.20s
13:26:20 [DETECT] inference took 0.22s
13:26:21 [DETECT] inference took 0.20s
13:26:22 [DETECT] inference took 0.31s
13:26:23 [DETECT] inference took 0.30s
13:26:24 [DETECT] inference took 0.30s
13:26:25 [DETECT] inference took 0.33s
13:26:26 [DETECT] inference took 0.30s
13:26:27 [DETECT] inference took 0.30s
13:26:28 [DETECT] inference took 0.31s
13:26:29 [DETECT] inference took 0.30s
13:26:30 [DETECT] inference took 0.31s
13:26:31 [DETECT] inference took 0.31s
13:26:32 [DETECT] inference took 0.34s
13:26:33 [DETECT] inference took 0.30s
13:26:34 [DETECT] inference took 0.31s
13:26:35 [DETECT] inference took 0.31s
13:26:36 [DETECT] inference took 0.30s
13:26:37 [DETECT] inference took 0.31s
13:26:38 [DETECT] inference took 0.31s
13:26:39 [DETECT] inference took 0.30s
13:26:40 [DETECT] inference took 0.31s
13:26:41 [DETECT] inference took 0.30s
13:26:42 [DETECT] inference took 0.30s
13:26:43 [DETECT] inference took 0.31s
13:26:44 [DETECT] inference took 0.31s
13:26:45 [DETECT] inference took 0.33s
13:26:46 [DETECT] inference took 0.31s
13:26:47 [DETECT] inference took 0.33s
13:26:48 [DETECT] inference took 0.31s
13:26:49 [DETECT] inference took 0.31s
13:26:50 [DETECT] inference took 0.31s
13:26:51 [DETECT] inference took 0.33s
13:26:52 [DETECT] inference took 0.31s
13:26:53 [DETECT] inference took 0.33s
13:26:54 [DETECT] inference took 0.33s
13:26:55 [DETECT] inference took 0.31s
13:26:56 [DETECT] inference took 0.30s
13:26:57 [DETECT] inference took 0.30s
13:26:58 [DETECT] inference took 0.30s
13:26:59 [DETECT] inference took 0.31s
13:27:00 [DETECT] inference took 0.31s
13:27:01 [DETECT] inference took 0.33s
13:27:02 [DETECT] inference took 0.30s
13:27:03 [DETECT] inference took 0.28s
13:27:04 [DETECT] inference took 0.30s
13:27:05 [DETECT] inference took 0.31s
13:27:06 [DETECT] inference took 0.30s
13:27:07 [DETECT] inference took 0.30s
13:27:08 [DETECT] inference took 0.30s
13:27:09 [DETECT] inference took 0.31s
13:27:10 [DETECT] inference took 0.31s
13:27:11 [DETECT] inference took 0.33s
13:27:12 [DETECT] inference took 0.31s
13:27:13 [DETECT] inference took 0.30s
13:27:14 [DETECT] inference took 0.31s
13:27:15 [DETECT] inference took 0.30s
13:27:16 [DETECT] inference took 0.31s
13:27:17 [DETECT] inference took 0.30s
13:27:18 [DETECT] inference took 0.30s
13:27:19 [DETECT] inference took 0.30s
13:27:20 [DETECT] inference took 0.28s
13:27:21 [DETECT] inference took 0.30s
13:27:22 [DETECT] inference took 0.28s
13:27:23 [DETECT] inference took 0.31s
13:27:24 [DETECT] inference took 0.28s
13:27:25 [DETECT] inference took 0.30s
13:27:26 [DETECT] inference took 0.30s
13:27:27 [DETECT] inference took 0.30s
13:27:28 [DETECT] inference took 0.30s
13:27:29 [DETECT] inference took 0.52s
13:27:30 [DETECT] inference took 0.30s
13:27:31 [DETECT] inference took 0.30s
13:27:32 [DETECT] inference took 0.28s
13:27:33 [DETECT] inference took 0.31s
13:27:34 [DETECT] inference took 0.31s
13:27:35 [DETECT] inference took 0.31s
13:27:36 [DETECT] inference took 0.31s
13:27:37 [DETECT] inference took 0.30s
13:27:38 [DETECT] inference took 0.33s
13:27:38 [DETECT] inference took 0.36s
13:27:38 [DETECT] rejected drone candidate (confidence=0.47) -- overlaps a confidently-classified non-drone object
13:27:39 [DETECT] inference took 0.31s
13:27:40 [DETECT] inference took 0.31s
13:27:41 [DETECT] inference took 0.31s
13:27:42 [DETECT] inference took 0.33s
13:27:43 [DETECT] inference took 0.31s
13:27:44 [DETECT] inference took 0.30s
13:27:45 [DETECT] inference took 0.31s
13:27:46 [DETECT] inference took 0.31s
13:27:47 [DETECT] inference took 0.30s
13:27:48 [DETECT] inference took 0.31s
13:27:49 [DETECT] inference took 0.30s
13:27:50 [DETECT] inference took 0.30s
13:27:51 [DETECT] inference took 0.31s
13:27:52 [DETECT] inference took 0.31s
13:27:53 [DETECT] inference took 0.31s
13:27:54 [DETECT] inference took 0.30s
13:27:55 [DETECT] inference took 0.33s
13:27:56 [DETECT] inference took 0.31s
13:27:57 [DETECT] inference took 0.24s
13:27:58 [DETECT] inference took 0.22s
13:27:59 [DETECT] inference took 0.24s
13:28:00 [DETECT] inference took 0.24s
13:28:01 [DETECT] inference took 0.27s
13:28:02 [DETECT] inference took 0.31s
13:28:03 [DETECT] inference took 0.31s
13:28:04 [DETECT] inference took 0.31s
13:28:05 [DETECT] inference took 0.33s
13:28:06 [DETECT] inference took 0.33s
13:28:07 [DETECT] inference took 0.30s
13:28:08 [DETECT] inference took 0.30s
13:28:09 [DETECT] inference took 0.31s
13:28:10 [DETECT] inference took 0.31s
13:28:11 [DETECT] inference took 0.30s
13:28:12 [DETECT] inference took 0.30s
13:28:13 [DETECT] inference took 0.30s
13:28:14 [DETECT] inference took 0.31s
13:28:15 [DETECT] inference took 0.31s
13:28:16 [DETECT] inference took 0.31s
13:28:17 [DETECT] inference took 0.31s
13:28:18 [DETECT] inference took 0.31s
13:28:19 [DETECT] inference took 0.30s
13:28:20 [DETECT] inference took 0.30s
13:28:21 [DETECT] inference took 0.30s
13:28:22 [DETECT] inference took 0.30s
13:28:23 [DETECT] inference took 0.28s
13:28:24 [DETECT] inference took 0.24s
13:28:25 [DETECT] inference took 0.22s
13:28:26 [DETECT] inference took 0.31s
13:28:27 [DETECT] inference took 0.30s
13:28:28 [DETECT] inference took 0.31s
13:28:29 [DETECT] inference took 0.31s
13:28:30 [DETECT] inference took 0.33s
13:28:31 [DETECT] inference took 0.28s
13:28:32 [DETECT] inference took 0.33s
13:28:33 [DETECT] inference took 0.22s
13:28:34 [DETECT] inference took 0.28s
13:28:35 [DETECT] inference took 0.33s
13:28:36 [DETECT] inference took 0.30s
13:28:37 [DETECT] inference took 0.33s
13:28:38 [DETECT] inference took 0.30s
13:28:39 [DETECT] inference took 0.28s
13:28:40 [DETECT] inference took 0.20s
13:28:41 [DETECT] inference took 0.22s
13:28:42 [DETECT] inference took 0.30s
13:28:43 [DETECT] inference took 0.30s
13:28:44 [DETECT] inference took 0.30s
13:28:45 [DETECT] inference took 0.28s
13:28:46 [DETECT] inference took 0.28s
13:28:47 [DETECT] inference took 0.27s
13:28:48 [DETECT] inference took 0.28s
13:28:49 [DETECT] inference took 0.28s
13:28:50 [DETECT] inference took 0.22s
13:28:51 [DETECT] inference took 0.22s
13:28:52 [DETECT] inference took 0.30s
13:28:53 [DETECT] inference took 0.27s
13:28:54 [DETECT] inference took 0.31s
13:28:55 [DETECT] inference took 0.31s
13:28:56 [DETECT] inference took 0.30s
13:28:57 [DETECT] inference took 0.31s
13:28:58 [DETECT] inference took 0.30s
13:28:58 [DETECT] inference took 0.34s
13:28:59 [DETECT] inference took 0.31s
13:29:00 [DETECT] inference took 0.34s
13:29:01 [DETECT] inference took 0.28s
13:29:02 [DETECT] inference took 0.28s
13:29:03 [DETECT] inference took 0.28s
13:29:04 [DETECT] inference took 0.30s
13:29:05 [DETECT] inference took 0.31s
13:29:06 [DETECT] inference took 0.28s
13:29:07 [DETECT] inference took 0.30s
13:29:08 [DETECT] inference took 0.30s
13:29:09 [DETECT] inference took 0.30s
13:29:10 [DETECT] inference took 0.30s
13:29:11 [DETECT] inference took 0.28s
13:29:12 [DETECT] inference took 0.30s
13:29:13 [DETECT] inference took 0.30s
13:29:14 [DETECT] inference took 0.28s
13:29:15 [DETECT] inference took 0.22s
13:29:16 [DETECT] inference took 0.30s
13:29:17 [DETECT] inference took 0.31s
13:29:18 [DETECT] inference took 0.31s
13:29:19 [DETECT] inference took 0.28s
13:29:20 [DETECT] inference took 0.30s
13:29:21 [DETECT] inference took 0.30s
13:29:22 [DETECT] inference took 0.31s
13:29:23 [DETECT] inference took 0.30s
13:29:24 [DETECT] inference took 0.30s
13:29:25 [DETECT] inference took 0.31s
13:29:26 [DETECT] inference took 0.30s
13:29:27 [DETECT] inference took 0.31s
13:29:28 [DETECT] inference took 0.30s
13:29:29 [DETECT] inference took 0.31s
13:29:30 [DETECT] inference took 0.31s
13:29:31 [DETECT] inference took 0.33s
13:29:32 [DETECT] inference took 0.30s
13:29:33 [DETECT] inference took 0.31s
13:29:34 [DETECT] inference took 0.31s
13:29:35 [DETECT] inference took 0.30s
13:29:36 [DETECT] inference took 0.28s
13:29:37 [DETECT] inference took 0.28s
13:29:38 [DETECT] inference took 0.28s
13:29:39 [DETECT] inference took 0.30s
13:29:40 [DETECT] inference took 0.30s
13:29:41 [DETECT] inference took 0.28s
13:29:42 [DETECT] inference took 0.28s
13:29:43 [DETECT] inference took 0.31s
13:29:44 [DETECT] inference took 0.30s
13:29:45 [DETECT] inference took 0.28s
13:29:46 [DETECT] inference took 0.30s
13:29:47 [DETECT] inference took 0.30s
13:29:48 [DETECT] inference took 0.30s
13:29:49 [DETECT] inference took 0.30s
13:29:50 [DETECT] inference took 0.28s
13:29:51 [DETECT] inference took 0.28s
13:29:52 [DETECT] inference took 0.30s
13:29:53 [DETECT] inference took 0.30s
13:29:54 [DETECT] inference took 0.30s
13:29:55 [DETECT] inference took 0.30s
13:29:56 [DETECT] inference took 0.30s
13:29:57 [DETECT] inference took 0.31s
13:29:58 [DETECT] inference took 0.30s
13:29:59 [DETECT] inference took 0.31s
13:30:00 [DETECT] inference took 0.22s
13:30:01 [DETECT] inference took 0.22s
13:30:02 [DETECT] inference took 0.28s
13:30:03 [DETECT] inference took 0.30s
13:30:04 [DETECT] inference took 0.31s
13:30:05 [DETECT] inference took 0.33s
13:30:06 [DETECT] inference took 0.28s
13:30:07 [DETECT] inference took 0.20s
13:30:08 [DETECT] inference took 0.20s
13:30:09 [DETECT] inference took 0.22s
13:30:10 [DETECT] inference took 0.28s
13:30:11 [DETECT] inference took 0.31s
13:30:12 [DETECT] inference took 0.30s
13:30:13 [DETECT] inference took 0.30s
13:30:13 [DETECT] inference took 0.36s
13:30:13 [DETECT] rejected drone candidate (confidence=0.25) -- overlaps a confidently-classified non-drone object
13:30:14 [DETECT] inference took 0.28s
13:30:15 [DETECT] inference took 0.31s
13:30:16 [DETECT] inference took 0.31s
13:30:17 [DETECT] inference took 0.28s
13:30:18 [DETECT] inference took 0.28s
13:30:19 [DETECT] inference took 0.28s
13:30:20 [DETECT] inference took 0.28s
13:30:21 [DETECT] inference took 0.30s
13:30:22 [DETECT] inference took 0.30s
13:30:23 [DETECT] inference took 0.30s
13:30:24 [DETECT] inference took 0.28s
13:30:25 [DETECT] inference took 0.30s
13:30:26 [DETECT] inference took 0.30s
13:30:27 [DETECT] inference took 0.31s
13:30:28 [DETECT] inference took 0.28s
13:30:29 [DETECT] inference took 0.30s
13:30:30 [DETECT] inference took 0.31s
13:30:31 [DETECT] inference took 0.30s
13:30:32 [DETECT] inference took 0.31s
13:30:33 [DETECT] inference took 0.30s
13:30:34 [DETECT] inference took 0.31s
13:30:35 [DETECT] inference took 0.31s
13:30:36 [DETECT] inference took 0.30s
13:30:37 [DETECT] inference took 0.30s
13:30:38 [DETECT] inference took 0.30s
13:30:39 [DETECT] inference took 0.31s
13:30:40 [DETECT] inference took 0.30s
13:30:41 [DETECT] inference took 0.30s
13:30:42 [DETECT] inference took 0.28s
13:30:43 [DETECT] inference took 0.30s
13:30:44 [DETECT] inference took 0.28s
13:30:45 [DETECT] inference took 0.30s
13:30:46 [DETECT] inference took 0.31s
13:30:47 [DETECT] inference took 0.31s
13:30:48 [DETECT] inference took 0.28s
13:30:49 [DETECT] inference took 0.31s
13:30:50 [DETECT] inference took 0.30s
13:30:51 [DETECT] inference took 0.31s
13:30:52 [DETECT] inference took 0.28s
13:30:53 [DETECT] inference took 0.28s
13:30:54 [DETECT] inference took 0.31s
13:30:55 [DETECT] inference took 0.31s
13:30:56 [DETECT] inference took 0.31s
13:30:57 [DETECT] inference took 0.31s
13:30:58 [DETECT] inference took 0.31s
13:30:59 [DETECT] inference took 0.30s
13:31:00 [DETECT] inference took 0.31s
13:31:01 [DETECT] inference took 0.31s
13:31:01 [DETECT] inference took 0.34s
13:31:01 [DETECT] rejected drone candidate (confidence=0.29) -- overlaps a confidently-classified non-drone object
13:31:02 [DETECT] inference took 0.31s
13:31:03 [DETECT] inference took 0.30s
13:31:04 [DETECT] inference took 0.28s
13:31:05 [DETECT] inference took 0.31s
13:31:06 [DETECT] inference took 0.30s
13:31:07 [DETECT] inference took 0.31s
13:31:08 [DETECT] inference took 0.31s
13:31:09 [DETECT] inference took 0.31s
13:31:10 [DETECT] inference took 0.30s
13:31:11 [DETECT] inference took 0.30s
13:31:12 [DETECT] inference took 0.31s
13:31:13 [DETECT] inference took 0.30s
13:31:14 [DETECT] inference took 0.30s
13:31:15 [DETECT] inference took 0.28s
13:31:16 [DETECT] inference took 0.30s
13:31:17 [DETECT] inference took 0.31s
13:31:18 [DETECT] inference took 0.30s
13:31:19 [DETECT] inference took 0.30s
13:31:20 [DETECT] inference took 0.33s
13:31:21 [DETECT] inference took 0.28s
13:31:22 [DETECT] inference took 0.31s
13:31:23 [DETECT] inference took 0.31s
13:31:24 [DETECT] inference took 0.31s
13:31:25 [DETECT] inference took 0.33s
13:31:26 [DETECT] inference took 0.28s
13:31:27 [DETECT] inference took 0.30s
13:31:28 [DETECT] inference took 0.30s
13:31:29 [DETECT] inference took 0.30s
13:31:30 [DETECT] inference took 0.30s
13:31:31 [DETECT] inference took 0.30s
13:31:32 [DETECT] inference took 0.30s
13:31:33 [DETECT] inference took 0.28s
13:31:34 [DETECT] inference took 0.30s
13:31:35 [DETECT] inference took 0.31s
13:31:36 [DETECT] inference took 0.30s
13:31:37 [DETECT] inference took 0.28s
13:31:38 [DETECT] inference took 0.20s
13:31:39 [DETECT] inference took 0.22s
13:31:40 [DETECT] inference took 0.22s
13:31:41 [DETECT] inference took 0.30s
13:31:42 [DETECT] inference took 0.31s
13:31:43 [DETECT] inference took 0.31s
13:31:44 [DETECT] inference took 0.31s
13:31:45 [DETECT] inference took 0.33s
13:31:46 [DETECT] inference took 0.33s
13:31:47 [DETECT] inference took 0.31s
13:31:48 [DETECT] inference took 0.30s
13:31:49 [DETECT] inference took 0.28s
13:31:50 [DETECT] inference took 0.31s
13:31:51 [DETECT] inference took 0.30s
13:31:52 [DETECT] inference took 0.30s
13:31:53 [DETECT] inference took 0.30s
13:31:54 [DETECT] inference took 0.30s
13:31:55 [DETECT] inference took 0.31s
13:31:56 [DETECT] inference took 0.28s
13:31:57 [DETECT] inference took 0.30s
13:31:58 [DETECT] inference took 0.30s
13:31:59 [DETECT] inference took 0.30s
13:32:00 [DETECT] inference took 0.31s
13:32:01 [DETECT] inference took 0.30s
13:32:02 [DETECT] inference took 0.30s
13:32:03 [DETECT] inference took 0.31s
13:32:04 [DETECT] inference took 0.31s
13:32:05 [DETECT] inference took 0.31s
13:32:06 [DETECT] inference took 0.31s
13:32:07 [DETECT] inference took 0.33s
13:32:08 [DETECT] inference took 0.30s
13:32:09 [DETECT] inference took 0.31s
13:32:10 [DETECT] inference took 0.30s
13:32:11 [DETECT] inference took 0.30s
13:32:12 [DETECT] inference took 0.30s
13:32:13 [DETECT] inference took 0.31s
13:32:14 [DETECT] inference took 0.30s
13:32:15 [DETECT] inference took 0.31s
13:32:16 [DETECT] inference took 0.30s
13:32:17 [DETECT] inference took 0.30s
13:32:18 [DETECT] inference took 0.28s
13:32:19 [DETECT] inference took 0.31s
13:32:20 [DETECT] inference took 0.30s
13:32:21 [DETECT] inference took 0.31s
13:32:22 [DETECT] inference took 0.30s
13:32:23 [DETECT] inference took 0.30s
13:32:24 [DETECT] inference took 0.30s
13:32:25 [DETECT] inference took 0.34s
13:32:26 [DETECT] inference took 0.31s
13:32:27 [DETECT] inference took 0.33s
13:32:28 [DETECT] inference took 0.33s
13:32:29 [DETECT] inference took 0.30s
13:32:30 [DETECT] inference took 0.33s
13:32:31 [DETECT] inference took 0.31s
13:32:32 [DETECT] inference took 0.33s
13:32:33 [DETECT] inference took 0.30s
13:32:34 [DETECT] inference took 0.33s
13:32:35 [DETECT] inference took 0.33s
13:32:36 [DETECT] inference took 0.30s
13:32:37 [DETECT] inference took 0.28s
13:32:38 [DETECT] inference took 0.30s
13:32:39 [DETECT] inference took 0.30s
13:32:40 [DETECT] inference took 0.30s
13:32:41 [DETECT] inference took 0.30s
13:32:42 [DETECT] inference took 0.30s
13:32:43 [DETECT] inference took 0.31s
13:32:44 [DETECT] inference took 0.30s
13:32:45 [DETECT] inference took 0.30s
13:32:46 [DETECT] inference took 0.30s
13:32:47 [DETECT] inference took 0.31s
13:32:48 [DETECT] inference took 0.31s
13:32:49 [DETECT] inference took 0.30s
13:32:50 [DETECT] inference took 0.30s
13:32:51 [DETECT] inference took 0.31s
13:32:52 [DETECT] inference took 0.31s
13:32:53 [DETECT] inference took 0.30s
13:32:54 [DETECT] inference took 0.30s
13:32:55 [DETECT] inference took 0.34s
13:32:56 [DETECT] inference took 0.30s
13:32:57 [DETECT] inference took 0.31s
13:32:58 [DETECT] inference took 0.30s
13:32:59 [DETECT] inference took 0.30s
13:33:00 [DETECT] inference took 0.30s
13:33:01 [DETECT] inference took 0.30s
13:33:02 [DETECT] inference took 0.31s
13:33:03 [DETECT] inference took 0.31s
13:33:04 [DETECT] inference took 0.31s
13:33:05 [DETECT] inference took 0.31s
13:33:06 [DETECT] inference took 0.28s
13:33:07 [DETECT] inference took 0.30s
13:33:08 [DETECT] inference took 0.31s
13:33:09 [DETECT] inference took 0.31s
13:33:10 [DETECT] inference took 0.30s
13:33:11 [DETECT] inference took 0.36s
13:33:12 [DETECT] inference took 0.34s
13:33:13 [DETECT] inference took 0.33s
13:33:14 [DETECT] inference took 0.31s
13:33:15 [DETECT] inference took 0.31s
13:33:16 [DETECT] inference took 0.31s
13:33:17 [DETECT] inference took 0.31s
13:33:18 [DETECT] inference took 0.31s
13:33:19 [DETECT] inference took 0.31s
13:33:20 [DETECT] inference took 0.30s
13:33:21 [DETECT] inference took 0.28s
13:33:22 [DETECT] inference took 0.30s
13:33:23 [DETECT] inference took 0.30s
13:33:24 [DETECT] inference took 0.30s
13:33:25 [DETECT] inference took 0.30s
13:33:26 [DETECT] inference took 0.30s
13:33:27 [DETECT] inference took 0.30s
13:33:28 [DETECT] inference took 0.30s
13:33:29 [DETECT] inference took 0.28s
13:33:30 [DETECT] inference took 0.30s
13:33:31 [DETECT] inference took 0.30s
13:33:32 [DETECT] inference took 0.30s
13:33:33 [DETECT] inference took 0.20s
13:33:34 [DETECT] inference took 0.20s
13:33:35 [DETECT] inference took 0.22s
13:33:36 [DETECT] inference took 0.20s
13:33:37 [DETECT] inference took 0.22s
13:33:38 [DETECT] inference took 0.20s
13:33:39 [DETECT] inference took 0.22s
13:33:40 [DETECT] inference took 0.20s
13:33:41 [DETECT] inference took 0.20s
13:33:42 [DETECT] inference took 0.22s
13:33:43 [DETECT] inference took 0.20s
13:33:44 [DETECT] inference took 0.20s
13:33:45 [DETECT] inference took 0.22s
13:33:46 [DETECT] inference took 0.22s
13:33:47 [DETECT] inference took 0.34s
13:33:48 [DETECT] inference took 0.30s
13:33:49 [DETECT] inference took 0.30s
13:33:50 [DETECT] inference took 0.30s
13:33:51 [DETECT] inference took 0.31s
13:33:52 [DETECT] inference took 0.31s
13:33:53 [DETECT] inference took 0.31s
13:33:54 [DETECT] inference took 0.28s
13:33:55 [DETECT] inference took 0.31s
13:33:56 [DETECT] inference took 0.30s
13:33:57 [DETECT] inference took 0.31s
13:33:58 [DETECT] inference took 0.30s
13:33:59 [DETECT] inference took 0.30s
13:34:00 [DETECT] inference took 0.33s
13:34:01 [DETECT] inference took 0.30s
13:34:02 [DETECT] inference took 0.31s
13:34:03 [DETECT] inference took 0.33s
13:34:04 [DETECT] inference took 0.34s
13:34:05 [DETECT] inference took 0.33s
13:34:06 [DETECT] inference took 0.31s
13:34:07 [DETECT] inference took 0.33s
13:34:08 [DETECT] inference took 0.34s
13:34:09 [DETECT] inference took 0.31s
13:34:10 [DETECT] inference took 0.33s
13:34:11 [DETECT] inference took 0.31s
13:34:12 [DETECT] inference took 0.28s
13:34:13 [DETECT] inference took 0.30s
13:34:14 [DETECT] inference took 0.30s
13:34:15 [DETECT] inference took 0.33s
13:34:16 [DETECT] inference took 0.28s
13:34:17 [DETECT] inference took 0.31s
13:34:18 [DETECT] inference took 0.33s
13:34:19 [DETECT] inference took 0.30s
13:34:20 [DETECT] inference took 0.31s
13:34:21 [DETECT] inference took 0.34s
13:34:22 [DETECT] inference took 0.31s
13:34:23 [DETECT] inference took 0.34s
13:34:24 [DETECT] inference took 0.34s
13:34:25 [DETECT] inference took 0.33s
13:34:26 [DETECT] inference took 0.30s
13:34:27 [DETECT] inference took 0.30s
13:34:28 [DETECT] inference took 0.28s
13:34:29 [DETECT] inference took 0.30s
13:34:30 [DETECT] inference took 0.31s
13:34:31 [DETECT] inference took 0.33s
13:34:32 [DETECT] inference took 0.30s
13:34:33 [DETECT] inference took 0.33s
13:34:34 [DETECT] inference took 0.34s
13:34:35 [DETECT] inference took 0.30s
13:34:36 [DETECT] inference took 0.30s
13:34:37 [DETECT] inference took 0.30s
13:34:38 [DETECT] inference took 0.33s
13:34:39 [DETECT] inference took 0.31s
13:34:40 [DETECT] inference took 0.31s
13:34:41 [DETECT] inference took 0.31s
13:34:42 [DETECT] inference took 0.30s
13:34:43 [DETECT] inference took 0.31s
13:34:44 [DETECT] inference took 0.33s
13:34:45 [DETECT] inference took 0.33s
13:34:46 [DETECT] inference took 0.31s
13:34:47 [DETECT] inference took 0.33s
13:34:48 [DETECT] inference took 0.33s
13:34:49 [DETECT] inference took 0.28s
13:34:50 [DETECT] inference took 0.31s
13:34:51 [DETECT] inference took 0.30s
13:34:52 [DETECT] inference took 0.30s
13:34:53 [DETECT] inference took 0.31s
13:34:54 [DETECT] inference took 0.31s
13:34:55 [DETECT] inference took 0.36s
13:34:56 [DETECT] inference took 0.31s
13:34:57 [DETECT] inference took 0.31s
13:34:58 [DETECT] inference took 0.31s
13:34:59 [DETECT] inference took 0.33s
13:35:00 [DETECT] inference took 0.31s
13:35:01 [DETECT] inference took 0.31s
13:35:02 [DETECT] inference took 0.30s
13:35:03 [DETECT] inference took 0.31s
13:35:04 [DETECT] inference took 0.31s
13:35:05 [DETECT] inference took 0.31s
13:35:06 [DETECT] inference took 0.30s
13:35:07 [DETECT] inference took 0.33s
13:35:08 [DETECT] inference took 0.28s
13:35:09 [DETECT] inference took 0.30s
13:35:10 [DETECT] inference took 0.31s
13:35:11 [DETECT] inference took 0.30s
13:35:12 [DETECT] inference took 0.30s
13:35:13 [DETECT] inference took 0.30s
13:35:14 [DETECT] inference took 0.31s
13:35:15 [DETECT] inference took 0.30s
13:35:16 [DETECT] inference took 0.30s
13:35:17 [DETECT] inference took 0.31s
13:35:18 [DETECT] inference took 0.28s
13:35:19 [DETECT] inference took 0.31s
13:35:20 [DETECT] inference took 0.31s
13:35:21 [DETECT] inference took 0.30s
13:35:22 [DETECT] inference took 0.30s
13:35:23 [DETECT] inference took 0.28s
13:35:24 [DETECT] inference took 0.31s
13:35:25 [DETECT] inference took 0.30s
13:35:26 [DETECT] inference took 0.31s
13:35:27 [DETECT] inference took 0.34s
13:35:28 [DETECT] inference took 0.33s
13:35:29 [DETECT] inference took 0.30s
13:35:30 [DETECT] inference took 0.30s
13:35:31 [DETECT] inference took 0.31s
13:35:32 [DETECT] inference took 0.30s
13:35:33 [DETECT] inference took 0.31s
13:35:34 [DETECT] inference took 0.30s
13:35:35 [DETECT] inference took 0.31s
13:35:36 [DETECT] inference took 0.31s
13:35:37 [DETECT] inference took 0.33s
13:35:38 [DETECT] inference took 0.33s
13:35:39 [DETECT] inference took 0.33s
13:35:40 [DETECT] inference took 0.31s
13:35:41 [DETECT] inference took 0.33s
13:35:42 [DETECT] inference took 0.31s
13:35:43 [DETECT] inference took 0.30s
13:35:44 [DETECT] inference took 0.31s
13:35:45 [DETECT] inference took 0.30s
13:35:46 [DETECT] inference took 0.31s
13:35:47 [DETECT] inference took 0.30s
13:35:48 [DETECT] inference took 0.30s
13:35:49 [DETECT] inference took 0.31s
13:35:50 [DETECT] inference took 0.30s
13:35:51 [DETECT] inference took 0.31s
13:35:52 [DETECT] inference took 0.34s
13:35:53 [DETECT] inference took 0.33s
13:35:54 [DETECT] inference took 0.33s
13:35:55 [DETECT] inference took 0.31s
13:35:56 [DETECT] inference took 0.31s
13:35:57 [DETECT] inference took 0.30s
13:35:58 [DETECT] inference took 0.30s
13:35:59 [DETECT] inference took 0.31s
13:36:00 [DETECT] inference took 0.30s
13:36:01 [DETECT] inference took 0.28s
13:36:02 [DETECT] inference took 0.30s
13:36:03 [DETECT] inference took 0.30s
13:36:04 [DETECT] inference took 0.31s
13:36:05 [DETECT] inference took 0.33s
13:36:06 [DETECT] inference took 0.33s
13:36:07 [DETECT] inference took 0.31s
13:36:08 [DETECT] inference took 0.33s
13:36:09 [DETECT] inference took 0.30s
13:36:10 [DETECT] inference took 0.31s
13:36:11 [DETECT] inference took 0.31s
13:36:12 [DETECT] inference took 0.33s
13:36:13 [DETECT] inference took 0.27s
13:36:14 [DETECT] inference took 0.30s
13:36:15 [DETECT] inference took 0.31s
13:36:16 [DETECT] inference took 0.31s
13:36:17 [DETECT] inference took 0.31s
13:36:18 [DETECT] inference took 0.30s
13:36:19 [DETECT] inference took 0.30s
13:36:20 [DETECT] inference took 0.31s
13:36:21 [DETECT] inference took 0.33s
13:36:22 [DETECT] inference took 0.33s
13:36:23 [DETECT] inference took 0.34s
13:36:24 [DETECT] inference took 0.33s
13:36:25 [DETECT] inference took 0.33s
13:36:26 [DETECT] inference took 0.34s
13:36:27 [DETECT] inference took 0.33s
13:36:28 [DETECT] inference took 0.30s
13:36:29 [DETECT] inference took 0.31s
13:36:30 [DETECT] inference took 0.31s
13:36:31 [DETECT] inference took 0.31s
13:36:32 [DETECT] inference took 0.31s
13:36:33 [DETECT] inference took 0.31s
13:36:34 [DETECT] inference took 0.31s
13:36:35 [DETECT] inference took 0.31s
13:36:36 [DETECT] inference took 0.30s
13:36:37 [DETECT] inference took 0.30s
13:36:38 [DETECT] inference took 0.30s
13:36:39 [DETECT] inference took 0.30s
13:36:40 [DETECT] inference took 0.31s
13:36:41 [DETECT] inference took 0.33s
13:36:42 [DETECT] inference took 0.33s
13:36:43 [DETECT] inference took 0.31s
13:36:44 [DETECT] inference took 0.33s
13:36:45 [DETECT] inference took 0.31s
13:36:46 [DETECT] inference took 0.30s
13:36:47 [DETECT] inference took 0.34s
13:36:48 [DETECT] inference took 0.34s
13:36:49 [DETECT] inference took 0.30s
13:36:50 [DETECT] inference took 0.30s
13:36:51 [DETECT] inference took 0.33s
13:36:52 [DETECT] inference took 0.30s
13:36:53 [DETECT] inference took 0.33s
13:36:54 [DETECT] inference took 0.30s
13:36:55 [DETECT] inference took 0.34s
13:36:56 [DETECT] inference took 0.30s
13:36:57 [DETECT] inference took 0.31s
13:36:58 [DETECT] inference took 0.33s
13:36:59 [DETECT] inference took 0.30s
13:37:00 [DETECT] inference took 0.31s
13:37:01 [DETECT] inference took 0.28s
13:37:02 [DETECT] inference took 0.30s
13:37:03 [DETECT] inference took 0.33s
13:37:04 [DETECT] inference took 0.31s
13:37:05 [DETECT] inference took 0.30s
13:37:06 [DETECT] inference took 0.31s
13:37:07 [DETECT] inference took 0.31s
13:37:08 [DETECT] inference took 0.33s
13:37:09 [DETECT] inference took 0.33s
13:37:10 [DETECT] inference took 0.30s
13:37:11 [DETECT] inference took 0.31s
13:37:12 [DETECT] inference took 0.33s
13:37:13 [DETECT] inference took 0.33s
13:37:14 [DETECT] inference took 0.33s
13:37:15 [DETECT] inference took 0.31s
13:37:16 [DETECT] inference took 0.27s
13:37:17 [DETECT] inference took 0.30s
13:37:18 [DETECT] inference took 0.31s
13:37:19 [DETECT] inference took 0.30s
13:37:20 [DETECT] inference took 0.30s
13:37:21 [DETECT] inference took 0.31s
13:37:22 [DETECT] inference took 0.31s
13:37:23 [DETECT] inference took 0.30s
13:37:24 [DETECT] inference took 0.31s
13:37:25 [DETECT] inference took 0.31s
13:37:26 [DETECT] inference took 0.30s
13:37:27 [DETECT] inference took 0.30s
13:37:28 [DETECT] inference took 0.30s
13:37:29 [DETECT] inference took 0.30s
13:37:30 [DETECT] inference took 0.30s
13:37:31 [DETECT] inference took 0.22s
13:37:32 [DETECT] inference took 0.25s
13:37:33 [DETECT] inference took 0.28s
13:37:34 [DETECT] inference took 0.31s
13:37:35 [DETECT] inference took 0.30s
13:37:36 [DETECT] inference took 0.30s
13:37:37 [DETECT] inference took 0.30s
13:37:38 [DETECT] inference took 0.30s
13:37:39 [DETECT] inference took 0.31s
13:37:40 [DETECT] inference took 0.28s
13:37:41 [DETECT] inference took 0.30s
13:37:42 [DETECT] inference took 0.31s
13:37:43 [DETECT] inference took 0.31s
13:37:44 [DETECT] inference took 0.31s
13:37:45 [DETECT] inference took 0.31s
13:37:46 [DETECT] inference took 0.30s
13:37:47 [DETECT] inference took 0.30s
13:37:48 [DETECT] inference took 0.33s
13:37:49 [DETECT] inference took 0.30s
13:37:50 [DETECT] inference took 0.31s
13:37:51 [DETECT] inference took 0.33s
13:37:52 [DETECT] inference took 0.33s
13:37:53 [DETECT] inference took 0.33s
13:37:54 [DETECT] inference took 0.34s
13:37:55 [DETECT] inference took 0.31s
13:37:56 [DETECT] inference took 0.33s
13:37:57 [DETECT] inference took 0.30s
13:37:58 [DETECT] inference took 0.31s
13:37:59 [DETECT] inference took 0.31s
13:38:00 [DETECT] inference took 0.31s
13:38:01 [DETECT] inference took 0.31s
13:38:02 [DETECT] inference took 0.33s
13:38:03 [DETECT] inference took 0.31s
13:38:04 [DETECT] inference took 0.31s
13:38:05 [DETECT] inference took 0.30s
13:38:06 [DETECT] inference took 0.31s
13:38:07 [DETECT] inference took 0.30s
13:38:08 [DETECT] inference took 0.30s
13:38:09 [DETECT] inference took 0.31s
13:38:10 [DETECT] inference took 0.30s
13:38:11 [DETECT] inference took 0.30s
13:38:12 [DETECT] inference took 0.30s
13:38:13 [DETECT] inference took 0.30s
13:38:14 [DETECT] inference took 0.30s
13:38:15 [DETECT] inference took 0.30s
13:38:16 [DETECT] inference took 0.30s
13:38:17 [DETECT] inference took 0.30s
13:38:18 [DETECT] inference took 0.30s
13:38:19 [DETECT] inference took 0.31s
13:38:20 [DETECT] inference took 0.31s
13:38:21 [DETECT] inference took 0.28s
13:38:21 [DETECT] inference took 0.34s
13:38:21 [DETECT] rejected drone candidate (confidence=0.25) -- overlaps a confidently-classified non-drone object
13:38:22 [DETECT] inference took 0.31s
13:38:23 [DETECT] inference took 0.31s
13:38:24 [DETECT] inference took 0.22s
13:38:25 [DETECT] inference took 0.22s
13:38:26 [DETECT] inference took 0.22s
13:38:27 [DETECT] inference took 0.30s
13:38:28 [DETECT] inference took 0.30s
13:38:29 [DETECT] inference took 0.30s
13:38:30 [DETECT] inference took 0.30s
13:38:31 [DETECT] inference took 0.30s
13:38:32 [DETECT] inference took 0.28s
13:38:33 [DETECT] inference took 0.22s
13:38:34 [DETECT] inference took 0.22s
13:38:35 [DETECT] inference took 0.20s
13:38:36 [DETECT] inference took 0.20s
13:38:37 [DETECT] inference took 0.22s
13:38:38 [DETECT] inference took 0.31s
13:38:39 [DETECT] inference took 0.30s
13:38:40 [DETECT] inference took 0.30s
13:38:41 [DETECT] inference took 0.28s
13:38:42 [DETECT] inference took 0.30s
13:38:43 [DETECT] inference took 0.28s
13:38:44 [DETECT] inference took 0.31s
13:38:45 [DETECT] inference took 0.31s
13:38:46 [DETECT] inference took 0.30s
13:38:47 [DETECT] inference took 0.28s
13:38:48 [DETECT] inference took 0.30s
13:38:49 [DETECT] inference took 0.30s
13:38:50 [DETECT] inference took 0.31s
13:38:51 [DETECT] inference took 0.31s
13:38:52 [DETECT] inference took 0.30s
13:38:53 [DETECT] inference took 0.30s
13:38:54 [DETECT] inference took 0.33s
13:38:55 [DETECT] inference took 0.31s
13:38:56 [DETECT] inference took 0.30s
13:38:57 [DETECT] inference took 0.34s
13:38:58 [DETECT] inference took 0.31s
13:38:59 [DETECT] inference took 0.30s
13:39:00 [DETECT] inference took 0.31s
13:39:01 [DETECT] inference took 0.30s
13:39:02 [DETECT] inference took 0.26s
13:39:03 [DETECT] inference took 0.30s
13:39:04 [DETECT] inference took 0.31s
13:39:05 [DETECT] inference took 0.31s
13:39:06 [DETECT] inference took 0.28s
13:39:07 [DETECT] inference took 0.30s
13:39:08 [DETECT] inference took 0.31s
13:39:09 [DETECT] inference took 0.28s
13:39:10 [DETECT] inference took 0.30s
13:39:11 [DETECT] inference took 0.30s
13:39:12 [DETECT] inference took 0.30s
13:39:13 [DETECT] inference took 0.30s
13:39:14 [DETECT] inference took 0.28s
13:39:15 [DETECT] inference took 0.30s
13:39:16 [DETECT] inference took 0.30s
13:39:17 [DETECT] inference took 0.28s
13:39:18 [DETECT] inference took 0.25s
13:39:19 [DETECT] inference took 0.28s
13:39:20 [DETECT] inference took 0.31s
13:39:21 [DETECT] inference took 0.31s
13:39:22 [DETECT] inference took 0.33s
13:39:23 [DETECT] inference took 0.28s
13:39:24 [DETECT] inference took 0.31s
13:39:25 [DETECT] inference took 0.33s
13:39:26 [DETECT] inference took 0.33s
13:39:27 [DETECT] inference took 0.33s
13:39:28 [DETECT] inference took 0.30s
13:39:29 [DETECT] inference took 0.31s
13:39:30 [DETECT] inference took 0.30s
13:39:31 [DETECT] inference took 0.30s
13:39:32 [DETECT] inference took 0.31s
13:39:33 [DETECT] inference took 0.30s
13:39:34 [DETECT] inference took 0.30s
13:39:35 [DETECT] inference took 0.30s
13:39:36 [DETECT] inference took 0.30s
13:39:37 [DETECT] inference took 0.31s
13:39:38 [DETECT] inference took 0.31s
13:39:39 [DETECT] inference took 0.31s
13:39:40 [DETECT] inference took 0.28s
13:39:41 [DETECT] inference took 0.27s
13:39:42 [DETECT] inference took 0.30s
13:39:43 [DETECT] inference took 0.31s
13:39:44 [DETECT] inference took 0.28s
13:39:45 [DETECT] inference took 0.30s
13:39:46 [DETECT] inference took 0.30s
13:39:47 [DETECT] inference took 0.25s
13:39:48 [DETECT] inference took 0.24s
13:39:49 [DETECT] inference took 0.22s
13:39:50 [DETECT] inference took 0.22s
13:39:51 [DETECT] inference took 0.22s
13:39:52 [DETECT] inference took 0.22s
13:39:53 [DETECT] inference took 0.22s
13:39:54 [DETECT] inference took 0.30s
13:39:55 [DETECT] inference took 0.30s
13:39:56 [DETECT] inference took 0.30s
13:39:57 [DETECT] inference took 0.30s
13:39:58 [DETECT] inference took 0.28s
13:39:59 [DETECT] inference took 0.28s
13:40:00 [DETECT] inference took 0.28s
13:40:01 [DETECT] inference took 0.31s
13:40:02 [DETECT] inference took 0.30s
13:40:03 [DETECT] inference took 0.30s
13:40:04 [DETECT] inference took 0.31s
13:40:05 [DETECT] inference took 0.33s
13:40:06 [DETECT] inference took 0.34s
13:40:07 [DETECT] inference took 0.30s
13:40:08 [DETECT] inference took 0.31s
13:40:09 [DETECT] inference took 0.33s
13:40:10 [DETECT] inference took 0.31s
13:40:11 [DETECT] inference took 0.30s
13:40:12 [DETECT] inference took 0.30s
13:40:13 [DETECT] inference took 0.30s
13:40:14 [DETECT] inference took 0.30s
13:40:15 [DETECT] inference took 0.33s
13:40:16 [DETECT] inference took 0.34s
13:40:17 [DETECT] inference took 0.31s
13:40:18 [DETECT] inference took 0.31s
13:40:19 [DETECT] inference took 0.33s
13:40:20 [DETECT] inference took 0.31s
13:40:21 [DETECT] inference took 0.30s
13:40:22 [DETECT] inference took 0.33s
13:40:23 [DETECT] inference took 0.28s
13:40:24 [DETECT] inference took 0.30s
13:40:25 [DETECT] inference took 0.20s
13:40:26 [DETECT] inference took 0.20s
13:40:27 [DETECT] inference took 0.22s
13:40:28 [DETECT] inference took 0.20s
13:40:29 [DETECT] inference took 0.20s
13:40:30 [DETECT] inference took 0.33s
13:40:31 [DETECT] inference took 0.31s
13:40:32 [DETECT] inference took 0.30s
13:40:33 [DETECT] inference took 0.28s
13:40:34 [DETECT] inference took 0.31s
13:40:35 [DETECT] inference took 0.33s
13:40:36 [DETECT] inference took 0.31s
13:40:37 [DETECT] inference took 0.33s
13:40:38 [DETECT] inference took 0.31s
13:40:39 [DETECT] inference took 0.22s
13:40:40 [DETECT] inference took 0.22s
13:40:41 [DETECT] inference took 0.20s
13:40:42 [DETECT] inference took 0.31s
13:40:43 [DETECT] inference took 0.30s
13:40:44 [DETECT] inference took 0.31s
13:40:45 [DETECT] inference took 0.33s
13:40:46 [DETECT] inference took 0.33s
13:40:47 [DETECT] inference took 0.31s
13:40:48 [DETECT] inference took 0.30s
13:40:49 [DETECT] inference took 0.30s
13:40:50 [DETECT] inference took 0.30s
13:40:51 [DETECT] inference took 0.31s
13:40:52 [DETECT] inference took 0.30s
13:40:53 [DETECT] inference took 0.31s
13:40:54 [DETECT] inference took 0.30s
13:40:55 [DETECT] inference took 0.31s
13:40:56 [DETECT] inference took 0.30s
13:40:57 [DETECT] inference took 0.30s
13:40:58 [DETECT] inference took 0.31s
13:40:59 [DETECT] inference took 0.31s
13:41:00 [DETECT] inference took 0.33s
13:41:01 [DETECT] inference took 0.31s
13:41:02 [DETECT] inference took 0.30s
13:41:03 [DETECT] inference took 0.31s
13:41:04 [DETECT] inference took 0.33s
13:41:05 [DETECT] inference took 0.24s
13:41:06 [DETECT] inference took 0.20s
13:41:07 [DETECT] inference took 0.20s
13:41:08 [DETECT] inference took 0.22s
13:41:09 [DETECT] inference took 0.22s
13:41:10 [DETECT] inference took 0.28s
13:41:11 [DETECT] inference took 0.31s
13:41:12 [DETECT] inference took 0.33s
13:41:13 [DETECT] inference took 0.31s
13:41:14 [DETECT] inference took 0.34s
13:41:15 [DETECT] inference took 0.33s
13:41:16 [DETECT] inference took 0.31s
13:41:17 [DETECT] inference took 0.34s
13:41:18 [DETECT] inference took 0.31s
13:41:19 [DETECT] inference took 0.30s
13:41:20 [DETECT] inference took 0.31s
13:41:21 [DETECT] inference took 0.33s
13:41:22 [DETECT] inference took 0.33s
13:41:23 [DETECT] inference took 0.33s
13:41:24 [DETECT] inference took 0.33s
13:41:25 [DETECT] inference took 0.31s
13:41:26 [DETECT] inference took 0.31s
13:41:27 [DETECT] inference took 0.34s
13:41:28 [DETECT] inference took 0.33s
13:41:29 [DETECT] inference took 0.33s
13:41:30 [DETECT] inference took 0.33s
13:41:31 [DETECT] inference took 0.34s
13:41:32 [DETECT] inference took 0.34s
13:41:33 [DETECT] inference took 0.34s
13:41:34 [DETECT] inference took 0.33s
13:41:35 [DETECT] inference took 0.33s
13:41:36 [DETECT] inference took 0.33s
13:41:37 [DETECT] inference took 0.34s
13:41:38 [DETECT] inference took 0.31s
13:41:39 [DETECT] inference took 0.33s
13:41:40 [DETECT] inference took 0.30s
13:41:41 [DETECT] inference took 0.30s
13:41:42 [DETECT] inference took 0.31s
13:41:43 [DETECT] inference took 0.31s
13:41:44 [DETECT] inference took 0.33s
13:41:45 [DETECT] inference took 0.33s
13:41:46 [DETECT] inference took 0.34s
13:41:47 [DETECT] inference took 0.31s
13:41:48 [DETECT] inference took 0.33s
13:41:49 [DETECT] inference took 0.31s
13:41:50 [DETECT] inference took 0.31s
13:41:51 [DETECT] inference took 0.31s
13:41:52 [DETECT] inference took 0.33s
13:41:53 [DETECT] inference took 0.31s
13:41:54 [DETECT] inference took 0.33s
13:41:55 [DETECT] inference took 0.36s
13:41:56 [DETECT] inference took 0.31s
13:41:57 [DETECT] inference took 0.31s
13:41:58 [DETECT] inference took 0.30s
13:41:59 [DETECT] inference took 0.31s
13:42:00 [DETECT] inference took 0.31s
13:42:01 [DETECT] inference took 0.31s
13:42:02 [DETECT] inference took 0.33s
13:42:03 [DETECT] inference took 0.31s
13:42:04 [DETECT] inference took 0.33s
13:42:05 [DETECT] inference took 0.33s
13:42:06 [DETECT] inference took 0.30s
13:42:07 [DETECT] inference took 0.33s
13:42:08 [DETECT] inference took 0.31s
13:42:09 [DETECT] inference took 0.30s
13:42:10 [DETECT] inference took 0.31s
13:42:11 [DETECT] inference took 0.31s
13:42:12 [DETECT] inference took 0.31s
13:42:13 [DETECT] inference took 0.30s
13:42:14 [DETECT] inference took 0.31s
13:42:15 [DETECT] inference took 0.34s
13:42:16 [DETECT] inference took 0.33s
13:42:17 [DETECT] inference took 0.34s
13:42:18 [DETECT] inference took 0.34s
13:42:19 [DETECT] inference took 0.30s
13:42:20 [DETECT] inference took 0.31s
13:42:21 [DETECT] inference took 0.33s
13:42:22 [DETECT] inference took 0.30s
13:42:23 [DETECT] inference took 0.34s
13:42:24 [DETECT] inference took 0.31s
13:42:25 [DETECT] inference took 0.34s
13:42:26 [DETECT] inference took 0.31s
13:42:27 [DETECT] inference took 0.31s
13:42:28 [DETECT] inference took 0.31s
13:42:29 [DETECT] inference took 0.33s
13:42:30 [DETECT] inference took 0.33s
13:42:31 [DETECT] inference took 0.34s
13:42:32 [DETECT] inference took 0.31s
13:42:33 [DETECT] inference took 0.33s
13:42:34 [DETECT] inference took 0.33s
13:42:35 [DETECT] inference took 0.31s
13:42:36 [DETECT] inference took 0.31s
13:42:37 [DETECT] inference took 0.31s
13:42:38 [DETECT] inference took 0.30s
13:42:39 [DETECT] inference took 0.31s
13:42:40 [DETECT] inference took 0.33s
13:42:41 [DETECT] inference took 0.34s
13:42:42 [DETECT] inference took 0.30s
13:42:43 [DETECT] inference took 0.33s
13:42:44 [DETECT] inference took 0.31s
13:42:45 [DETECT] inference took 0.31s
13:42:46 [DETECT] inference took 0.31s
13:42:47 [DETECT] inference took 0.31s
13:42:48 [DETECT] inference took 0.31s
13:42:49 [DETECT] inference took 0.31s
13:42:50 [DETECT] inference took 0.31s
13:42:51 [DETECT] inference took 0.33s
13:42:52 [DETECT] inference took 0.31s
13:42:53 [DETECT] inference took 0.31s
13:42:54 [DETECT] inference took 0.31s
13:42:55 [DETECT] inference took 0.33s
13:42:56 [DETECT] inference took 0.33s
13:42:57 [DETECT] inference took 0.31s
13:42:58 [DETECT] inference took 0.22s
13:42:59 [DETECT] inference took 0.22s
13:43:00 [DETECT] inference took 0.28s
13:43:01 [DETECT] inference took 0.31s
13:43:02 [DETECT] inference took 0.30s
13:43:03 [DETECT] inference took 0.31s
13:43:04 [DETECT] inference took 0.33s
13:43:05 [DETECT] inference took 0.33s
13:43:06 [DETECT] inference took 0.31s
13:43:07 [DETECT] inference took 0.34s
13:43:08 [DETECT] inference took 0.33s
13:43:09 [DETECT] inference took 0.30s
13:43:10 [DETECT] inference took 0.31s
13:43:11 [DETECT] inference took 0.31s
13:43:12 [DETECT] inference took 0.33s
13:43:13 [DETECT] inference took 0.31s
13:43:14 [DETECT] inference took 0.34s
13:43:15 [DETECT] inference took 0.31s
13:43:16 [DETECT] inference took 0.33s
13:43:17 [DETECT] inference took 0.33s
13:43:18 [DETECT] inference took 0.31s
13:43:19 [DETECT] inference took 0.30s
13:43:20 [DETECT] inference took 0.31s
13:43:21 [DETECT] inference took 0.31s
13:43:22 [DETECT] inference took 0.31s
13:43:23 [DETECT] inference took 0.30s
13:43:24 [DETECT] inference took 0.31s
13:43:25 [DETECT] inference took 0.33s
13:43:26 [DETECT] inference took 0.31s
13:43:27 [DETECT] inference took 0.31s
13:43:28 [DETECT] inference took 0.34s
13:43:29 [DETECT] inference took 0.30s
13:43:30 [DETECT] inference took 0.33s
13:43:31 [DETECT] inference took 0.33s
13:43:32 [DETECT] inference took 0.30s
13:43:33 [DETECT] inference took 0.30s
13:43:34 [DETECT] inference took 0.33s
13:43:35 [DETECT] inference took 0.33s
13:43:36 [DETECT] inference took 0.33s
13:43:37 [DETECT] inference took 0.31s
13:43:38 [DETECT] inference took 0.33s
13:43:39 [DETECT] inference took 0.33s
13:43:40 [DETECT] inference took 0.22s
13:43:41 [DETECT] inference took 0.22s
13:43:42 [DETECT] inference took 0.22s
13:43:43 [DETECT] inference took 0.20s
13:43:44 [DETECT] inference took 0.22s
13:43:45 [DETECT] inference took 0.31s
13:43:46 [DETECT] inference took 0.31s
13:43:47 [DETECT] inference took 0.33s
13:43:48 [DETECT] inference took 0.33s
13:43:49 [DETECT] inference took 0.31s
13:43:50 [DETECT] inference took 0.30s
13:43:51 [DETECT] inference took 0.31s
13:43:52 [DETECT] inference took 0.30s
13:43:53 [DETECT] inference took 0.30s
13:43:54 [DETECT] inference took 0.33s
13:43:55 [DETECT] inference took 0.31s
13:43:56 [DETECT] inference took 0.30s
13:43:57 [DETECT] inference took 0.31s
13:43:58 [DETECT] inference took 0.31s
13:43:59 [DETECT] inference took 0.30s
13:44:00 [DETECT] inference took 0.20s
13:44:01 [DETECT] inference took 0.33s
13:44:02 [DETECT] inference took 0.33s
13:44:03 [DETECT] inference took 0.33s
13:44:04 [DETECT] inference took 0.30s
13:44:05 [DETECT] inference took 0.31s
13:44:06 [DETECT] inference took 0.31s
13:44:07 [DETECT] inference took 0.30s
13:44:08 [DETECT] inference took 0.33s
13:44:09 [DETECT] inference took 0.31s
13:44:10 [DETECT] inference took 0.30s
13:44:11 [DETECT] inference took 0.31s
13:44:12 [DETECT] inference took 0.30s
13:44:13 [DETECT] inference took 0.31s
13:44:15 [DETECT] inference took 0.33s
13:44:15 [DETECT] inference took 0.22s
13:44:16 [DETECT] inference took 0.22s
13:44:17 [DETECT] inference took 0.22s
13:44:18 [DETECT] inference took 0.31s
13:44:20 [DETECT] inference took 0.33s
13:44:20 [DETECT] inference took 0.30s
13:44:21 [DETECT] inference took 0.30s
13:44:22 [DETECT] inference took 0.30s
13:44:24 [DETECT] inference took 0.33s
13:44:25 [DETECT] inference took 0.33s
13:44:26 [DETECT] inference took 0.33s
13:44:26 [DETECT] inference took 0.30s
13:44:28 [DETECT] inference took 0.31s
13:44:29 [DETECT] inference took 0.31s
13:44:30 [DETECT] inference took 0.31s
13:44:30 [DETECT] inference took 0.30s
13:44:32 [DETECT] inference took 0.33s
13:44:33 [DETECT] inference took 0.30s
13:44:34 [DETECT] inference took 0.33s
13:44:35 [DETECT] inference took 0.34s
13:44:36 [DETECT] inference took 0.33s
13:44:37 [DETECT] inference took 0.33s
13:44:38 [DETECT] inference took 0.31s
13:44:39 [DETECT] inference took 0.33s
13:44:40 [DETECT] inference took 0.33s
13:44:41 [DETECT] inference took 0.33s
13:44:42 [DETECT] inference took 0.33s
13:44:43 [DETECT] inference took 0.31s
13:44:44 [DETECT] inference took 0.33s
13:44:44 [DETECT] inference took 0.30s
13:44:46 [DETECT] inference took 0.31s
13:44:47 [DETECT] inference took 0.34s
13:44:48 [DETECT] inference took 0.31s
13:44:49 [DETECT] inference took 0.33s
13:44:50 [DETECT] inference took 0.31s
13:44:51 [DETECT] inference took 0.33s
13:44:52 [DETECT] inference took 0.31s
13:44:53 [DETECT] inference took 0.33s
13:44:54 [DETECT] inference took 0.31s
13:44:55 [DETECT] inference took 0.34s
13:44:56 [DETECT] inference took 0.31s
13:44:57 [DETECT] inference took 0.33s
13:44:58 [DETECT] inference took 0.31s
13:44:59 [DETECT] inference took 0.33s
13:45:00 [DETECT] inference took 0.28s
13:45:01 [DETECT] inference took 0.30s
13:45:02 [DETECT] inference took 0.34s
13:45:03 [DETECT] inference took 0.33s
13:45:04 [DETECT] inference took 0.30s
13:45:05 [DETECT] inference took 0.31s
13:45:06 [DETECT] inference took 0.31s
13:45:07 [DETECT] inference took 0.31s
13:45:08 [DETECT] inference took 0.30s
13:45:09 [DETECT] inference took 0.30s
13:45:10 [DETECT] inference took 0.31s
13:45:11 [DETECT] inference took 0.31s
13:45:12 [DETECT] inference took 0.28s
13:45:13 [DETECT] inference took 0.30s
13:45:14 [DETECT] inference took 0.30s
13:45:15 [DETECT] inference took 0.30s
13:45:16 [DETECT] inference took 0.31s
13:45:17 [DETECT] inference took 0.30s
13:45:18 [DETECT] inference took 0.31s
13:45:19 [DETECT] inference took 0.31s
13:45:20 [DETECT] inference took 0.31s
13:45:21 [DETECT] inference took 0.30s
13:45:22 [DETECT] inference took 0.30s
13:45:23 [DETECT] inference took 0.31s
13:45:24 [DETECT] inference took 0.30s
13:45:25 [DETECT] inference took 0.30s
13:45:26 [DETECT] inference took 0.31s
13:45:27 [DETECT] inference took 0.30s
13:45:28 [DETECT] inference took 0.31s
13:45:29 [DETECT] inference took 0.30s
13:45:30 [DETECT] inference took 0.28s
13:45:31 [DETECT] inference took 0.33s
13:45:32 [DETECT] inference took 0.31s
13:45:33 [DETECT] inference took 0.33s
13:45:34 [DETECT] inference took 0.33s
13:45:35 [DETECT] inference took 0.31s
13:45:36 [DETECT] inference took 0.31s
13:45:37 [DETECT] inference took 0.31s
13:45:38 [DETECT] inference took 0.30s
13:45:39 [DETECT] inference took 0.33s
13:45:40 [DETECT] inference took 0.31s
13:45:41 [DETECT] inference took 0.31s
13:45:42 [DETECT] inference took 0.31s
13:45:43 [DETECT] inference took 0.33s
13:45:44 [DETECT] inference took 0.31s
13:45:45 [DETECT] inference took 0.33s
13:45:46 [DETECT] inference took 0.34s
13:45:47 [DETECT] inference took 0.28s
13:45:48 [DETECT] inference took 0.30s
13:45:49 [DETECT] inference took 0.30s
13:45:50 [DETECT] inference took 0.30s
13:45:51 [DETECT] inference took 0.33s
13:45:52 [DETECT] inference took 0.31s
13:45:53 [DETECT] inference took 0.31s
13:45:54 [DETECT] inference took 0.31s
13:45:55 [DETECT] inference took 0.31s
13:45:56 [DETECT] inference took 0.31s
13:45:57 [DETECT] inference took 0.28s
13:45:58 [DETECT] inference took 0.28s
13:45:59 [DETECT] inference took 0.31s
13:46:00 [DETECT] inference took 0.30s
13:46:01 [DETECT] inference took 0.31s
13:46:02 [DETECT] inference took 0.31s
13:46:03 [DETECT] inference took 0.31s
13:46:04 [DETECT] inference took 0.33s
13:46:05 [DETECT] inference took 0.33s
13:46:06 [DETECT] inference took 0.33s
13:46:07 [DETECT] inference took 0.33s
13:46:08 [DETECT] inference took 0.31s
13:46:09 [DETECT] inference took 0.31s
13:46:10 [DETECT] inference took 0.31s
13:46:11 [DETECT] inference took 0.34s
13:46:12 [DETECT] inference took 0.30s
13:46:13 [DETECT] inference took 0.31s
13:46:14 [DETECT] inference took 0.31s
13:46:15 [DETECT] inference took 0.34s
13:46:16 [DETECT] inference took 0.30s
13:46:17 [DETECT] inference took 0.30s
13:46:18 [DETECT] inference took 0.31s
13:46:19 [DETECT] inference took 0.36s
13:46:20 [DETECT] inference took 0.31s
13:46:21 [DETECT] inference took 0.31s
13:46:22 [DETECT] inference took 0.33s
13:46:23 [DETECT] inference took 0.31s
13:46:24 [DETECT] inference took 0.33s
13:46:25 [DETECT] inference took 0.31s
13:46:26 [DETECT] inference took 0.34s
13:46:27 [DETECT] inference took 0.33s
13:46:28 [DETECT] inference took 0.30s
13:46:29 [DETECT] inference took 0.33s
13:46:30 [DETECT] inference took 0.30s
13:46:31 [DETECT] inference took 0.30s
13:46:32 [DETECT] inference took 0.30s
13:46:33 [DETECT] inference took 0.30s
13:46:34 [DETECT] inference took 0.31s
13:46:35 [DETECT] inference took 0.31s
13:46:36 [DETECT] inference took 0.31s
13:46:37 [DETECT] inference took 0.31s
13:46:38 [DETECT] inference took 0.33s
13:46:39 [DETECT] inference took 0.31s
13:46:40 [DETECT] inference took 0.31s
13:46:41 [DETECT] inference took 0.31s
13:46:42 [DETECT] inference took 0.31s
13:46:43 [DETECT] inference took 0.30s
13:46:44 [DETECT] inference took 0.33s
13:46:45 [DETECT] inference took 0.31s
13:46:46 [DETECT] inference took 0.31s
13:46:47 [DETECT] inference took 0.30s
13:46:48 [DETECT] inference took 0.31s
13:46:48 [DETECT] inference took 0.22s
13:46:50 [DETECT] inference took 0.33s
13:46:51 [DETECT] inference took 0.30s
13:46:52 [DETECT] inference took 0.30s
13:46:53 [DETECT] inference took 0.31s
13:46:54 [DETECT] inference took 0.31s
13:46:55 [DETECT] inference took 0.31s
13:46:56 [DETECT] inference took 0.33s
13:46:57 [DETECT] inference took 0.31s
13:46:58 [DETECT] inference took 0.31s
13:46:59 [DETECT] inference took 0.31s
13:47:00 [DETECT] inference took 0.30s
13:47:01 [DETECT] inference took 0.31s
13:47:02 [DETECT] inference took 0.31s
13:47:03 [DETECT] inference took 0.30s
13:47:04 [DETECT] inference took 0.30s
13:47:05 [DETECT] inference took 0.33s
13:47:06 [DETECT] inference took 0.31s
13:47:07 [DETECT] inference took 0.33s
13:47:08 [DETECT] inference took 0.33s
13:47:09 [DETECT] inference took 0.30s
13:47:10 [DETECT] inference took 0.31s
13:47:11 [DETECT] inference took 0.33s
13:47:12 [DETECT] inference took 0.31s
13:47:13 [DETECT] inference took 0.33s
13:47:14 [DETECT] inference took 0.30s
13:47:15 [DETECT] inference took 0.30s
13:47:16 [DETECT] inference took 0.30s
13:47:17 [DETECT] inference took 0.30s
13:47:18 [DETECT] inference took 0.30s
13:47:19 [DETECT] inference took 0.27s
13:47:20 [DETECT] inference took 0.31s
13:47:21 [DETECT] inference took 0.30s
13:47:22 [DETECT] inference took 0.31s
13:47:23 [DETECT] inference took 0.22s
13:47:24 [DETECT] inference took 0.20s
13:47:25 [DETECT] inference took 0.22s
13:47:26 [DETECT] inference took 0.22s
13:47:27 [DETECT] inference took 0.22s
13:47:28 [DETECT] inference took 0.20s
13:47:29 [DETECT] inference took 0.31s
13:47:30 [DETECT] inference took 0.31s
13:47:31 [DETECT] inference took 0.30s
13:47:32 [DETECT] inference took 0.30s
13:47:33 [DETECT] inference took 0.30s
13:47:34 [DETECT] inference took 0.30s
13:47:35 [DETECT] inference took 0.30s
13:47:36 [DETECT] inference took 0.30s
13:47:37 [DETECT] inference took 0.28s
13:47:38 [DETECT] inference took 0.30s
13:47:39 [DETECT] inference took 0.31s
13:47:40 [DETECT] inference took 0.30s
13:47:41 [DETECT] inference took 0.31s
13:47:42 [DETECT] inference took 0.31s
13:47:43 [DETECT] inference took 0.30s
13:47:44 [DETECT] inference took 0.30s
13:47:45 [DETECT] inference took 0.31s
13:47:46 [DETECT] inference took 0.31s
13:47:47 [DETECT] inference took 0.31s
13:47:48 [DETECT] inference took 0.31s
13:47:49 [DETECT] inference took 0.30s
13:47:50 [DETECT] inference took 0.28s
13:47:51 [DETECT] inference took 0.30s
13:47:52 [DETECT] inference took 0.31s
13:47:53 [DETECT] inference took 0.33s
13:47:54 [DETECT] inference took 0.31s
13:47:55 [DETECT] inference took 0.30s
13:47:56 [DETECT] inference took 0.31s
13:47:57 [DETECT] inference took 0.30s
13:47:58 [DETECT] inference took 0.22s
13:47:59 [DETECT] inference took 0.22s
13:48:00 [DETECT] inference took 0.20s
13:48:01 [DETECT] inference took 0.22s
13:48:02 [DETECT] inference took 0.30s
13:48:03 [DETECT] inference took 0.31s
13:48:04 [DETECT] inference took 0.31s
13:48:05 [DETECT] inference took 0.30s
13:48:06 [DETECT] inference took 0.31s
13:48:07 [DETECT] inference took 0.33s
13:48:08 [DETECT] inference took 0.33s
13:48:09 [DETECT] inference took 0.31s
13:48:10 [DETECT] inference took 0.33s
13:48:11 [DETECT] inference took 0.28s
13:48:12 [DETECT] inference took 0.33s
13:48:13 [DETECT] inference took 0.33s
13:48:14 [DETECT] inference took 0.34s
13:48:15 [DETECT] inference took 0.30s
13:48:16 [DETECT] inference took 0.30s
13:48:17 [DETECT] inference took 0.30s
13:48:18 [DETECT] inference took 0.31s
13:48:19 [DETECT] inference took 0.30s
13:48:20 [DETECT] inference took 0.20s
13:48:21 [DETECT] inference took 0.20s
13:48:22 [DETECT] inference took 0.22s
13:48:23 [DETECT] inference took 0.22s
13:48:24 [DETECT] inference took 0.20s
13:48:25 [DETECT] inference took 0.20s
13:48:26 [DETECT] inference took 0.22s
13:48:27 [DETECT] inference took 0.22s
13:48:28 [DETECT] inference took 0.20s
13:48:29 [DETECT] inference took 0.20s
13:48:30 [DETECT] inference took 0.20s
13:48:31 [DETECT] inference took 0.22s
13:48:32 [DETECT] inference took 0.20s
13:48:33 [DETECT] inference took 0.31s
13:48:34 [DETECT] inference took 0.31s
13:48:35 [DETECT] inference took 0.30s
13:48:36 [DETECT] inference took 0.31s
13:48:37 [DETECT] inference took 0.30s
13:48:38 [DETECT] inference took 0.33s
13:48:39 [DETECT] inference took 0.28s
13:48:40 [DETECT] inference took 0.30s
13:48:41 [DETECT] inference took 0.33s
13:48:42 [DETECT] inference took 0.30s
13:48:43 [DETECT] inference took 0.30s
13:48:44 [DETECT] inference took 0.30s
13:48:45 [DETECT] inference took 0.30s
13:48:46 [DETECT] inference took 0.31s
13:48:47 [DETECT] inference took 0.28s
13:48:48 [DETECT] inference took 0.30s
13:48:49 [DETECT] inference took 0.30s
13:48:50 [DETECT] inference took 0.31s
13:48:51 [DETECT] inference took 0.30s
13:48:52 [DETECT] inference took 0.30s
13:48:53 [DETECT] inference took 0.31s
13:48:54 [DETECT] inference took 0.30s
13:48:55 [DETECT] inference took 0.31s
13:48:56 [DETECT] inference took 0.30s
13:48:57 [DETECT] inference took 0.30s
13:48:58 [DETECT] inference took 0.31s
13:48:59 [DETECT] inference took 0.33s
13:49:00 [DETECT] inference took 0.31s
13:49:01 [DETECT] inference took 0.28s
13:49:02 [DETECT] inference took 0.30s
13:49:03 [DETECT] inference took 0.30s
13:49:04 [DETECT] inference took 0.28s
13:49:05 [DETECT] inference took 0.31s
13:49:06 [DETECT] inference took 0.31s
13:49:07 [DETECT] inference took 0.30s
13:49:08 [DETECT] inference took 0.30s
13:49:09 [DETECT] inference took 0.20s
13:49:10 [DETECT] inference took 0.28s
13:49:11 [DETECT] inference took 0.31s
13:49:12 [DETECT] inference took 0.30s
13:49:13 [DETECT] inference took 0.30s
13:49:14 [DETECT] inference took 0.28s
13:49:15 [DETECT] inference took 0.28s
13:49:16 [DETECT] inference took 0.30s
13:49:17 [DETECT] inference took 0.30s
13:49:18 [DETECT] inference took 0.30s
13:49:19 [DETECT] inference took 0.30s
13:49:20 [DETECT] inference took 0.30s
13:49:21 [DETECT] inference took 0.30s
13:49:22 [DETECT] inference took 0.30s
13:49:23 [DETECT] inference took 0.31s
13:49:24 [DETECT] inference took 0.30s
13:49:25 [DETECT] inference took 0.31s
13:49:26 [DETECT] inference took 0.30s
13:49:27 [DETECT] inference took 0.31s
13:49:28 [DETECT] inference took 0.31s
13:49:29 [DETECT] inference took 0.33s
13:49:30 [DETECT] inference took 0.31s
13:49:31 [DETECT] inference took 0.31s
13:49:32 [DETECT] inference took 0.31s
13:49:33 [DETECT] inference took 0.31s
13:49:34 [DETECT] inference took 0.30s
13:49:35 [DETECT] inference took 0.28s
13:49:36 [DETECT] inference took 0.28s
13:49:37 [DETECT] inference took 0.30s
13:49:38 [DETECT] inference took 0.30s
13:49:39 [DETECT] inference took 0.30s
13:49:40 [DETECT] inference took 0.31s
13:49:41 [DETECT] inference took 0.31s
13:49:42 [DETECT] inference took 0.30s
13:49:43 [DETECT] inference took 0.30s
13:49:44 [DETECT] inference took 0.28s
13:49:45 [DETECT] inference took 0.30s
13:49:46 [DETECT] inference took 0.33s
13:49:47 [DETECT] inference took 0.30s
13:49:48 [DETECT] inference took 0.30s
13:49:49 [DETECT] inference took 0.22s
13:49:50 [DETECT] inference took 0.20s
13:49:51 [DETECT] inference took 0.20s
13:49:52 [DETECT] inference took 0.20s
13:49:53 [DETECT] inference took 0.30s
13:49:54 [DETECT] inference took 0.31s
13:49:55 [DETECT] inference took 0.28s
13:49:56 [DETECT] inference took 0.28s
13:49:57 [DETECT] inference took 0.28s
13:49:58 [DETECT] inference took 0.30s
13:49:59 [DETECT] inference took 0.28s
13:50:00 [DETECT] inference took 0.30s
13:50:01 [DETECT] inference took 0.30s
13:50:02 [DETECT] inference took 0.31s
13:50:03 [DETECT] inference took 0.30s
13:50:04 [DETECT] inference took 0.30s
13:50:05 [DETECT] inference took 0.30s
13:50:06 [DETECT] inference took 0.31s
13:50:07 [DETECT] inference took 0.28s
13:50:08 [DETECT] inference took 0.30s
13:50:09 [DETECT] inference took 0.30s
13:50:10 [DETECT] inference took 0.30s
13:50:11 [DETECT] inference took 0.20s
13:50:12 [DETECT] inference took 0.30s
13:50:13 [DETECT] inference took 0.28s
13:50:14 [DETECT] inference took 0.30s
13:50:15 [DETECT] inference took 0.31s
13:50:16 [DETECT] inference took 0.31s
13:50:17 [DETECT] inference took 0.31s
13:50:18 [DETECT] inference took 0.33s
13:50:19 [DETECT] inference took 0.31s
13:50:20 [DETECT] inference took 0.31s
13:50:21 [DETECT] inference took 0.30s
13:50:22 [DETECT] inference took 0.28s
13:50:23 [DETECT] inference took 0.30s
13:50:24 [DETECT] inference took 0.30s
13:50:25 [DETECT] inference took 0.28s
13:50:26 [DETECT] inference took 0.30s
13:50:27 [DETECT] inference took 0.28s
13:50:28 [DETECT] inference took 0.28s
13:50:29 [DETECT] inference took 0.30s
13:50:30 [DETECT] inference took 0.31s
13:50:31 [DETECT] inference took 0.33s
13:50:32 [DETECT] inference took 0.31s
13:50:33 [DETECT] inference took 0.31s
13:50:34 [DETECT] inference took 0.31s
13:50:35 [DETECT] inference took 0.31s
13:50:36 [DETECT] inference took 0.33s
13:50:37 [DETECT] inference took 0.30s
13:50:38 [DETECT] inference took 0.30s
13:50:39 [DETECT] inference took 0.30s
13:50:40 [DETECT] inference took 0.31s
13:50:41 [DETECT] inference took 0.30s
13:50:42 [DETECT] inference took 0.30s
13:50:43 [DETECT] inference took 0.31s
13:50:44 [DETECT] inference took 0.30s
13:50:45 [DETECT] inference took 0.31s
13:50:46 [DETECT] inference took 0.30s
13:50:47 [DETECT] inference took 0.38s
13:50:48 [DETECT] inference took 0.34s
13:50:49 [DETECT] inference took 0.30s
13:50:49 [DETECT] inference took 0.39s
13:50:49 [DETECT] rejected drone candidate (confidence=0.41) -- overlaps a confidently-classified non-drone object
13:50:50 [DETECT] inference took 0.34s
13:50:51 [DETECT] inference took 0.30s
13:50:52 [DETECT] inference took 0.30s
13:50:53 [DETECT] inference took 0.28s
13:50:54 [DETECT] inference took 0.27s
13:50:55 [DETECT] inference took 0.28s
13:50:56 [DETECT] inference took 0.31s
13:50:57 [DETECT] inference took 0.30s
13:50:58 [DETECT] inference took 0.30s
13:50:59 [DETECT] inference took 0.30s
13:51:00 [DETECT] inference took 0.30s
13:51:01 [DETECT] inference took 0.30s
13:51:02 [DETECT] inference took 0.28s
13:51:03 [DETECT] inference took 0.28s
13:51:04 [DETECT] inference took 0.31s
13:51:05 [DETECT] inference took 0.30s
13:51:06 [DETECT] inference took 0.31s
13:51:07 [DETECT] inference took 0.30s
13:51:08 [DETECT] inference took 0.28s
13:51:09 [DETECT] inference took 0.28s
13:51:10 [DETECT] inference took 0.33s
13:51:11 [DETECT] inference took 0.33s
13:51:12 [DETECT] inference took 0.30s
13:51:13 [DETECT] inference took 0.31s
13:51:14 [DETECT] inference took 0.30s
13:51:15 [DETECT] inference took 0.20s
13:51:16 [DETECT] inference took 0.20s
13:51:17 [DETECT] inference took 0.20s
13:51:18 [DETECT] inference took 0.20s
13:51:19 [DETECT] inference took 0.22s
13:51:20 [DETECT] inference took 0.20s
13:51:21 [DETECT] inference took 0.20s
13:51:22 [DETECT] inference took 0.22s
13:51:23 [DETECT] inference took 0.22s
13:51:24 [DETECT] inference took 0.20s
13:51:25 [DETECT] inference took 0.22s
13:51:26 [DETECT] inference took 0.22s
13:51:27 [DETECT] inference took 0.20s
13:51:28 [DETECT] inference took 0.22s
13:51:29 [DETECT] inference took 0.20s
13:51:30 [DETECT] inference took 0.20s
13:51:31 [DETECT] inference took 0.22s
13:51:32 [DETECT] inference took 0.20s
13:51:33 [DETECT] inference took 0.20s
13:51:34 [DETECT] inference took 0.22s
13:51:35 [DETECT] inference took 0.20s
13:51:36 [DETECT] inference took 0.30s
13:51:37 [DETECT] inference took 0.31s
13:51:38 [DETECT] inference took 0.30s
13:51:39 [DETECT] inference took 0.28s
13:51:40 [DETECT] inference took 0.30s
13:51:41 [DETECT] inference took 0.30s
13:51:42 [DETECT] inference took 0.28s
13:51:43 [DETECT] inference took 0.27s
13:51:44 [DETECT] inference took 0.30s
13:51:45 [DETECT] inference took 0.30s
13:51:46 [DETECT] inference took 0.30s
13:51:47 [DETECT] inference took 0.28s
13:51:48 [DETECT] inference took 0.28s
13:51:49 [DETECT] inference took 0.30s
13:51:50 [DETECT] inference took 0.28s
13:51:51 [DETECT] inference took 0.28s
13:51:52 [DETECT] inference took 0.30s
13:51:53 [DETECT] inference took 0.26s
13:51:54 [DETECT] inference took 0.30s
13:51:55 [DETECT] inference took 0.36s
13:51:56 [DETECT] inference took 0.34s
13:51:57 [DETECT] inference took 0.30s
13:51:58 [DETECT] inference took 0.30s
13:51:59 [DETECT] inference took 0.30s
13:52:00 [DETECT] inference took 0.30s
13:52:01 [DETECT] inference took 0.30s
13:52:02 [DETECT] inference took 0.30s
13:52:03 [DETECT] inference took 0.31s
13:52:04 [DETECT] inference took 0.28s
13:52:05 [DETECT] inference took 0.30s
13:52:06 [DETECT] inference took 0.30s
13:52:07 [DETECT] inference took 0.28s
13:52:08 [DETECT] inference took 0.30s
13:52:09 [DETECT] inference took 0.30s
13:52:10 [DETECT] inference took 0.30s
13:52:11 [DETECT] inference took 0.30s
13:52:12 [DETECT] inference took 0.30s
13:52:13 [DETECT] inference took 0.30s
13:52:14 [DETECT] inference took 0.30s
13:52:15 [DETECT] inference took 0.30s
13:52:16 [DETECT] inference took 0.30s
13:52:17 [DETECT] inference took 0.34s
13:52:18 [DETECT] inference took 0.31s
13:52:19 [DETECT] inference took 0.31s
13:52:20 [DETECT] inference took 0.31s
13:52:21 [DETECT] inference took 0.28s
13:52:22 [DETECT] inference took 0.28s
13:52:23 [DETECT] inference took 0.28s
13:52:24 [DETECT] inference took 0.31s
13:52:25 [DETECT] inference took 0.30s
13:52:26 [DETECT] inference took 0.30s
13:52:27 [DETECT] inference took 0.30s
13:52:28 [DETECT] inference took 0.28s
13:52:29 [DETECT] inference took 0.30s
13:52:30 [DETECT] inference took 0.28s
13:52:31 [DETECT] inference took 0.30s
13:52:32 [DETECT] inference took 0.30s
13:52:33 [DETECT] inference took 0.30s
13:52:34 [DETECT] inference took 0.28s
13:52:35 [DETECT] inference took 0.28s
13:52:36 [DETECT] inference took 0.31s
13:52:37 [DETECT] inference took 0.28s
13:52:38 [DETECT] inference took 0.28s
13:52:39 [DETECT] inference took 0.34s
13:52:40 [DETECT] inference took 0.27s
13:52:41 [DETECT] inference took 0.22s
13:52:42 [DETECT] inference took 0.22s
13:52:43 [DETECT] inference took 0.23s
13:52:44 [DETECT] inference took 0.23s
13:52:45 [DETECT] inference took 0.22s
13:52:46 [DETECT] inference took 0.23s
13:52:47 [DETECT] inference took 0.22s
13:52:48 [DETECT] inference took 0.22s
13:52:49 [DETECT] inference took 0.22s
13:52:50 [DETECT] inference took 0.22s
13:52:51 [DETECT] inference took 0.22s
13:52:52 [DETECT] inference took 0.22s
13:52:53 [DETECT] inference took 0.22s
13:52:54 [DETECT] inference took 0.22s
13:52:55 [DETECT] inference took 0.23s
13:52:56 [DETECT] inference took 0.23s
13:52:57 [DETECT] inference took 0.22s
13:52:58 [DETECT] inference took 0.22s
13:52:59 [DETECT] inference took 0.22s
13:53:00 [DETECT] inference took 0.22s
13:53:01 [DETECT] inference took 0.22s
13:53:02 [DETECT] inference took 0.22s
13:53:03 [DETECT] inference took 0.22s
13:53:04 [DETECT] inference took 0.23s
13:53:05 [DETECT] inference took 0.22s
13:53:06 [DETECT] inference took 0.20s
13:53:07 [DETECT] inference took 0.23s
13:53:08 [DETECT] inference took 0.22s
13:53:09 [DETECT] inference took 0.22s
13:53:10 [DETECT] inference took 0.22s
13:53:11 [DETECT] inference took 0.22s
13:53:12 [DETECT] inference took 0.22s
13:53:13 [DETECT] inference took 0.23s
13:53:14 [DETECT] inference took 0.22s
13:53:15 [DETECT] inference took 0.22s
13:53:16 [DETECT] inference took 0.22s
13:53:17 [DETECT] inference took 0.22s
13:53:18 [DETECT] inference took 0.22s
13:53:19 [DETECT] inference took 0.22s
13:53:20 [DETECT] inference took 0.22s
13:53:21 [DETECT] inference took 0.22s
13:53:22 [DETECT] inference took 0.22s
13:53:23 [DETECT] inference took 0.23s
13:53:24 [DETECT] inference took 0.22s
13:53:25 [DETECT] inference took 0.20s
13:53:26 [VIDEO] cap.read() failed, reconnecting...
13:53:26 [DETECT] inference took 0.23s
13:53:27 [DETECT] inference took 0.20s
13:53:28 [VIDEO] opening capture: 'rtsp://administrator:123456@169.254.50.189/rtsp/defaultPrimary?streamType=u'
13:53:29 [VIDEO] capture opened successfully
13:53:29 [DETECT] inference took 0.33s
13:53:30 [DETECT] inference took 0.33s
13:53:31 [DETECT] inference took 0.34s
13:53:32 [DETECT] inference took 0.33s
13:53:33 [DETECT] inference took 0.30s
13:53:34 [DETECT] inference took 0.30s
13:53:34 [DETECT] inference took 0.38s
13:53:35 [DETECT] inference took 0.34s
13:53:36 [DETECT] inference took 0.38s
13:53:36 [DETECT] inference took 0.33s
13:53:37 [DETECT] inference took 0.33s
13:53:38 [DETECT] inference took 0.31s
13:53:39 [DETECT] inference took 0.31s
13:53:40 [DETECT] inference took 0.38s
13:53:40 [DETECT] inference took 0.34s
13:53:41 [DETECT] inference took 0.36s
13:53:41 [DETECT] inference took 0.33s
13:53:42 [DETECT] inference took 0.31s
13:53:43 [DETECT] inference took 0.31s
13:53:44 [DETECT] inference took 0.31s
13:53:45 [DETECT] inference took 0.36s
13:53:45 [DETECT] inference took 0.31s
13:53:46 [DETECT] inference took 0.30s
13:53:46 [DETECT] inference took 0.33s
13:53:47 [DETECT] inference took 0.31s
13:53:48 [DETECT] inference took 0.39s
13:53:48 [DETECT] inference took 0.36s
13:53:49 [DETECT] inference took 0.45s
13:53:49 [DETECT] inference took 0.38s
13:53:50 [DETECT] inference took 0.34s
13:53:51 [DETECT] inference took 0.38s
13:53:51 [DETECT] inference took 0.28s
13:53:52 [DETECT] inference took 0.38s
13:53:52 [DETECT] inference took 0.34s
13:53:53 [DETECT] inference took 0.34s
13:53:53 [DETECT] inference took 0.30s
13:53:54 [DETECT] inference took 0.36s
13:53:54 [DETECT] inference took 0.30s
13:53:55 [DETECT] inference took 0.36s
13:53:55 [DETECT] inference took 0.31s
13:53:56 [DETECT] inference took 0.38s
13:53:56 [DETECT] inference took 0.33s
13:53:57 [DETECT] inference took 0.38s
13:53:57 [DETECT] inference took 0.31s
13:53:58 [DETECT] inference took 0.33s
13:53:58 [DETECT] inference took 0.31s
13:53:59 [DETECT] inference took 0.34s
13:53:59 [DETECT] inference took 0.33s
13:54:00 [DETECT] inference took 0.36s
13:54:00 [DETECT] inference took 0.30s
13:54:01 [DETECT] inference took 0.36s
13:54:01 [DETECT] inference took 0.30s
13:54:01 [DETECT] inference took 0.34s
13:54:02 [DETECT] inference took 0.30s
13:54:03 [DETECT] inference took 0.36s
13:54:03 [DETECT] inference took 0.33s
13:54:04 [DETECT] inference took 0.36s
13:54:04 [DETECT] inference took 0.30s
13:54:05 [DETECT] inference took 0.36s
13:54:05 [DETECT] inference took 0.30s
13:54:06 [DETECT] inference took 0.36s
13:54:06 [DETECT] inference took 0.31s
13:54:07 [DETECT] inference took 0.38s
13:54:07 [DETECT] inference took 0.33s
13:54:08 [DETECT] inference took 0.36s
13:54:08 [DETECT] inference took 0.28s
13:54:09 [DETECT] inference took 0.38s
13:54:09 [DETECT] inference took 0.31s
13:54:10 [DETECT] inference took 0.36s
13:54:10 [DETECT] inference took 0.31s
13:54:11 [DETECT] inference took 0.41s
13:54:11 [DETECT] inference took 0.36s
13:54:12 [DETECT] inference took 0.31s
13:54:13 [DETECT] inference took 0.31s
13:54:14 [DETECT] inference took 0.31s
13:54:15 [DETECT] inference took 0.30s
13:54:15 [DETECT] inference took 0.23s
13:54:16 [DETECT] inference took 0.22s
13:54:17 [DETECT] inference took 0.24s
13:54:18 [DETECT] inference took 0.22s
13:54:19 [DETECT] inference took 0.22s
13:54:20 [DETECT] inference took 0.22s
13:54:21 [DETECT] inference took 0.22s
13:54:22 [DETECT] inference took 0.22s
13:54:23 [DETECT] inference took 0.22s
13:54:24 [DETECT] inference took 0.22s
13:54:25 [DETECT] inference took 0.23s
13:54:26 [DETECT] inference took 0.22s
13:54:26 [DETECT] inference took 0.25s
13:54:27 [DETECT] inference took 0.22s
13:54:28 [DETECT] inference took 0.22s
13:54:29 [DETECT] inference took 0.22s
13:54:29 [DETECT] inference took 0.23s
13:54:30 [DETECT] inference took 0.23s
13:54:31 [DETECT] inference took 0.22s
13:54:32 [DETECT] inference took 0.22s
13:54:33 [DETECT] inference took 0.23s
13:54:34 [DETECT] inference took 0.30s
13:54:35 [DETECT] inference took 0.31s
13:54:36 [DETECT] inference took 0.31s
13:54:37 [DETECT] inference took 0.33s
13:54:38 [DETECT] inference took 0.33s
13:54:39 [DETECT] inference took 0.33s
13:54:40 [DETECT] inference took 0.33s
13:54:41 [DETECT] inference took 0.33s
13:54:42 [DETECT] inference took 0.33s
13:54:43 [DETECT] inference took 0.33s
13:54:44 [DETECT] inference took 0.53s
13:54:45 [DETECT] inference took 0.34s
13:54:46 [DETECT] inference took 0.34s
13:54:47 [DETECT] inference took 0.34s
13:54:48 [DETECT] inference took 0.31s
13:54:49 [DETECT] inference took 0.33s
13:54:50 [DETECT] inference took 0.34s
13:54:51 [DETECT] inference took 0.31s
13:54:52 [DETECT] inference took 0.33s
13:54:53 [DETECT] inference took 0.34s
13:54:54 [DETECT] inference took 0.38s
13:54:55 [DETECT] inference took 0.34s
13:54:56 [DETECT] inference took 0.39s
13:54:56 [DETECT] inference took 0.39s
13:54:57 [DETECT] inference took 0.36s
13:54:58 [DETECT] inference took 0.42s
13:54:58 [DETECT] inference took 0.38s
13:54:59 [DETECT] inference took 0.22s
13:55:00 [DETECT] inference took 0.23s
13:55:01 [DETECT] inference took 0.33s
13:55:02 [DETECT] inference took 0.42s
13:55:02 [DETECT] inference took 0.33s
13:55:03 [DETECT] inference took 0.36s
13:55:04 [DETECT] inference took 0.34s
13:55:05 [DETECT] inference took 0.25s
13:55:06 [DETECT] inference took 0.23s
13:55:07 [DETECT] inference took 0.23s
13:55:08 [DETECT] inference took 0.23s
13:55:09 [DETECT] inference took 0.22s
13:55:10 [DETECT] inference took 0.23s
13:55:11 [DETECT] inference took 0.22s
13:55:12 [DETECT] inference took 0.22s
13:55:13 [DETECT] inference took 0.22s
13:55:14 [DETECT] inference took 0.23s
13:55:15 [DETECT] inference took 0.23s
13:55:16 [DETECT] inference took 0.22s
13:55:17 [DETECT] inference took 0.23s
13:55:18 [DETECT] inference took 0.22s
13:55:19 [DETECT] inference took 0.31s
13:55:20 [DETECT] inference took 0.33s
13:55:21 [DETECT] inference took 0.38s
13:55:21 [DETECT] inference took 0.34s
13:55:22 [DETECT] inference took 0.30s
13:55:23 [DETECT] inference took 0.31s
13:55:24 [DETECT] inference took 0.34s
13:55:25 [DETECT] inference took 0.31s
13:55:26 [DETECT] inference took 0.30s
13:55:27 [DETECT] inference took 0.28s
13:55:28 [DETECT] inference took 0.31s
13:55:29 [DETECT] inference took 0.34s
13:55:30 [DETECT] inference took 0.30s
13:55:31 [DETECT] inference took 0.33s
13:55:32 [DETECT] inference took 0.31s
13:55:33 [DETECT] inference took 0.30s
13:55:34 [DETECT] inference took 0.28s
13:55:35 [DETECT] inference took 0.31s
13:55:36 [DETECT] inference took 0.31s
13:55:37 [DETECT] inference took 0.33s
13:55:38 [DETECT] inference took 0.36s
13:55:39 [DETECT] inference took 0.36s
13:55:40 [DETECT] inference took 0.41s
13:55:40 [DETECT] inference took 0.36s
13:55:41 [DETECT] inference took 0.31s
13:55:42 [DETECT] inference took 0.38s
13:55:43 [DETECT] inference took 0.41s
13:55:44 [DETECT] inference took 0.38s
13:55:45 [DETECT] inference took 0.36s
13:55:46 [DETECT] inference took 0.34s
13:55:47 [DETECT] inference took 0.34s
13:55:48 [DETECT] inference took 0.34s
13:55:49 [DETECT] inference took 0.34s
13:55:50 [DETECT] inference took 0.38s
13:55:51 [DETECT] inference took 0.22s
13:55:52 [DETECT] inference took 0.20s
13:55:53 [DETECT] inference took 0.22s
13:55:54 [DETECT] inference took 0.22s
13:55:55 [DETECT] inference took 0.20s
13:55:56 [DETECT] inference took 0.22s
13:55:57 [DETECT] inference took 0.20s
13:55:58 [DETECT] inference took 0.22s
13:55:59 [DETECT] inference took 0.20s
13:56:00 [DETECT] inference took 0.22s
13:56:01 [DETECT] inference took 0.22s
13:56:02 [DETECT] inference took 0.22s
13:56:03 [DETECT] inference took 0.20s
13:56:04 [DETECT] inference took 0.28s
13:56:05 [DETECT] inference took 0.31s
13:56:06 [DETECT] inference took 0.36s
13:56:06 [DETECT] rejected drone candidate (confidence=0.42) -- overlaps a confidently-classified non-drone object
13:56:06 [DETECT] inference took 0.31s
13:56:07 [DETECT] inference took 0.31s
13:56:08 [DETECT] inference took 0.36s
13:56:08 [DETECT] inference took 0.30s
13:56:09 [DETECT] inference took 0.30s
13:56:10 [DETECT] inference took 0.30s
13:56:11 [DETECT] inference took 0.30s
13:56:12 [DETECT] inference took 0.22s
13:56:13 [DETECT] inference took 0.20s
13:56:14 [DETECT] inference took 0.20s
13:56:15 [DETECT] inference took 0.22s
13:56:16 [DETECT] inference took 0.20s
13:56:17 [DETECT] inference took 0.20s
13:56:18 [DETECT] inference took 0.22s
13:56:19 [DETECT] inference took 0.20s
13:56:20 [DETECT] inference took 0.22s
13:56:21 [DETECT] inference took 0.22s
13:56:22 [DETECT] inference took 0.20s
13:56:23 [DETECT] inference took 0.22s
13:56:24 [DETECT] inference took 0.20s
13:56:25 [DETECT] inference took 0.20s
13:56:26 [DETECT] inference took 0.20s
13:56:27 [DETECT] inference took 0.33s
13:56:28 [DETECT] inference took 0.31s
13:56:29 [DETECT] inference took 0.33s
13:56:30 [DETECT] inference took 0.36s
13:56:31 [DETECT] inference took 0.33s
13:56:32 [DETECT] inference took 0.34s
13:56:33 [DETECT] inference took 0.33s
13:56:34 [DETECT] inference took 0.34s
13:56:35 [DETECT] inference took 0.38s
13:56:35 [DETECT] inference took 0.34s
13:56:36 [DETECT] inference took 0.34s
13:56:37 [DETECT] inference took 0.36s
13:56:38 [DETECT] inference took 0.33s
13:56:39 [DETECT] inference took 0.33s
13:56:40 [DETECT] inference took 0.33s
13:56:41 [DETECT] inference took 0.36s
13:56:42 [DETECT] inference took 0.31s
13:56:43 [DETECT] inference took 0.34s
13:56:44 [DETECT] inference took 0.33s
13:56:45 [DETECT] inference took 0.34s
13:56:46 [DETECT] inference took 0.31s
13:56:47 [DETECT] inference took 0.38s
13:56:48 [DETECT] inference took 0.33s
13:56:49 [DETECT] inference took 0.33s
13:56:50 [DETECT] inference took 0.31s
13:56:51 [DETECT] inference took 0.28s
13:56:52 [DETECT] inference took 0.20s
13:56:53 [DETECT] inference took 0.22s
13:56:54 [DETECT] inference took 0.20s
13:56:55 [DETECT] inference took 0.20s
13:56:56 [DETECT] inference took 0.20s
13:56:57 [DETECT] inference took 0.20s
13:56:58 [DETECT] inference took 0.22s
13:56:59 [DETECT] inference took 0.20s
13:57:00 [DETECT] inference took 0.22s
13:57:01 [DETECT] inference took 0.20s
13:57:02 [DETECT] inference took 0.30s
13:57:03 [DETECT] inference took 0.30s
13:57:04 [DETECT] inference took 0.30s
13:57:05 [DETECT] inference took 0.30s
13:57:06 [DETECT] inference took 0.28s
13:57:07 [DETECT] inference took 0.28s
13:57:08 [DETECT] inference took 0.31s
13:57:09 [DETECT] inference took 0.30s
13:57:10 [DETECT] inference took 0.20s
13:57:11 [DETECT] inference took 0.20s
13:57:12 [DETECT] inference took 0.22s
13:57:13 [DETECT] inference took 0.22s
13:57:14 [DETECT] inference took 0.20s
13:57:15 [DETECT] inference took 0.20s
13:57:16 [DETECT] inference took 0.22s
13:57:17 [DETECT] inference took 0.20s
13:57:18 [DETECT] inference took 0.20s
13:57:19 [DETECT] inference took 0.22s
13:57:20 [DETECT] inference took 0.20s
13:57:21 [DETECT] inference took 0.22s
13:57:22 [DETECT] inference took 0.20s
13:57:23 [DETECT] inference took 0.22s
13:57:24 [DETECT] inference took 0.20s
13:57:25 [DETECT] inference took 0.22s
13:57:26 [DETECT] inference took 0.22s
13:57:27 [DETECT] inference took 0.24s
13:57:28 [DETECT] inference took 0.24s
13:57:29 [DETECT] inference took 0.22s
13:57:30 [DETECT] inference took 0.20s
13:57:31 [DETECT] inference took 0.20s
13:57:32 [DETECT] inference took 0.22s
13:57:33 [DETECT] inference took 0.20s
13:57:34 [DETECT] inference took 0.20s
13:57:35 [DETECT] inference took 0.22s
13:57:36 [DETECT] inference took 0.20s
13:57:37 [DETECT] inference took 0.22s
13:57:38 [DETECT] inference took 0.22s
13:57:39 [DETECT] inference took 0.20s
13:57:40 [DETECT] inference took 0.22s
13:57:41 [DETECT] inference took 0.20s
13:57:42 [DETECT] inference took 0.22s
13:57:43 [DETECT] inference took 0.22s
13:57:44 [DETECT] inference took 0.20s
13:57:45 [DETECT] inference took 0.20s
13:57:46 [DETECT] inference took 0.22s
13:57:47 [DETECT] inference took 0.20s
13:57:48 [DETECT] inference took 0.20s
13:57:49 [DETECT] inference took 0.22s
13:57:50 [DETECT] inference took 0.22s
13:57:51 [DETECT] inference took 0.20s
13:57:52 [DETECT] inference took 0.20s
13:57:53 [DETECT] inference took 0.22s
13:57:54 [DETECT] inference took 0.20s
13:57:55 [DETECT] inference took 0.20s
13:57:56 [DETECT] inference took 0.20s
13:57:57 [DETECT] inference took 0.22s
13:57:58 [DETECT] inference took 0.20s
13:57:59 [DETECT] inference took 0.22s
13:58:00 [DETECT] inference took 0.20s
13:58:01 [DETECT] inference took 0.20s
13:58:02 [DETECT] inference took 0.22s
13:58:03 [DETECT] inference took 0.20s
13:58:04 [DETECT] inference took 0.22s
13:58:05 [DETECT] inference took 0.20s
13:58:06 [DETECT] inference took 0.22s
13:58:07 [DETECT] inference took 0.20s
13:58:08 [DETECT] inference took 0.20s
13:58:09 [DETECT] inference took 0.22s
13:58:10 [DETECT] inference took 0.20s
13:58:11 [DETECT] inference took 0.22s
13:58:12 [DETECT] inference took 0.22s
13:58:13 [DETECT] inference took 0.20s
13:58:14 [DETECT] inference took 0.22s
13:58:15 [DETECT] inference took 0.22s
13:58:16 [DETECT] inference took 0.20s
13:58:17 [DETECT] inference took 0.22s
13:58:18 [DETECT] inference took 0.22s
13:58:19 [DETECT] inference took 0.22s
13:58:20 [DETECT] inference took 0.20s
13:58:21 [DETECT] inference took 0.22s
13:58:22 [DETECT] inference took 0.20s
13:58:23 [DETECT] inference took 0.27s
13:58:23 [DETECT] inference took 0.20s
13:58:24 [DETECT] inference took 0.20s
13:58:25 [DETECT] inference took 0.20s
13:58:26 [DETECT] inference took 0.20s
13:58:27 [DETECT] inference took 0.22s
13:58:28 [DETECT] inference took 0.20s
13:58:29 [DETECT] inference took 0.22s
13:58:30 [DETECT] inference took 0.22s
13:58:31 [DETECT] inference took 0.20s
13:58:32 [DETECT] inference took 0.20s
13:58:33 [DETECT] inference took 0.20s
13:58:34 [DETECT] inference took 0.20s
13:58:35 [DETECT] inference took 0.22s
13:58:36 [DETECT] inference took 0.20s
13:58:37 [DETECT] inference took 0.20s
13:58:38 [DETECT] inference took 0.22s
13:58:39 [DETECT] inference took 0.22s
13:58:40 [DETECT] inference took 0.20s
13:58:41 [DETECT] inference took 0.20s
13:58:42 [DETECT] inference took 0.22s
13:58:43 [DETECT] inference took 0.20s
13:58:44 [DETECT] inference took 0.20s
13:58:45 [DETECT] inference took 0.22s
13:58:46 [DETECT] inference took 0.22s
13:58:47 [DETECT] inference took 0.20s
13:58:48 [DETECT] inference took 0.20s
13:58:49 [DETECT] inference took 0.22s
13:58:50 [DETECT] inference took 0.22s
13:58:51 [DETECT] inference took 0.20s
13:58:52 [DETECT] inference took 0.20s
13:58:53 [DETECT] inference took 0.22s
13:58:54 [DETECT] inference took 0.22s
13:58:55 [DETECT] inference took 0.20s
13:58:56 [DETECT] inference took 0.22s
13:58:57 [DETECT] inference took 0.20s
13:58:58 [DETECT] inference took 0.22s
13:58:59 [DETECT] inference took 0.22s
13:59:00 [DETECT] inference took 0.20s
13:59:01 [DETECT] inference took 0.22s
13:59:02 [DETECT] inference took 0.22s
13:59:03 [DETECT] inference took 0.20s
13:59:04 [DETECT] inference took 0.20s
13:59:05 [DETECT] inference took 0.23s
13:59:06 [DETECT] inference took 0.30s
13:59:07 [DETECT] inference took 0.30s
13:59:08 [DETECT] inference took 0.31s
13:59:09 [DETECT] inference took 0.30s
13:59:10 [DETECT] inference took 0.28s
13:59:11 [DETECT] inference took 0.31s
13:59:12 [DETECT] inference took 0.30s
13:59:13 [DETECT] inference took 0.31s
13:59:14 [DETECT] inference took 0.31s
13:59:15 [DETECT] inference took 0.30s
13:59:16 [DETECT] inference took 0.30s
13:59:17 [DETECT] inference took 0.30s
13:59:18 [DETECT] inference took 0.28s
13:59:19 [DETECT] inference took 0.31s
13:59:20 [DETECT] inference took 0.31s
13:59:21 [DETECT] inference took 0.28s
13:59:22 [DETECT] inference took 0.31s
13:59:23 [DETECT] inference took 0.28s
13:59:24 [DETECT] inference took 0.31s
13:59:25 [DETECT] inference took 0.34s
13:59:26 [DETECT] inference took 0.31s
13:59:27 [DETECT] inference took 0.28s
13:59:28 [DETECT] inference took 0.30s
13:59:29 [DETECT] inference took 0.28s
13:59:30 [DETECT] inference took 0.20s
13:59:31 [DETECT] inference took 0.22s
13:59:32 [DETECT] inference took 0.22s
13:59:33 [DETECT] inference took 0.20s
13:59:34 [DETECT] inference took 0.20s
13:59:35 [DETECT] inference took 0.22s
13:59:36 [DETECT] inference took 0.22s
13:59:37 [DETECT] inference took 0.20s
13:59:38 [DETECT] inference took 0.22s
13:59:39 [DETECT] inference took 0.22s
13:59:40 [DETECT] inference took 0.20s
13:59:41 [DETECT] inference took 0.22s
13:59:42 [DETECT] inference took 0.20s
13:59:43 [DETECT] inference took 0.20s
13:59:44 [DETECT] inference took 0.20s
13:59:45 [DETECT] inference took 0.22s
13:59:46 [DETECT] inference took 0.22s
13:59:47 [DETECT] inference took 0.20s
13:59:48 [DETECT] inference took 0.20s
13:59:49 [DETECT] inference took 0.20s
13:59:50 [DETECT] inference took 0.33s
13:59:51 [DETECT] inference took 0.33s
13:59:52 [DETECT] inference took 0.31s
13:59:53 [DETECT] inference took 0.31s
13:59:54 [DETECT] inference took 0.33s
13:59:55 [DETECT] inference took 0.30s
13:59:56 [DETECT] inference took 0.30s
13:59:57 [DETECT] inference took 0.31s
13:59:58 [DETECT] inference took 0.33s
13:59:59 [DETECT] inference took 0.30s
14:00:00 [DETECT] inference took 0.30s
14:00:01 [DETECT] inference took 0.31s
14:00:02 [DETECT] inference took 0.30s
14:00:03 [DETECT] inference took 0.31s
14:00:04 [DETECT] inference took 0.33s
14:00:05 [DETECT] inference took 0.31s
14:00:06 [DETECT] inference took 0.31s
14:00:07 [DETECT] inference took 0.31s
14:00:08 [DETECT] inference took 0.31s
14:00:09 [DETECT] inference took 0.33s
14:00:10 [DETECT] inference took 0.38s
14:00:11 [DETECT] inference took 0.34s
14:00:12 [DETECT] inference took 0.30s
14:00:13 [DETECT] inference took 0.33s
14:00:14 [DETECT] inference took 0.33s
14:00:15 [DETECT] inference took 0.33s
14:00:16 [DETECT] inference took 0.31s
14:00:17 [DETECT] inference took 0.33s
14:00:18 [DETECT] inference took 0.31s
14:00:19 [DETECT] inference took 0.31s
14:00:20 [DETECT] inference took 0.31s
14:00:21 [DETECT] inference took 0.31s
14:00:22 [DETECT] inference took 0.30s
14:00:23 [DETECT] inference took 0.31s
14:00:24 [DETECT] inference took 0.31s
14:00:25 [DETECT] inference took 0.30s
14:00:26 [DETECT] inference took 0.31s
14:00:27 [DETECT] inference took 0.28s
14:00:28 [DETECT] inference took 0.28s
14:00:29 [DETECT] inference took 0.30s
14:00:30 [DETECT] inference took 0.30s
14:00:31 [DETECT] inference took 0.31s
14:00:32 [DETECT] inference took 0.36s
14:00:33 [DETECT] inference took 0.30s
14:00:34 [DETECT] inference took 0.28s
14:00:35 [DETECT] inference took 0.28s
14:00:36 [DETECT] inference took 0.28s
14:00:37 [DETECT] inference took 0.31s
14:00:38 [DETECT] inference took 0.30s
14:00:39 [DETECT] inference took 0.30s
14:00:40 [DETECT] inference took 0.31s
14:00:41 [DETECT] inference took 0.30s
14:00:42 [DETECT] inference took 0.31s
14:00:43 [DETECT] inference took 0.30s
14:00:44 [DETECT] inference took 0.30s
14:00:45 [DETECT] inference took 0.31s
14:00:46 [DETECT] inference took 0.30s
14:00:47 [DETECT] inference took 0.28s
14:00:48 [DETECT] inference took 0.22s
14:00:49 [DETECT] inference took 0.28s
14:00:50 [DETECT] inference took 0.28s
14:00:51 [DETECT] inference took 0.28s
14:00:52 [DETECT] inference took 0.30s
14:00:53 [DETECT] inference took 0.28s
14:00:54 [DETECT] inference took 0.38s
14:00:55 [DETECT] inference took 0.36s
14:00:56 [DETECT] inference took 0.34s
14:00:57 [DETECT] inference took 0.33s
14:00:58 [DETECT] inference took 0.25s
14:00:59 [DETECT] inference took 0.24s
14:01:00 [DETECT] inference took 0.24s
14:01:01 [DETECT] inference took 0.24s
14:01:02 [DETECT] inference took 0.22s
14:01:03 [DETECT] inference took 0.30s
14:01:04 [DETECT] inference took 0.31s
14:01:05 [DETECT] inference took 0.28s
14:01:06 [DETECT] inference took 0.28s
14:01:07 [DETECT] inference took 0.31s
14:01:08 [DETECT] inference took 0.30s
14:01:09 [DETECT] inference took 0.30s
14:01:10 [DETECT] inference took 0.31s
14:01:11 [DETECT] inference took 0.30s
14:01:12 [DETECT] inference took 0.30s
14:01:13 [DETECT] inference took 0.31s
14:01:14 [DETECT] inference took 0.30s
14:01:15 [DETECT] inference took 0.24s
14:01:16 [DETECT] inference took 0.22s
14:01:17 [DETECT] inference took 0.22s
14:01:18 [DETECT] inference took 0.22s
14:01:19 [DETECT] inference took 0.22s
14:01:20 [DETECT] inference took 0.23s
14:01:20 [DETECT] inference took 0.22s
14:01:21 [DETECT] inference took 0.22s
14:01:22 [DETECT] inference took 0.22s
14:01:23 [DETECT] inference took 0.20s
14:01:24 [DETECT] inference took 0.22s
14:01:25 [DETECT] inference took 0.22s
14:01:26 [DETECT] inference took 0.20s
14:01:27 [DETECT] inference took 0.22s
14:01:28 [DETECT] inference took 0.22s
14:01:29 [DETECT] inference took 0.20s
14:01:30 [DETECT] inference took 0.22s
14:01:31 [DETECT] inference took 0.22s
14:01:32 [DETECT] inference took 0.20s
14:01:33 [DETECT] inference took 0.22s
14:01:34 [DETECT] inference took 0.22s
14:01:35 [DETECT] inference took 0.22s
14:01:36 [DETECT] inference took 0.20s
14:01:37 [DETECT] inference took 0.22s
14:01:38 [DETECT] inference took 0.20s
14:01:39 [DETECT] inference took 0.22s
14:01:40 [DETECT] inference took 0.22s
14:01:41 [DETECT] inference took 0.22s
14:01:43 [DETECT] inference took 0.34s
14:01:43 [DETECT] inference took 0.30s
14:01:45 [DETECT] inference took 0.33s
14:01:46 [DETECT] inference took 0.33s
14:01:47 [DETECT] inference took 0.31s
14:01:48 [DETECT] inference took 0.31s
14:01:48 [DETECT] inference took 0.30s
14:01:50 [DETECT] inference took 0.31s
14:01:51 [DETECT] inference took 0.33s
14:01:52 [DETECT] inference took 0.33s
14:01:53 [DETECT] inference took 0.33s
14:01:54 [DETECT] inference took 0.30s
14:01:55 [DETECT] inference took 0.34s
14:01:56 [DETECT] inference took 0.30s
14:01:57 [DETECT] inference took 0.31s
14:01:58 [DETECT] inference took 0.31s
14:01:59 [DETECT] inference took 0.33s
14:02:00 [DETECT] inference took 0.36s
14:02:01 [DETECT] inference took 0.33s
14:02:02 [DETECT] inference took 0.31s
14:02:03 [DETECT] inference took 0.38s
14:02:04 [DETECT] inference took 0.38s
14:02:04 [DETECT] inference took 0.38s
14:02:05 [DETECT] inference took 0.36s
14:02:05 [DETECT] inference took 0.36s
14:02:06 [DETECT] inference took 0.31s
14:02:06 [DETECT] inference took 0.36s
14:02:07 [DETECT] inference took 0.31s
14:02:07 [DETECT] inference took 0.34s
14:02:08 [DETECT] inference took 0.31s
14:02:08 [DETECT] inference took 0.34s
14:02:09 [DETECT] inference took 0.30s
14:02:09 [DETECT] inference took 0.36s
14:02:10 [DETECT] inference took 0.30s
14:02:10 [DETECT] inference took 0.34s
14:02:11 [DETECT] inference took 0.31s
14:02:11 [DETECT] inference took 0.36s
14:02:12 [DETECT] inference took 0.30s
14:02:12 [DETECT] inference took 0.34s
14:02:13 [DETECT] inference took 0.33s
14:02:13 [DETECT] inference took 0.34s
14:02:14 [DETECT] inference took 0.31s
14:02:14 [DETECT] inference took 0.34s
14:02:15 [DETECT] inference took 0.30s
14:02:15 [DETECT] inference took 0.34s
14:02:16 [DETECT] inference took 0.31s
14:02:16 [DETECT] inference took 0.33s
14:02:17 [DETECT] inference took 0.30s
14:02:17 [DETECT] inference took 0.34s
14:02:18 [DETECT] inference took 0.30s
14:02:18 [DETECT] inference took 0.34s
14:02:19 [DETECT] inference took 0.30s
14:02:19 [DETECT] inference took 0.34s
14:02:20 [DETECT] inference took 0.31s
14:02:20 [DETECT] inference took 0.34s
14:02:21 [DETECT] inference took 0.31s
14:02:21 [DETECT] inference took 0.34s
14:02:22 [DETECT] inference took 0.30s
14:02:22 [DETECT] inference took 0.34s
14:02:23 [DETECT] inference took 0.30s
14:02:23 [DETECT] inference took 0.34s
14:02:24 [DETECT] inference took 0.30s
14:02:24 [DETECT] inference took 0.33s
14:02:25 [DETECT] inference took 0.34s
14:02:25 [DETECT] inference took 0.38s
14:02:26 [DETECT] inference took 0.38s
14:02:27 [DETECT] inference took 0.34s
14:02:28 [DETECT] inference took 0.33s
14:02:28 [DETECT] inference took 0.36s
14:02:29 [DETECT] inference took 0.33s
14:02:29 [DETECT] inference took 0.36s
14:02:29 [DETECT] inference took 0.22s
14:02:30 [DETECT] inference took 0.23s
14:02:30 [DETECT] inference took 0.22s
14:02:31 [DETECT] inference took 0.23s
14:02:31 [DETECT] inference took 0.22s
14:02:32 [DETECT] inference took 0.23s
14:02:32 [DETECT] inference took 0.22s
14:02:33 [DETECT] inference took 0.23s
14:02:33 [DETECT] inference took 0.22s
14:02:34 [DETECT] inference took 0.23s
14:02:34 [DETECT] inference took 0.22s
14:02:35 [DETECT] inference took 0.25s
14:02:35 [DETECT] inference took 0.22s
14:02:36 [DETECT] inference took 0.23s
14:02:36 [DETECT] inference took 0.22s
14:02:37 [DETECT] inference took 0.23s
14:02:37 [DETECT] inference took 0.22s
14:02:38 [DETECT] inference took 0.23s
14:02:38 [DETECT] inference took 0.22s
14:02:39 [DETECT] inference took 0.23s
14:02:39 [DETECT] inference took 0.22s
14:02:40 [DETECT] inference took 0.23s
14:02:40 [DETECT] inference took 0.22s
14:02:41 [DETECT] inference took 0.23s
14:02:41 [DETECT] inference took 0.22s
14:02:42 [DETECT] inference took 0.23s
14:02:42 [DETECT] inference took 0.22s
14:02:43 [DETECT] inference took 0.23s
14:02:44 [DETECT] inference took 0.31s
14:02:44 [DETECT] inference took 0.36s
14:02:45 [DETECT] inference took 0.33s
14:02:45 [DETECT] inference took 0.34s
14:02:46 [DETECT] inference took 0.33s
14:02:46 [DETECT] inference took 0.38s
14:02:47 [DETECT] inference took 0.41s
14:02:48 [DETECT] inference took 0.38s
14:02:48 [DETECT] inference took 0.41s
14:02:49 [DETECT] inference took 0.36s
14:02:50 [DETECT] inference took 0.34s
14:02:51 [DETECT] inference took 0.36s
14:02:52 [DETECT] inference took 0.36s
14:02:53 [DETECT] inference took 0.36s
14:02:54 [DETECT] inference took 0.33s
14:02:55 [DETECT] inference took 0.36s
14:02:56 [DETECT] inference took 0.33s
14:02:57 [DETECT] inference took 0.34s
14:02:58 [DETECT] inference took 0.33s
14:02:59 [DETECT] inference took 0.36s
14:03:00 [DETECT] inference took 0.34s
14:03:01 [DETECT] inference took 0.31s
14:03:02 [DETECT] inference took 0.33s
14:03:03 [DETECT] inference took 0.33s
14:03:04 [DETECT] inference took 0.31s
14:03:05 [DETECT] inference took 0.34s
14:03:06 [DETECT] inference took 0.33s
14:03:07 [DETECT] inference took 0.33s
14:03:08 [DETECT] inference took 0.34s
14:03:09 [DETECT] inference took 0.39s
14:03:10 [DETECT] inference took 0.36s
14:03:10 [DETECT] inference took 0.41s
14:03:11 [DETECT] inference took 0.39s
14:03:11 [DETECT] inference took 0.38s
14:03:12 [DETECT] inference took 0.41s
14:03:13 [DETECT] inference took 0.36s
14:03:13 [DETECT] inference took 0.22s
14:03:15 [DETECT] inference took 0.27s
14:03:15 [DETECT] inference took 0.22s
14:03:16 [DETECT] inference took 0.22s
14:03:17 [DETECT] inference took 0.22s
14:03:18 [DETECT] inference took 0.22s
14:03:19 [DETECT] inference took 0.22s
14:03:20 [DETECT] inference took 0.22s
14:03:21 [DETECT] inference took 0.22s
14:03:22 [DETECT] inference took 0.22s
14:03:23 [DETECT] inference took 0.22s
14:03:24 [DETECT] inference took 0.22s
14:03:25 [DETECT] inference took 0.22s
14:03:26 [DETECT] inference took 0.20s
14:03:27 [DETECT] inference took 0.22s
14:03:28 [DETECT] inference took 0.22s
14:03:29 [DETECT] inference took 0.22s
14:03:31 [DETECT] inference took 0.31s
14:03:31 [DETECT] inference took 0.22s
14:03:32 [DETECT] inference took 0.22s
14:03:34 [DETECT] inference took 0.33s
14:03:34 [DETECT] inference took 0.38s
14:03:35 [DETECT] inference took 0.41s
14:03:36 [DETECT] inference took 0.36s
14:03:37 [DETECT] inference took 0.38s
14:03:38 [DETECT] inference took 0.33s
14:03:39 [DETECT] inference took 0.33s
14:03:40 [DETECT] inference took 0.34s
14:03:41 [DETECT] inference took 0.38s
14:03:42 [DETECT] inference took 0.33s
14:03:43 [DETECT] inference took 0.30s
14:03:44 [DETECT] inference took 0.34s
14:03:45 [DETECT] inference took 0.33s
14:03:46 [DETECT] inference took 0.36s
14:03:47 [DETECT] inference took 0.31s
14:03:48 [DETECT] inference took 0.30s
14:03:49 [DETECT] inference took 0.33s
14:03:50 [DETECT] inference took 0.34s
14:03:51 [DETECT] inference took 0.31s
14:03:52 [DETECT] inference took 0.34s
14:03:53 [DETECT] inference took 0.33s
14:03:54 [DETECT] inference took 0.33s
14:03:55 [DETECT] inference took 0.38s
14:03:56 [DETECT] inference took 0.33s
14:03:57 [DETECT] inference took 0.38s
14:03:58 [DETECT] inference took 0.36s
14:03:59 [DETECT] inference took 0.33s
14:04:00 [DETECT] inference took 0.34s
14:04:01 [DETECT] inference took 0.34s
14:04:02 [DETECT] inference took 0.36s
14:04:03 [DETECT] inference took 0.38s
14:04:04 [DETECT] inference took 0.36s
14:04:05 [DETECT] inference took 0.38s
14:04:06 [DETECT] inference took 0.36s
14:04:07 [DETECT] inference took 0.34s
14:04:08 [DETECT] inference took 0.38s
14:04:09 [DETECT] inference took 0.34s
14:04:10 [DETECT] inference took 0.27s
14:04:10 [DETECT] inference took 0.25s
14:04:11 [DETECT] inference took 0.24s
14:04:12 [DETECT] inference took 0.22s
14:04:14 [DETECT] inference took 0.36s
14:04:15 [DETECT] inference took 0.33s
14:04:16 [DETECT] inference took 0.45s
14:04:17 [DETECT] inference took 0.41s
14:04:18 [DETECT] inference took 0.36s
14:04:19 [DETECT] inference took 0.36s
14:04:19 [DETECT] inference took 0.38s
14:04:19 [DETECT] rejected drone candidate (confidence=0.43) -- overlaps a confidently-classified non-drone object
14:04:20 [DETECT] inference took 0.33s
14:04:20 [DETECT] inference took 0.31s
14:04:20 [DETECT] rejected drone candidate (confidence=0.42) -- overlaps a confidently-classified non-drone object
14:04:20 [DETECT] inference took 0.22s
14:04:21 [DETECT] inference took 0.24s
14:04:21 [DETECT] rejected drone candidate (confidence=0.38) -- overlaps a confidently-classified non-drone object
14:04:21 [DETECT] inference took 0.22s
14:04:22 [DETECT] inference took 0.27s
14:04:22 [DETECT] rejected drone candidate (confidence=0.34) -- overlaps a confidently-classified non-drone object
14:04:22 [DETECT] inference took 0.24s
14:04:23 [DETECT] inference took 0.25s
14:04:23 [DETECT] rejected drone candidate (confidence=0.45) -- overlaps a confidently-classified non-drone object
14:04:23 [DETECT] inference took 0.22s
14:04:24 [DETECT] inference took 0.24s
14:04:24 [DETECT] rejected drone candidate (confidence=0.47) -- overlaps a confidently-classified non-drone object
14:04:24 [DETECT] inference took 0.22s
14:04:25 [DETECT] inference took 0.24s
14:04:25 [DETECT] rejected drone candidate (confidence=0.40) -- overlaps a confidently-classified non-drone object
14:04:25 [DETECT] inference took 0.22s
14:04:26 [DETECT] inference took 0.22s
14:04:27 [DETECT] inference took 0.25s
14:04:27 [DETECT] inference took 0.24s
14:04:28 [DETECT] inference took 0.26s
14:04:29 [DETECT] inference took 0.31s
14:04:30 [DETECT] inference took 0.30s
14:04:31 [DETECT] inference took 0.30s
14:04:32 [DETECT] inference took 0.28s
14:04:33 [DETECT] inference took 0.30s
14:04:34 [DETECT] inference took 0.31s
14:04:34 [DETECT] inference took 0.22s
14:04:35 [DETECT] inference took 0.22s
14:04:36 [DETECT] inference took 0.22s
14:04:37 [DETECT] inference took 0.22s
14:04:38 [DETECT] inference took 0.22s
14:04:39 [DETECT] inference took 0.20s
14:04:40 [DETECT] inference took 0.22s
14:04:41 [DETECT] inference took 0.22s
14:04:43 [DETECT] inference took 0.34s
14:04:44 [DETECT] inference took 0.33s
14:04:45 [DETECT] inference took 0.34s
14:04:46 [DETECT] inference took 0.31s
14:04:47 [DETECT] inference took 0.34s
14:04:47 [DETECT] inference took 0.38s
14:04:48 [DETECT] inference took 0.34s
14:04:49 [DETECT] inference took 0.34s
14:04:50 [DETECT] inference took 0.36s
14:04:51 [DETECT] inference took 0.31s
14:04:52 [DETECT] inference took 0.34s
14:04:53 [DETECT] inference took 0.34s
14:04:54 [DETECT] inference took 0.31s
14:04:55 [DETECT] inference took 0.36s
14:04:56 [DETECT] inference took 0.36s
14:04:57 [DETECT] inference took 0.34s
14:04:58 [DETECT] inference took 0.33s
14:04:59 [DETECT] inference took 0.34s
14:05:00 [DETECT] inference took 0.31s
14:05:01 [DETECT] inference took 0.36s
14:05:02 [DETECT] inference took 0.36s
14:05:03 [DETECT] inference took 0.38s
14:05:04 [DETECT] inference took 0.39s
14:05:05 [DETECT] inference took 0.31s
14:05:06 [DETECT] inference took 0.30s
14:05:07 [DETECT] inference took 0.27s
14:05:08 [DETECT] inference took 0.25s
14:05:09 [DETECT] inference took 0.23s
14:05:09 [DETECT] inference took 0.22s
14:05:11 [DETECT] inference took 0.23s
14:05:11 [DETECT] inference took 0.22s
14:05:13 [DETECT] inference took 0.22s
14:05:14 [DETECT] inference took 0.23s
14:05:15 [DETECT] inference took 0.22s
14:05:16 [DETECT] inference took 0.22s
14:05:17 [DETECT] inference took 0.23s
14:05:18 [DETECT] inference took 0.22s
14:05:19 [DETECT] inference took 0.22s
14:05:20 [DETECT] inference took 0.23s
14:05:21 [DETECT] inference took 0.28s
14:05:22 [DETECT] inference took 0.30s
14:05:23 [DETECT] inference took 0.30s
14:05:24 [DETECT] inference took 0.30s
14:05:25 [DETECT] inference took 0.36s
14:05:26 [DETECT] inference took 0.34s
14:05:26 [DETECT] inference took 0.33s
14:05:27 [DETECT] inference took 0.22s
14:05:28 [DETECT] inference took 0.23s
14:05:29 [DETECT] inference took 0.22s
14:05:30 [DETECT] inference took 0.22s
14:05:31 [DETECT] inference took 0.20s
14:05:32 [DETECT] inference took 0.22s
14:05:33 [DETECT] inference took 0.22s
14:05:34 [DETECT] inference took 0.20s
14:05:35 [DETECT] inference took 0.22s
14:05:36 [DETECT] inference took 0.20s
14:05:37 [DETECT] inference took 0.20s
14:05:38 [DETECT] inference took 0.22s
14:05:39 [DETECT] inference took 0.20s
14:05:40 [DETECT] inference took 0.22s
14:05:41 [DETECT] inference took 0.20s
14:05:42 [DETECT] inference took 0.22s
14:05:43 [DETECT] inference took 0.20s
14:05:44 [DETECT] inference took 0.20s
14:05:45 [DETECT] inference took 0.20s
14:05:46 [DETECT] inference took 0.22s
14:05:47 [DETECT] inference took 0.20s
14:05:48 [DETECT] inference took 0.22s
14:05:49 [DETECT] inference took 0.22s
14:05:50 [DETECT] inference took 0.22s
14:05:51 [DETECT] inference took 0.20s
14:05:52 [DETECT] inference took 0.22s
14:05:53 [DETECT] inference took 0.20s
14:05:54 [DETECT] inference took 0.22s
14:05:55 [DETECT] inference took 0.20s
14:05:56 [DETECT] inference took 0.22s
14:05:57 [DETECT] inference took 0.20s
14:05:58 [DETECT] inference took 0.22s
14:05:59 [DETECT] inference took 0.22s
14:06:00 [DETECT] inference took 0.22s
14:06:01 [DETECT] inference took 0.22s
14:06:02 [DETECT] inference took 0.22s
14:06:03 [DETECT] inference took 0.20s
14:06:04 [DETECT] inference took 0.22s
14:06:05 [DETECT] inference took 0.22s
14:06:06 [DETECT] inference took 0.22s
14:06:07 [DETECT] inference took 0.20s
14:06:08 [DETECT] inference took 0.20s
14:06:09 [DETECT] inference took 0.20s
14:06:10 [DETECT] inference took 0.22s
14:06:11 [DETECT] inference took 0.20s
14:06:12 [DETECT] inference took 0.20s
14:06:13 [DETECT] inference took 0.20s
14:06:14 [DETECT] inference took 0.22s
14:06:15 [DETECT] inference took 0.22s
14:06:16 [DETECT] inference took 0.20s
14:06:17 [DETECT] inference took 0.22s
14:06:18 [DETECT] inference took 0.20s
14:06:19 [DETECT] inference took 0.20s
14:06:20 [DETECT] inference took 0.22s
14:06:21 [DETECT] inference took 0.22s
14:06:22 [DETECT] inference took 0.20s
14:06:23 [DETECT] inference took 0.20s
14:06:24 [DETECT] inference took 0.22s
14:06:25 [DETECT] inference took 0.22s
14:06:26 [DETECT] inference took 0.20s
14:06:27 [DETECT] inference took 0.22s
14:06:28 [DETECT] inference took 0.20s
14:06:29 [DETECT] inference took 0.20s
14:06:30 [DETECT] inference took 0.22s
14:06:31 [DETECT] inference took 0.20s
14:06:32 [DETECT] inference took 0.22s
14:06:33 [DETECT] inference took 0.20s
14:06:34 [DETECT] inference took 0.20s
14:06:35 [DETECT] inference took 0.22s
14:06:36 [DETECT] inference took 0.20s
14:06:37 [DETECT] inference took 0.22s
14:06:38 [DETECT] inference took 0.20s
14:06:39 [DETECT] inference took 0.22s
14:06:40 [DETECT] inference took 0.20s
14:06:41 [DETECT] inference took 0.20s
14:06:42 [DETECT] inference took 0.20s
14:06:43 [DETECT] inference took 0.22s
14:06:44 [DETECT] inference took 0.20s
14:06:45 [DETECT] inference took 0.22s
14:06:46 [DETECT] inference took 0.20s
14:06:47 [DETECT] inference took 0.20s
14:06:48 [DETECT] inference took 0.20s
14:06:49 [DETECT] inference took 0.22s
14:06:50 [DETECT] inference took 0.22s
14:06:51 [DETECT] inference took 0.20s
14:06:52 [DETECT] inference took 0.20s
14:06:53 [DETECT] inference took 0.20s
14:06:54 [DETECT] inference took 0.22s
14:06:55 [DETECT] inference took 0.20s
14:06:56 [DETECT] inference took 0.20s
14:06:57 [DETECT] inference took 0.22s
14:06:58 [DETECT] inference took 0.20s
14:06:59 [DETECT] inference took 0.20s
14:07:00 [DETECT] inference took 0.22s
14:07:01 [DETECT] inference took 0.20s
14:07:02 [DETECT] inference took 0.22s
14:07:03 [DETECT] inference took 0.20s
14:07:04 [DETECT] inference took 0.22s
14:07:05 [DETECT] inference took 0.22s
14:07:06 [DETECT] inference took 0.22s
14:07:07 [DETECT] inference took 0.20s
14:07:08 [DETECT] inference took 0.22s
14:07:09 [DETECT] inference took 0.22s
14:07:10 [DETECT] inference took 0.22s
14:07:11 [DETECT] inference took 0.22s
14:07:12 [DETECT] inference took 0.20s
14:07:13 [DETECT] inference took 0.20s
14:07:14 [DETECT] inference took 0.20s
14:07:15 [DETECT] inference took 0.20s
14:07:16 [DETECT] inference took 0.22s
14:07:17 [DETECT] inference took 0.20s
14:07:18 [DETECT] inference took 0.20s
14:07:19 [DETECT] inference took 0.22s
14:07:20 [DETECT] inference took 0.20s
14:07:21 [DETECT] inference took 0.30s
14:07:22 [DETECT] inference took 0.28s
14:07:23 [DETECT] inference took 0.30s
14:07:24 [DETECT] inference took 0.30s
14:07:25 [DETECT] inference took 0.28s
14:07:26 [DETECT] inference took 0.28s
14:07:27 [DETECT] inference took 0.27s
14:07:28 [DETECT] inference took 0.28s
14:07:29 [DETECT] inference took 0.30s
14:07:30 [DETECT] inference took 0.28s
14:07:31 [DETECT] inference took 0.28s
14:07:32 [DETECT] inference took 0.28s
14:07:33 [DETECT] inference took 0.28s
14:07:34 [DETECT] inference took 0.26s
14:07:35 [DETECT] inference took 0.31s
14:07:36 [DETECT] inference took 0.30s
14:07:37 [DETECT] inference took 0.30s
14:07:38 [DETECT] inference took 0.31s
14:07:39 [DETECT] inference took 0.28s
14:07:40 [DETECT] inference took 0.36s
14:07:41 [DETECT] inference took 0.31s
14:07:42 [DETECT] inference took 0.28s
14:07:43 [DETECT] inference took 0.28s
14:07:44 [DETECT] inference took 0.31s
14:07:45 [DETECT] inference took 0.20s
14:07:46 [DETECT] inference took 0.20s
14:07:47 [DETECT] inference took 0.22s
14:07:48 [DETECT] inference took 0.20s
14:07:49 [DETECT] inference took 0.22s
14:07:50 [DETECT] inference took 0.20s
14:07:51 [DETECT] inference took 0.22s
14:07:52 [DETECT] inference took 0.22s
14:07:53 [DETECT] inference took 0.22s
14:07:54 [DETECT] inference took 0.22s
14:07:55 [DETECT] inference took 0.20s
14:07:56 [DETECT] inference took 0.22s
14:07:57 [DETECT] inference took 0.20s
14:07:58 [DETECT] inference took 0.22s
14:07:59 [DETECT] inference took 0.22s
14:08:00 [DETECT] inference took 0.22s
14:08:01 [DETECT] inference took 0.22s
14:08:02 [DETECT] inference took 0.22s
14:08:03 [DETECT] inference took 0.20s
14:08:04 [DETECT] inference took 0.22s
14:08:05 [DETECT] inference took 0.23s
14:08:06 [DETECT] inference took 0.31s
14:08:07 [DETECT] inference took 0.33s
14:08:08 [DETECT] inference took 0.30s
14:08:09 [DETECT] inference took 0.31s
14:08:10 [DETECT] inference took 0.33s
14:08:11 [DETECT] inference took 0.30s
14:08:12 [DETECT] inference took 0.30s
14:08:13 [DETECT] inference took 0.31s
14:08:14 [DETECT] inference took 0.28s
14:08:15 [DETECT] inference took 0.31s
14:08:16 [DETECT] inference took 0.30s
14:08:17 [DETECT] inference took 0.31s
14:08:18 [DETECT] inference took 0.28s
14:08:19 [DETECT] inference took 0.30s
14:08:20 [DETECT] inference took 0.30s
14:08:21 [DETECT] inference took 0.30s
14:08:22 [DETECT] inference took 0.30s
14:08:23 [DETECT] inference took 0.28s
14:08:24 [DETECT] inference took 0.28s
14:08:25 [DETECT] inference took 0.36s
14:08:26 [DETECT] inference took 0.36s
14:08:27 [DETECT] inference took 0.30s
14:08:28 [DETECT] inference took 0.28s
14:08:29 [DETECT] inference took 0.30s
14:08:30 [DETECT] inference took 0.30s
14:08:31 [DETECT] inference took 0.31s
14:08:32 [DETECT] inference took 0.31s
14:08:33 [DETECT] inference took 0.33s
14:08:34 [DETECT] inference took 0.28s
14:08:35 [DETECT] inference took 0.30s
14:08:36 [DETECT] inference took 0.28s
14:08:37 [DETECT] inference took 0.30s
14:08:38 [DETECT] inference took 0.30s
14:08:39 [DETECT] inference took 0.30s
14:08:40 [DETECT] inference took 0.28s
14:08:41 [DETECT] inference took 0.28s
14:08:42 [DETECT] inference took 0.31s
14:08:43 [DETECT] inference took 0.30s
14:08:44 [DETECT] inference took 0.28s
14:08:45 [DETECT] inference took 0.30s
14:08:46 [DETECT] inference took 0.31s
14:08:47 [DETECT] inference took 0.36s
14:08:48 [DETECT] inference took 0.34s
14:08:49 [DETECT] inference took 0.30s
14:08:50 [DETECT] inference took 0.30s
14:08:51 [DETECT] inference took 0.28s
14:08:52 [DETECT] inference took 0.28s
14:08:53 [DETECT] inference took 0.30s
14:08:54 [DETECT] inference took 0.28s
14:08:55 [DETECT] inference took 0.30s
14:08:56 [DETECT] inference took 0.30s
14:08:57 [DETECT] inference took 0.31s
14:08:58 [DETECT] inference took 0.28s
14:08:59 [DETECT] inference took 0.20s
14:09:00 [DETECT] inference took 0.22s
14:09:01 [DETECT] inference took 0.22s
14:09:02 [DETECT] inference took 0.30s
14:09:03 [DETECT] inference took 0.31s
14:09:04 [DETECT] inference took 0.30s
14:09:05 [DETECT] inference took 0.28s
14:09:06 [DETECT] inference took 0.27s
14:09:07 [DETECT] inference took 0.27s
14:09:08 [DETECT] inference took 0.30s
14:09:09 [DETECT] inference took 0.33s
14:09:10 [DETECT] inference took 0.36s
14:09:11 [DETECT] inference took 0.33s
14:09:11 [DETECT] inference took 0.33s
14:09:12 [DETECT] inference took 0.20s
14:09:13 [DETECT] inference took 0.20s
14:09:14 [DETECT] inference took 0.20s
14:09:15 [DETECT] inference took 0.22s
14:09:16 [DETECT] inference took 0.20s
14:09:17 [DETECT] inference took 0.20s
14:09:18 [DETECT] inference took 0.22s
14:09:19 [DETECT] inference took 0.20s
14:09:20 [DETECT] inference took 0.22s
14:09:21 [DETECT] inference took 0.20s
14:09:22 [DETECT] inference took 0.20s
14:09:23 [DETECT] inference took 0.22s
14:09:24 [DETECT] inference took 0.20s
14:09:25 [DETECT] inference took 0.20s
14:09:26 [DETECT] inference took 0.22s
14:09:27 [DETECT] inference took 0.20s
14:09:28 [DETECT] inference took 0.20s
14:09:29 [DETECT] inference took 0.20s
14:09:30 [DETECT] inference took 0.20s
14:09:31 [DETECT] inference took 0.20s
14:09:32 [DETECT] inference took 0.22s
14:09:33 [DETECT] inference took 0.20s
14:09:34 [DETECT] inference took 0.20s
14:09:35 [DETECT] inference took 0.20s
14:09:36 [DETECT] inference took 0.22s
14:09:37 [DETECT] inference took 0.20s
14:09:38 [DETECT] inference took 0.20s
14:09:39 [DETECT] inference took 0.22s
14:09:40 [DETECT] inference took 0.20s
14:09:41 [DETECT] inference took 0.22s
14:09:42 [DETECT] inference took 0.20s
14:09:43 [DETECT] inference took 0.20s
14:09:44 [DETECT] inference took 0.20s
14:09:45 [DETECT] inference took 0.22s
14:09:46 [DETECT] inference took 0.20s
14:09:47 [DETECT] inference took 0.20s
14:09:48 [DETECT] inference took 0.20s
14:09:49 [DETECT] inference took 0.20s
14:09:50 [DETECT] inference took 0.22s
14:09:51 [DETECT] inference took 0.20s
14:09:52 [DETECT] inference took 0.22s
14:09:53 [DETECT] inference took 0.22s
14:09:54 [DETECT] inference took 0.20s
14:09:55 [DETECT] inference took 0.22s
14:09:56 [DETECT] inference took 0.27s
14:09:57 [DETECT] inference took 0.33s
14:09:58 [DETECT] inference took 0.38s
14:09:59 [DETECT] inference took 0.31s
14:10:00 [DETECT] inference took 0.31s
14:10:01 [DETECT] inference took 0.33s
14:10:02 [DETECT] inference took 0.31s
14:10:03 [DETECT] inference took 0.31s
14:10:04 [DETECT] inference took 0.31s
14:10:05 [DETECT] inference took 0.33s
14:10:06 [DETECT] inference took 0.28s
14:10:07 [DETECT] inference took 0.30s
14:10:08 [DETECT] inference took 0.31s
14:10:09 [DETECT] inference took 0.31s
14:10:10 [DETECT] inference took 0.31s
14:10:11 [DETECT] inference took 0.31s
14:10:12 [DETECT] inference took 0.31s
14:10:13 [DETECT] inference took 0.30s
14:10:14 [DETECT] inference took 0.30s
14:10:15 [DETECT] inference took 0.31s
14:10:16 [DETECT] inference took 0.31s
14:10:17 [DETECT] inference took 0.31s
14:10:18 [DETECT] inference took 0.33s
14:10:19 [DETECT] inference took 0.33s
14:10:19 [DETECT] inference took 0.38s
14:10:20 [DETECT] inference took 0.31s
14:10:20 [DETECT] inference took 0.36s
14:10:21 [DETECT] inference took 0.30s
14:10:21 [DETECT] inference took 0.39s
14:10:22 [DETECT] inference took 0.31s
14:10:22 [DETECT] inference took 0.34s
14:10:23 [DETECT] inference took 0.31s
14:10:23 [DETECT] inference took 0.31s
14:10:24 [DETECT] inference took 0.30s
14:10:24 [DETECT] inference took 0.34s
14:10:25 [DETECT] inference took 0.30s
14:10:25 [DETECT] inference took 0.34s
14:10:26 [DETECT] inference took 0.31s
14:10:26 [DETECT] inference took 0.33s
14:10:27 [DETECT] inference took 0.30s
14:10:27 [DETECT] inference took 0.33s
14:10:28 [DETECT] inference took 0.33s
14:10:28 [DETECT] inference took 0.33s
14:10:29 [DETECT] inference took 0.31s
14:10:29 [DETECT] inference took 0.33s
14:10:30 [DETECT] inference took 0.30s
14:10:30 [DETECT] inference took 0.36s
14:10:31 [DETECT] inference took 0.33s
14:10:31 [DETECT] inference took 0.36s
14:10:32 [DETECT] inference took 0.31s
14:10:32 [DETECT] inference took 0.34s
14:10:33 [DETECT] inference took 0.30s
14:10:33 [DETECT] inference took 0.33s
14:10:34 [DETECT] inference took 0.31s
14:10:34 [DETECT] inference took 0.34s
14:10:35 [DETECT] inference took 0.31s
14:10:35 [DETECT] inference took 0.33s
14:10:36 [DETECT] inference took 0.31s
14:10:36 [DETECT] inference took 0.34s
14:10:37 [DETECT] inference took 0.31s
14:10:37 [DETECT] inference took 0.34s
14:10:38 [DETECT] inference took 0.30s
14:10:38 [DETECT] inference took 0.34s
14:10:39 [DETECT] inference took 0.28s
14:10:39 [DETECT] inference took 0.34s
14:10:40 [DETECT] inference took 0.36s
14:10:41 [DETECT] inference took 0.31s
14:10:42 [DETECT] inference took 0.31s
14:10:42 [DETECT] inference took 0.25s
14:10:43 [DETECT] inference took 0.22s
14:10:43 [DETECT] inference took 0.25s
14:10:44 [DETECT] inference took 0.22s
14:10:44 [DETECT] inference took 0.23s
14:10:45 [DETECT] inference took 0.22s
14:10:45 [DETECT] inference took 0.25s
14:10:46 [DETECT] inference took 0.22s
14:10:46 [DETECT] inference took 0.25s
14:10:47 [DETECT] inference took 0.20s
14:10:47 [DETECT] inference took 0.25s
14:10:48 [DETECT] inference took 0.22s
14:10:48 [DETECT] inference took 0.25s
14:10:49 [DETECT] inference took 0.22s
14:10:49 [DETECT] inference took 0.25s
14:10:50 [DETECT] inference took 0.20s
14:10:50 [DETECT] inference took 0.27s
14:10:51 [DETECT] inference took 0.22s
14:10:51 [DETECT] inference took 0.25s
14:10:52 [DETECT] inference took 0.22s
14:10:52 [DETECT] inference took 0.25s
14:10:53 [DETECT] inference took 0.22s
14:10:53 [DETECT] inference took 0.25s
14:10:54 [DETECT] inference took 0.22s
14:10:54 [DETECT] inference took 0.25s
14:10:55 [DETECT] inference took 0.23s
14:10:55 [DETECT] inference took 0.24s
14:10:56 [DETECT] inference took 0.20s
14:10:57 [DETECT] inference took 0.22s
14:10:58 [DETECT] inference took 0.22s
14:10:59 [DETECT] inference took 0.22s
14:10:59 [DETECT] inference took 0.25s
14:11:00 [DETECT] inference took 0.20s
14:11:00 [DETECT] inference took 0.23s
14:11:01 [DETECT] inference took 0.22s
14:11:01 [DETECT] inference took 0.25s
14:11:02 [DETECT] inference took 0.22s
14:11:02 [DETECT] inference took 0.25s
14:11:03 [DETECT] inference took 0.26s
14:11:04 [DETECT] inference took 0.33s
14:11:05 [DETECT] inference took 0.34s
14:11:06 [DETECT] inference took 0.31s
14:11:07 [DETECT] inference took 0.34s
14:11:08 [DETECT] inference took 0.34s
14:11:09 [DETECT] inference took 0.31s
14:11:10 [DETECT] inference took 0.34s
14:11:11 [DETECT] inference took 0.33s
14:11:12 [DETECT] inference took 0.26s
14:11:13 [DETECT] inference took 0.33s
14:11:14 [DETECT] inference took 0.36s
14:11:15 [DETECT] inference took 0.31s
14:11:16 [DETECT] inference took 0.36s
14:11:17 [DETECT] inference took 0.33s
14:11:18 [DETECT] inference took 0.33s
14:11:19 [DETECT] inference took 0.33s
14:11:20 [DETECT] inference took 0.34s
14:11:21 [DETECT] inference took 0.36s
14:11:22 [DETECT] inference took 0.33s
14:11:23 [DETECT] inference took 0.33s
14:11:24 [DETECT] inference took 0.34s
14:11:25 [DETECT] inference took 0.36s
14:11:26 [DETECT] inference took 0.36s
14:11:27 [DETECT] inference took 0.38s
14:11:28 [DETECT] inference took 0.38s
14:11:29 [DETECT] inference took 0.36s
14:11:30 [DETECT] inference took 0.33s
14:11:31 [DETECT] inference took 0.38s
14:11:32 [DETECT] inference took 0.22s
14:11:33 [DETECT] inference took 0.22s
14:11:34 [DETECT] inference took 0.22s
14:11:35 [DETECT] inference took 0.20s
14:11:36 [DETECT] inference took 0.22s
14:11:37 [DETECT] inference took 0.22s
14:11:38 [DETECT] inference took 0.22s
14:11:39 [DETECT] inference took 0.22s
14:11:40 [DETECT] inference took 0.22s
14:11:41 [DETECT] inference took 0.20s
14:11:42 [DETECT] inference took 0.22s
14:11:43 [DETECT] inference took 0.20s
14:11:44 [DETECT] inference took 0.22s
14:11:45 [DETECT] inference took 0.22s
14:11:46 [DETECT] inference took 0.22s
14:11:47 [DETECT] inference took 0.22s
14:11:48 [DETECT] inference took 0.22s
14:11:49 [DETECT] inference took 0.36s
14:11:50 [DETECT] inference took 0.34s
14:11:51 [DETECT] inference took 0.33s
14:11:52 [DETECT] inference took 0.33s
14:11:53 [DETECT] inference took 0.30s
14:11:54 [DETECT] inference took 0.34s
14:11:55 [DETECT] inference took 0.33s
14:11:56 [DETECT] inference took 0.33s
14:11:57 [DETECT] inference took 0.33s
14:11:58 [DETECT] inference took 0.31s
14:11:59 [DETECT] inference took 0.31s
14:12:00 [DETECT] inference took 0.30s
14:12:01 [DETECT] inference took 0.31s
14:12:02 [DETECT] inference took 0.30s
14:12:03 [DETECT] inference took 0.33s
14:12:04 [DETECT] inference took 0.30s
14:12:05 [DETECT] inference took 0.30s
14:12:06 [DETECT] inference took 0.31s
14:12:07 [DETECT] inference took 0.30s
14:12:08 [DETECT] inference took 0.36s
14:12:09 [DETECT] inference took 0.36s
14:12:10 [DETECT] inference took 0.38s
14:12:11 [DETECT] inference took 0.36s
14:12:12 [DETECT] inference took 0.38s
14:12:13 [DETECT] inference took 0.36s
14:12:14 [DETECT] inference took 0.34s
14:12:15 [DETECT] inference took 0.34s
14:12:16 [DETECT] inference took 0.31s
14:12:17 [DETECT] inference took 0.34s
14:12:18 [DETECT] inference took 0.34s
14:12:19 [DETECT] inference took 0.34s
14:12:20 [DETECT] inference took 0.22s
14:12:21 [DETECT] inference took 0.22s
14:12:22 [DETECT] inference took 0.22s
14:12:23 [DETECT] inference took 0.20s
14:12:24 [DETECT] inference took 0.22s
14:12:25 [DETECT] inference took 0.20s
14:12:26 [DETECT] inference took 0.34s
14:12:27 [DETECT] inference took 0.38s
14:12:28 [DETECT] inference took 0.36s
14:12:29 [DETECT] inference took 0.36s
14:12:30 [DETECT] inference took 0.36s
14:12:31 [DETECT] inference took 0.22s
14:12:32 [DETECT] inference took 0.20s
14:12:33 [DETECT] inference took 0.20s
14:12:34 [DETECT] inference took 0.22s
14:12:35 [DETECT] inference took 0.22s
14:12:36 [DETECT] inference took 0.30s
14:12:37 [DETECT] inference took 0.30s
14:12:38 [DETECT] inference took 0.30s
14:12:38 [DETECT] inference took 0.36s
14:12:39 [DETECT] inference took 0.28s
14:12:40 [DETECT] inference took 0.28s
14:12:40 [DETECT] inference took 0.25s
14:12:41 [DETECT] inference took 0.22s
14:12:41 [DETECT] inference took 0.25s
14:12:42 [DETECT] inference took 0.22s
14:12:42 [DETECT] inference took 0.25s
14:12:43 [DETECT] inference took 0.20s
14:12:43 [DETECT] inference took 0.25s
14:12:44 [DETECT] inference took 0.20s
14:12:44 [DETECT] inference took 0.25s
14:12:45 [DETECT] inference took 0.20s
14:12:45 [DETECT] inference took 0.25s
14:12:46 [DETECT] inference took 0.22s
14:12:46 [DETECT] inference took 0.25s
14:12:47 [DETECT] inference took 0.20s
14:12:48 [DETECT] inference took 0.22s
14:12:48 [DETECT] inference took 0.23s
14:12:49 [DETECT] inference took 0.22s
14:12:49 [DETECT] inference took 0.23s
14:12:50 [DETECT] inference took 0.20s
14:12:51 [DETECT] inference took 0.22s
14:12:52 [DETECT] inference took 0.20s
14:12:52 [DETECT] inference took 0.25s
14:12:53 [DETECT] inference took 0.20s
14:12:53 [DETECT] inference took 0.25s
14:12:54 [DETECT] inference took 0.22s
14:12:54 [DETECT] inference took 0.25s
14:12:55 [DETECT] inference took 0.22s
14:12:55 [DETECT] inference took 0.25s
14:12:56 [DETECT] inference took 0.33s
14:12:57 [DETECT] inference took 0.30s
14:12:58 [DETECT] inference took 0.31s
14:12:59 [DETECT] inference took 0.34s
14:13:00 [DETECT] inference took 0.31s
14:13:01 [DETECT] inference took 0.31s
14:13:02 [DETECT] inference took 0.34s
14:13:03 [DETECT] inference took 0.33s
14:13:04 [DETECT] inference took 0.31s
14:13:05 [DETECT] inference took 0.33s
14:13:06 [DETECT] inference took 0.34s
14:13:07 [DETECT] inference took 0.33s
14:13:08 [DETECT] inference took 0.33s
14:13:09 [DETECT] inference took 0.38s
14:13:10 [DETECT] inference took 0.33s
14:13:11 [DETECT] inference took 0.34s
14:13:12 [DETECT] inference took 0.34s
14:13:13 [DETECT] inference took 0.31s
14:13:14 [DETECT] inference took 0.33s
14:13:15 [DETECT] inference took 0.34s
14:13:16 [DETECT] inference took 0.36s
14:13:17 [DETECT] inference took 0.31s
14:13:18 [DETECT] inference took 0.31s
14:13:19 [DETECT] inference took 0.33s
14:13:20 [DETECT] inference took 0.31s
14:13:21 [DETECT] inference took 0.28s
14:13:22 [DETECT] inference took 0.28s
14:13:23 [DETECT] inference took 0.28s
14:13:24 [DETECT] inference took 0.30s
14:13:25 [DETECT] inference took 0.30s
14:13:26 [DETECT] inference took 0.28s
14:13:27 [DETECT] inference took 0.31s
14:13:28 [DETECT] inference took 0.28s
14:13:29 [DETECT] inference took 0.28s
14:13:30 [DETECT] inference took 0.28s
14:13:31 [DETECT] inference took 0.28s
14:13:32 [DETECT] inference took 0.28s
14:13:33 [DETECT] inference took 0.27s
14:13:34 [DETECT] inference took 0.28s
14:13:35 [DETECT] inference took 0.28s
14:13:36 [DETECT] inference took 0.28s
14:13:37 [DETECT] inference took 0.28s
14:13:38 [DETECT] inference took 0.38s
14:13:39 [DETECT] inference took 0.34s
14:13:40 [DETECT] inference took 0.22s
14:13:41 [DETECT] inference took 0.20s
14:13:42 [DETECT] inference took 0.20s
14:13:43 [DETECT] inference took 0.22s
14:13:44 [DETECT] inference took 0.22s
14:13:45 [DETECT] inference took 0.20s
14:13:46 [DETECT] inference took 0.20s
14:13:47 [DETECT] inference took 0.22s
14:13:48 [DETECT] inference took 0.22s
14:13:49 [DETECT] inference took 0.20s
14:13:50 [DETECT] inference took 0.22s
14:13:51 [DETECT] inference took 0.20s
14:13:52 [DETECT] inference took 0.20s
14:13:53 [DETECT] inference took 0.22s
14:13:54 [DETECT] inference took 0.22s
14:13:55 [DETECT] inference took 0.22s
14:13:56 [DETECT] inference took 0.20s
14:13:57 [DETECT] inference took 0.22s
14:13:58 [DETECT] inference took 0.20s
14:13:59 [DETECT] inference took 0.22s
14:14:00 [DETECT] inference took 0.22s
14:14:01 [DETECT] inference took 0.22s
14:14:02 [DETECT] inference took 0.22s
14:14:03 [DETECT] inference took 0.20s
14:14:04 [DETECT] inference took 0.20s
14:14:05 [DETECT] inference took 0.22s
14:14:06 [DETECT] inference took 0.20s
14:14:07 [DETECT] inference took 0.22s
14:14:08 [DETECT] inference took 0.20s
14:14:09 [DETECT] inference took 0.20s
14:14:10 [DETECT] inference took 0.20s
14:14:11 [DETECT] inference took 0.20s
14:14:12 [DETECT] inference took 0.22s
14:14:13 [DETECT] inference took 0.20s
14:14:14 [DETECT] inference took 0.20s
14:14:15 [DETECT] inference took 0.20s
14:14:16 [DETECT] inference took 0.20s
14:14:17 [DETECT] inference took 0.22s
14:14:18 [DETECT] inference took 0.20s
14:14:19 [DETECT] inference took 0.20s
14:14:20 [DETECT] inference took 0.22s
14:14:21 [DETECT] inference took 0.22s
14:14:22 [DETECT] inference took 0.20s
14:14:23 [DETECT] inference took 0.22s
14:14:24 [DETECT] inference took 0.22s
14:14:25 [DETECT] inference took 0.20s
14:14:26 [DETECT] inference took 0.20s
14:14:27 [DETECT] inference took 0.22s
14:14:28 [DETECT] inference took 0.22s
14:14:29 [DETECT] inference took 0.20s
14:14:30 [DETECT] inference took 0.22s
14:14:31 [DETECT] inference took 0.20s
14:14:32 [DETECT] inference took 0.20s
14:14:33 [DETECT] inference took 0.20s
14:14:34 [DETECT] inference took 0.22s
14:14:35 [DETECT] inference took 0.20s
14:14:36 [DETECT] inference took 0.22s
14:14:37 [DETECT] inference took 0.22s
14:14:38 [DETECT] inference took 0.20s
14:14:39 [DETECT] inference took 0.20s
14:14:40 [DETECT] inference took 0.20s
14:14:41 [DETECT] inference took 0.22s
14:14:42 [DETECT] inference took 0.22s
14:14:43 [DETECT] inference took 0.20s
14:14:44 [DETECT] inference took 0.20s
14:14:45 [DETECT] inference took 0.20s
14:14:46 [DETECT] inference took 0.20s
14:14:47 [DETECT] inference took 0.22s
14:14:48 [DETECT] inference took 0.20s
14:14:49 [DETECT] inference took 0.22s
14:14:50 [DETECT] inference took 0.22s
14:14:51 [DETECT] inference took 0.20s
14:14:52 [DETECT] inference took 0.20s
14:14:53 [DETECT] inference took 0.22s
14:14:54 [DETECT] inference took 0.20s
14:14:55 [DETECT] inference took 0.22s
14:14:56 [DETECT] inference took 0.20s
14:14:57 [DETECT] inference took 0.20s
14:14:58 [DETECT] inference took 0.22s
14:14:59 [DETECT] inference took 0.20s
14:15:00 [DETECT] inference took 0.22s
14:15:01 [DETECT] inference took 0.22s
14:15:02 [DETECT] inference took 0.20s
14:15:03 [DETECT] inference took 0.22s
14:15:04 [DETECT] inference took 0.20s
14:15:05 [DETECT] inference took 0.20s
14:15:06 [DETECT] inference took 0.22s
14:15:07 [DETECT] inference took 0.20s
14:15:08 [DETECT] inference took 0.20s
14:15:09 [DETECT] inference took 0.22s
14:15:10 [DETECT] inference took 0.22s
14:15:11 [DETECT] inference took 0.20s
14:15:12 [DETECT] inference took 0.20s
14:15:13 [DETECT] inference took 0.22s
14:15:14 [DETECT] inference took 0.20s
14:15:15 [DETECT] inference took 0.20s
14:15:16 [DETECT] inference took 0.20s
14:15:17 [DETECT] inference took 0.22s
14:15:18 [DETECT] inference took 0.20s
14:15:19 [DETECT] inference took 0.20s
14:15:20 [DETECT] inference took 0.22s
14:15:21 [DETECT] inference took 0.20s
14:15:22 [DETECT] inference took 0.20s
14:15:23 [DETECT] inference took 0.22s
14:15:24 [DETECT] inference took 0.20s
14:15:25 [DETECT] inference took 0.20s
14:15:26 [DETECT] inference took 0.22s
14:15:27 [DETECT] inference took 0.22s
14:15:28 [DETECT] inference took 0.20s
14:15:29 [DETECT] inference took 0.20s
14:15:30 [DETECT] inference took 0.20s
14:15:31 [DETECT] inference took 0.22s
14:15:32 [DETECT] inference took 0.20s
14:15:33 [DETECT] inference took 0.27s
14:15:34 [DETECT] inference took 0.30s
14:15:35 [DETECT] inference took 0.28s
14:15:36 [DETECT] inference took 0.28s
14:15:37 [DETECT] inference took 0.31s
14:15:38 [DETECT] inference took 0.28s
14:15:39 [DETECT] inference took 0.28s
14:15:40 [DETECT] inference took 0.30s
14:15:41 [DETECT] inference took 0.28s
14:15:42 [DETECT] inference took 0.28s
14:15:43 [DETECT] inference took 0.30s
14:15:44 [DETECT] inference took 0.28s
14:15:45 [DETECT] inference took 0.30s
14:15:46 [DETECT] inference took 0.30s
14:15:47 [DETECT] inference took 0.31s
14:15:48 [DETECT] inference took 0.31s
14:15:49 [DETECT] inference took 0.28s
14:15:50 [DETECT] inference took 0.31s
14:15:51 [DETECT] inference took 0.30s
14:15:52 [DETECT] inference took 0.28s
14:15:53 [DETECT] inference took 0.33s
14:15:54 [DETECT] inference took 0.31s
14:15:55 [DETECT] inference took 0.30s
14:15:56 [DETECT] inference took 0.31s
14:15:57 [DETECT] inference took 0.31s
14:15:58 [DETECT] inference took 0.22s
14:15:59 [DETECT] inference took 0.20s
14:16:00 [DETECT] inference took 0.22s
14:16:01 [DETECT] inference took 0.20s
14:16:02 [DETECT] inference took 0.22s
14:16:03 [DETECT] inference took 0.20s
14:16:04 [DETECT] inference took 0.22s
14:16:05 [DETECT] inference took 0.22s
14:16:06 [DETECT] inference took 0.20s
14:16:07 [DETECT] inference took 0.22s
14:16:08 [DETECT] inference took 0.20s
14:16:09 [DETECT] inference took 0.22s
14:16:10 [DETECT] inference took 0.22s
14:16:11 [DETECT] inference took 0.22s
14:16:12 [DETECT] inference took 0.20s
14:16:13 [DETECT] inference took 0.20s
14:16:14 [DETECT] inference took 0.22s
14:16:15 [DETECT] inference took 0.20s
14:16:16 [DETECT] inference took 0.22s
14:16:17 [DETECT] inference took 0.20s
14:16:18 [DETECT] inference took 0.28s
14:16:19 [DETECT] inference took 0.31s
14:16:20 [DETECT] inference took 0.34s
14:16:21 [DETECT] inference took 0.31s
14:16:22 [DETECT] inference took 0.31s
14:16:23 [DETECT] inference took 0.30s
14:16:24 [DETECT] inference took 0.28s
14:16:25 [DETECT] inference took 0.28s
14:16:26 [DETECT] inference took 0.30s
14:16:27 [DETECT] inference took 0.31s
14:16:28 [DETECT] inference took 0.28s
14:16:29 [DETECT] inference took 0.28s
14:16:30 [DETECT] inference took 0.26s
14:16:31 [DETECT] inference took 0.30s
14:16:32 [DETECT] inference took 0.30s
14:16:33 [DETECT] inference took 0.30s
14:16:34 [DETECT] inference took 0.28s
14:16:35 [DETECT] inference took 0.26s
14:16:36 [DETECT] inference took 0.30s
14:16:37 [DETECT] inference took 0.30s
14:16:38 [DETECT] inference took 0.33s
14:16:39 [DETECT] inference took 0.31s
14:16:40 [DETECT] inference took 0.31s
14:16:41 [DETECT] inference took 0.31s
14:16:42 [DETECT] inference took 0.30s
14:16:43 [DETECT] inference took 0.28s
14:16:44 [DETECT] inference took 0.30s
14:16:45 [DETECT] inference took 0.31s
14:16:46 [DETECT] inference took 0.28s
14:16:47 [DETECT] inference took 0.28s
14:16:48 [DETECT] inference took 0.30s
14:16:49 [DETECT] inference took 0.30s
14:16:50 [DETECT] inference took 0.28s
14:16:51 [DETECT] inference took 0.28s
14:16:52 [DETECT] inference took 0.31s
14:16:53 [DETECT] inference took 0.33s
14:16:54 [DETECT] inference took 0.31s
14:16:55 [DETECT] inference took 0.30s
14:16:56 [DETECT] inference took 0.28s
14:16:57 [DETECT] inference took 0.28s
14:16:58 [DETECT] inference took 0.33s
14:16:59 [DETECT] inference took 0.31s
14:17:00 [DETECT] inference took 0.36s
14:17:01 [DETECT] inference took 0.31s
14:17:02 [DETECT] inference took 0.30s
14:17:03 [DETECT] inference took 0.30s
14:17:04 [DETECT] inference took 0.30s
14:17:05 [DETECT] inference took 0.30s
14:17:06 [DETECT] inference took 0.30s
14:17:07 [DETECT] inference took 0.28s
14:17:08 [DETECT] inference took 0.28s
14:17:09 [DETECT] inference took 0.28s
14:17:10 [DETECT] inference took 0.31s
14:17:11 [DETECT] inference took 0.20s
14:17:12 [DETECT] inference took 0.22s
14:17:13 [DETECT] inference took 0.22s
14:17:14 [DETECT] inference took 0.20s
14:17:15 [DETECT] inference took 0.28s
14:17:16 [DETECT] inference took 0.28s
14:17:17 [DETECT] inference took 0.28s
14:17:18 [DETECT] inference took 0.27s
14:17:19 [DETECT] inference took 0.27s
14:17:20 [DETECT] inference took 0.28s
14:17:21 [DETECT] inference took 0.30s
14:17:22 [DETECT] inference took 0.33s
14:17:23 [DETECT] inference took 0.34s
14:17:24 [DETECT] inference took 0.28s
14:17:25 [DETECT] inference took 0.22s
14:17:25 [DETECT] inference took 0.25s
14:17:26 [DETECT] inference took 0.24s
14:17:26 [DETECT] inference took 0.23s
14:17:27 [DETECT] inference took 0.22s
14:17:28 [DETECT] inference took 0.22s
14:17:29 [DETECT] inference took 0.24s
14:17:30 [DETECT] inference took 0.22s
14:17:31 [DETECT] inference took 0.24s
14:17:32 [DETECT] inference took 0.20s
14:17:33 [DETECT] inference took 0.22s
14:17:34 [DETECT] inference took 0.22s
14:17:35 [DETECT] inference took 0.22s
14:17:36 [DETECT] inference took 0.22s
14:17:37 [DETECT] inference took 0.22s
14:17:38 [DETECT] inference took 0.22s
14:17:39 [DETECT] inference took 0.28s
14:17:40 [DETECT] inference took 0.28s
14:17:41 [DETECT] inference took 0.31s
14:17:42 [DETECT] inference took 0.28s
14:17:43 [DETECT] inference took 0.27s
14:17:44 [DETECT] inference took 0.25s
14:17:45 [DETECT] inference took 0.23s
14:17:46 [DETECT] inference took 0.20s
14:17:47 [DETECT] inference took 0.22s
14:17:48 [DETECT] inference took 0.23s
14:17:49 [DETECT] inference took 0.22s
14:17:50 [DETECT] inference took 0.22s
14:17:51 [DETECT] inference took 0.22s
14:17:52 [DETECT] inference took 0.22s
14:17:53 [DETECT] inference took 0.22s
14:17:54 [DETECT] inference took 0.22s
14:17:55 [DETECT] inference took 0.22s
14:17:56 [DETECT] inference took 0.22s
14:17:57 [DETECT] inference took 0.20s
14:17:58 [DETECT] inference took 0.22s
14:17:59 [DETECT] inference took 0.22s
14:18:00 [DETECT] inference took 0.20s
14:18:01 [DETECT] inference took 0.22s
14:18:02 [DETECT] inference took 0.22s
14:18:03 [DETECT] inference took 0.22s
14:18:04 [DETECT] inference took 0.22s
14:18:05 [DETECT] inference took 0.22s
14:18:06 [DETECT] inference took 0.20s
14:18:07 [DETECT] inference took 0.22s
14:18:08 [DETECT] inference took 0.22s
14:18:09 [DETECT] inference took 0.22s
14:18:10 [DETECT] inference took 0.33s
14:18:11 [DETECT] inference took 0.34s
14:18:12 [DETECT] inference took 0.33s
14:18:13 [DETECT] inference took 0.30s
14:18:14 [DETECT] inference took 0.38s
14:18:15 [DETECT] inference took 0.31s
14:18:16 [DETECT] inference took 0.34s
14:18:17 [DETECT] inference took 0.30s
14:18:18 [DETECT] inference took 0.33s
14:18:19 [DETECT] inference took 0.30s
14:18:20 [DETECT] inference took 0.30s
14:18:21 [DETECT] inference took 0.31s
14:18:22 [DETECT] inference took 0.30s
14:18:23 [DETECT] inference took 0.31s
14:18:24 [DETECT] inference took 0.33s
14:18:25 [DETECT] inference took 0.33s
14:18:26 [DETECT] inference took 0.31s
14:18:27 [DETECT] inference took 0.30s
14:18:28 [DETECT] inference took 0.34s
14:18:29 [DETECT] inference took 0.31s
14:18:30 [DETECT] inference took 0.38s
14:18:31 [DETECT] inference took 0.34s
14:18:32 [DETECT] inference took 0.39s
14:18:32 [DETECT] inference took 0.34s
14:18:33 [DETECT] inference took 0.34s
14:18:33 [DETECT] inference took 0.30s
14:18:34 [DETECT] inference took 0.33s
14:18:34 [DETECT] inference took 0.33s
14:18:35 [DETECT] inference took 0.28s
14:18:35 [DETECT] inference took 0.26s
14:18:36 [DETECT] inference took 0.34s
14:18:36 [DETECT] inference took 0.26s
14:18:37 [DETECT] inference took 0.34s
14:18:37 [DETECT] inference took 0.30s
14:18:38 [DETECT] inference took 0.34s
14:18:38 [DETECT] inference took 0.31s
14:18:39 [DETECT] inference took 0.34s
14:18:39 [DETECT] inference took 0.34s
14:18:40 [DETECT] inference took 0.33s
14:18:40 [DETECT] inference took 0.33s
14:18:41 [DETECT] inference took 0.34s
14:18:41 [DETECT] inference took 0.30s
14:18:42 [DETECT] inference took 0.34s
14:18:42 [DETECT] inference took 0.31s
14:18:43 [DETECT] inference took 0.34s
14:18:43 [DETECT] inference took 0.31s
14:18:44 [DETECT] inference took 0.34s
14:18:44 [DETECT] inference took 0.31s
14:18:45 [DETECT] inference took 0.33s
14:18:45 [DETECT] inference took 0.31s
14:18:46 [DETECT] inference took 0.34s
14:18:46 [DETECT] inference took 0.30s
14:18:47 [DETECT] inference took 0.34s
14:18:47 [DETECT] inference took 0.33s
14:18:48 [DETECT] inference took 0.34s
14:18:48 [DETECT] inference took 0.30s
14:18:49 [DETECT] inference took 0.33s
14:18:49 [DETECT] inference took 0.34s
14:18:50 [DETECT] inference took 0.34s
14:18:50 [DETECT] inference took 0.33s
14:18:51 [DETECT] inference took 0.33s
14:18:51 [DETECT] inference took 0.31s
14:18:52 [DETECT] inference took 0.34s
14:18:52 [DETECT] inference took 0.39s
14:18:53 [DETECT] inference took 0.33s
14:18:54 [DETECT] inference took 0.36s
14:18:54 [DETECT] inference took 0.34s
14:18:55 [DETECT] inference took 0.34s
14:18:56 [DETECT] inference took 0.31s
14:18:57 [DETECT] inference took 0.34s
14:18:57 [DETECT] inference took 0.31s
14:18:58 [DETECT] inference took 0.34s
14:18:58 [DETECT] inference took 0.33s
14:18:59 [DETECT] inference took 0.31s
14:19:00 [DETECT] inference took 0.38s
14:19:00 [DETECT] inference took 0.31s
14:19:01 [DETECT] inference took 0.33s
14:19:02 [DETECT] inference took 0.28s
14:19:03 [DETECT] inference took 0.30s
14:19:04 [DETECT] inference took 0.31s
14:19:05 [DETECT] inference took 0.31s
14:19:06 [DETECT] inference took 0.34s
14:19:06 [DETECT] inference took 0.33s
14:19:07 [DETECT] inference took 0.31s
14:19:08 [DETECT] inference took 0.36s
14:19:08 [DETECT] inference took 0.30s
14:19:09 [DETECT] inference took 0.36s
14:19:09 [DETECT] inference took 0.33s
14:19:10 [DETECT] inference took 0.34s
14:19:10 [DETECT] inference took 0.31s
14:19:11 [DETECT] inference took 0.31s
14:19:12 [DETECT] inference took 0.33s
14:19:12 [DETECT] inference took 0.31s
14:19:14 [DETECT] inference took 0.39s
14:19:14 [DETECT] inference took 0.22s
14:19:15 [DETECT] inference took 0.31s
14:19:16 [DETECT] inference took 0.31s
14:19:17 [DETECT] inference took 0.34s
14:19:18 [DETECT] inference took 0.31s
14:19:19 [DETECT] inference took 0.33s
14:19:20 [DETECT] inference took 0.33s
14:19:21 [DETECT] inference took 0.33s
14:19:22 [DETECT] inference took 0.36s
14:19:23 [DETECT] inference took 0.34s
14:19:24 [DETECT] inference took 0.34s
14:19:25 [DETECT] inference took 0.36s
14:19:26 [DETECT] inference took 0.33s
14:19:27 [DETECT] inference took 0.36s
14:19:28 [DETECT] inference took 0.33s
14:19:29 [DETECT] inference took 0.33s
14:19:30 [DETECT] inference took 0.36s
14:19:31 [DETECT] inference took 0.36s
14:19:32 [DETECT] inference took 0.33s
14:19:33 [DETECT] inference took 0.33s
14:19:34 [DETECT] inference took 0.36s
14:19:36 [DETECT] inference took 0.41s
14:19:36 [DETECT] inference took 0.41s
14:19:37 [DETECT] inference took 0.39s
14:19:37 [DETECT] inference took 0.38s
14:19:38 [DETECT] inference took 0.38s
14:19:39 [DETECT] inference took 0.36s
14:19:40 [DETECT] inference took 0.22s
14:19:41 [DETECT] inference took 0.22s
14:19:42 [DETECT] inference took 0.22s
14:19:43 [DETECT] inference took 0.20s
14:19:44 [DETECT] inference took 0.22s
14:19:45 [DETECT] inference took 0.22s
14:19:46 [DETECT] inference took 0.22s
14:19:47 [DETECT] inference took 0.20s
14:19:48 [DETECT] inference took 0.22s
14:19:49 [DETECT] inference took 0.20s
14:19:50 [DETECT] inference took 0.22s
14:19:51 [DETECT] inference took 0.22s
14:19:52 [DETECT] inference took 0.22s
14:19:53 [DETECT] inference took 0.20s
14:19:54 [DETECT] inference took 0.22s
14:19:55 [DETECT] inference took 0.22s
14:19:56 [DETECT] inference took 0.22s
14:19:57 [DETECT] inference took 0.22s
14:19:58 [DETECT] inference took 0.22s
14:19:59 [DETECT] inference took 0.23s
14:20:00 [DETECT] inference took 0.34s
14:20:01 [DETECT] inference took 0.31s
14:20:03 [DETECT] inference took 0.34s
14:20:03 [DETECT] inference took 0.34s
14:20:04 [DETECT] inference took 0.34s
14:20:05 [DETECT] inference took 0.33s
14:20:06 [DETECT] inference took 0.31s
14:20:08 [DETECT] inference took 0.34s
14:20:08 [DETECT] inference took 0.33s
14:20:09 [DETECT] inference took 0.34s
14:20:11 [DETECT] inference took 0.34s
14:20:12 [DETECT] inference took 0.36s
14:20:12 [DETECT] inference took 0.34s
14:20:14 [DETECT] inference took 0.34s
14:20:14 [DETECT] inference took 0.30s
14:20:16 [DETECT] inference took 0.36s
14:20:17 [DETECT] inference took 0.34s
14:20:17 [DETECT] inference took 0.33s
14:20:19 [DETECT] inference took 0.36s
14:20:20 [DETECT] inference took 0.34s
14:20:21 [DETECT] inference took 0.39s
14:20:22 [DETECT] inference took 0.38s
14:20:23 [DETECT] inference took 0.38s
14:20:24 [DETECT] inference took 0.38s
14:20:25 [DETECT] inference took 0.36s
14:20:26 [DETECT] inference took 0.34s
14:20:27 [DETECT] inference took 0.33s
14:20:27 [DETECT] inference took 0.33s
14:20:29 [DETECT] inference took 0.36s
14:20:30 [DETECT] inference took 0.36s
14:20:31 [DETECT] inference took 0.34s
14:20:32 [DETECT] inference took 0.36s
14:20:33 [DETECT] inference took 0.34s
14:20:34 [DETECT] inference took 0.36s
14:20:35 [DETECT] inference took 0.38s
14:20:36 [DETECT] inference took 0.38s
14:20:37 [DETECT] inference took 0.36s
14:20:38 [DETECT] inference took 0.38s
14:20:39 [DETECT] inference took 0.38s
14:20:40 [DETECT] inference took 0.34s
14:20:41 [DETECT] inference took 0.34s
14:20:42 [DETECT] inference took 0.33s
14:20:43 [DETECT] inference took 0.41s
14:20:44 [DETECT] inference took 0.38s
14:20:44 [DETECT] inference took 0.22s
14:20:45 [DETECT] inference took 0.22s
14:20:46 [DETECT] inference took 0.22s
14:20:47 [DETECT] inference took 0.22s
14:20:48 [DETECT] inference took 0.20s
14:20:49 [DETECT] inference took 0.22s
14:20:50 [DETECT] inference took 0.25s
14:20:50 [DETECT] inference took 0.23s
14:20:51 [DETECT] inference took 0.25s
14:20:51 [DETECT] rejected drone candidate (confidence=0.40) -- overlaps a confidently-classified non-drone object
14:20:51 [DETECT] inference took 0.23s
14:20:52 [DETECT] inference took 0.23s
14:20:53 [DETECT] inference took 0.20s
14:20:54 [DETECT] inference took 0.23s
14:20:55 [DETECT] inference took 0.20s
14:20:56 [DETECT] inference took 0.22s
14:20:57 [DETECT] inference took 0.22s
14:20:58 [DETECT] inference took 0.22s
14:20:59 [DETECT] inference took 0.22s
14:21:00 [DETECT] inference took 0.22s
14:21:02 [DETECT] inference took 0.30s
14:21:03 [DETECT] inference took 0.30s
14:21:04 [DETECT] inference took 0.30s
14:21:05 [DETECT] inference took 0.30s
14:21:06 [DETECT] inference took 0.30s
14:21:06 [DETECT] inference took 0.22s
14:21:07 [DETECT] inference took 0.22s
14:21:09 [DETECT] inference took 0.38s
14:21:10 [DETECT] inference took 0.36s
14:21:11 [DETECT] inference took 0.36s
14:21:12 [DETECT] inference took 0.36s
14:21:13 [DETECT] inference took 0.33s
14:21:14 [DETECT] inference took 0.34s
14:21:15 [DETECT] inference took 0.38s
14:21:16 [DETECT] inference took 0.34s
14:21:17 [DETECT] inference took 0.34s
14:21:18 [DETECT] inference took 0.38s
14:21:19 [DETECT] inference took 0.36s
14:21:20 [DETECT] inference took 0.34s
14:21:21 [DETECT] inference took 0.31s
14:21:22 [DETECT] inference took 0.34s
14:21:23 [DETECT] inference took 0.36s
14:21:24 [DETECT] inference took 0.44s
14:21:25 [DETECT] inference took 0.33s
14:21:26 [DETECT] inference took 0.34s
14:21:27 [DETECT] inference took 0.38s
14:21:28 [DETECT] inference took 0.33s
14:21:29 [DETECT] inference took 0.38s
14:21:30 [DETECT] inference took 0.38s
14:21:31 [DETECT] inference took 0.31s
14:21:32 [DETECT] inference took 0.30s
14:21:33 [DETECT] inference took 0.28s
14:21:33 [DETECT] inference took 0.23s
14:21:34 [DETECT] inference took 0.22s
14:21:35 [DETECT] inference took 0.23s
14:21:36 [DETECT] inference took 0.22s
14:21:37 [DETECT] inference took 0.23s
14:21:38 [DETECT] inference took 0.22s
14:21:39 [DETECT] inference took 0.23s
14:21:40 [DETECT] inference took 0.23s
14:21:41 [DETECT] inference took 0.22s
14:21:42 [DETECT] inference took 0.22s
14:21:43 [DETECT] inference took 0.23s
14:21:44 [DETECT] inference took 0.22s
14:21:45 [DETECT] inference took 0.22s
14:21:46 [DETECT] inference took 0.23s
14:21:47 [DETECT] inference took 0.23s
14:21:48 [DETECT] inference took 0.22s
14:21:49 [DETECT] inference took 0.23s
14:21:50 [DETECT] inference took 0.22s
14:21:51 [DETECT] inference took 0.22s
14:21:52 [DETECT] inference took 0.23s
14:21:53 [DETECT] inference took 0.23s
14:21:54 [DETECT] inference took 0.23s
14:21:55 [DETECT] inference took 0.23s
14:21:56 [DETECT] inference took 0.24s
14:21:56 [DETECT] inference took 0.23s
14:21:57 [DETECT] inference took 0.22s
14:21:58 [DETECT] inference took 0.25s
14:21:59 [DETECT] inference took 0.23s
14:22:01 [DETECT] inference took 0.33s
14:22:01 [DETECT] inference took 0.23s
14:22:02 [DETECT] inference took 0.23s
14:22:03 [DETECT] inference took 0.22s
14:22:04 [DETECT] inference took 0.22s
14:22:05 [DETECT] inference took 0.23s
14:22:06 [DETECT] inference took 0.23s
14:22:07 [DETECT] inference took 0.22s
14:22:08 [DETECT] inference took 0.22s
14:22:09 [DETECT] inference took 0.22s
14:22:10 [DETECT] inference took 0.23s
14:22:11 [DETECT] inference took 0.22s
14:22:12 [DETECT] inference took 0.23s
14:22:13 [DETECT] inference took 0.23s
14:22:14 [DETECT] inference took 0.22s
14:22:15 [DETECT] inference took 0.22s
14:22:16 [DETECT] inference took 0.23s
14:22:17 [DETECT] inference took 0.22s
14:22:18 [DETECT] inference took 0.22s
14:22:19 [DETECT] inference took 0.24s
14:22:20 [DETECT] inference took 0.24s
14:22:21 [DETECT] inference took 0.22s
14:22:22 [DETECT] inference took 0.22s
14:22:23 [DETECT] inference took 0.22s
14:22:24 [DETECT] inference took 0.22s
14:22:25 [DETECT] inference took 0.22s
14:22:26 [DETECT] inference took 0.22s
14:22:27 [DETECT] inference took 0.22s
14:22:28 [DETECT] inference took 0.22s
14:22:29 [DETECT] inference took 0.22s
14:22:30 [DETECT] inference took 0.23s
14:22:31 [DETECT] inference took 0.23s
14:22:32 [DETECT] inference took 0.23s
14:22:33 [DETECT] inference took 0.22s
14:22:34 [DETECT] inference took 0.22s
14:22:36 [DETECT] inference took 0.23s
14:22:36 [DETECT] inference took 0.22s
14:22:37 [DETECT] inference took 0.22s
14:22:39 [DETECT] inference took 0.23s
14:22:39 [DETECT] inference took 0.22s
14:22:41 [DETECT] inference took 0.23s
14:22:41 [DETECT] inference took 0.23s
14:22:42 [DETECT] inference took 0.23s
14:22:43 [DETECT] inference took 0.23s
14:22:44 [DETECT] inference took 0.23s
14:22:45 [DETECT] inference took 0.22s
14:22:46 [DETECT] inference took 0.22s
14:22:47 [DETECT] inference took 0.22s
14:22:48 [DETECT] inference took 0.23s
14:22:49 [DETECT] inference took 0.22s
14:22:50 [DETECT] inference took 0.23s
14:22:51 [DETECT] inference took 0.22s
14:22:52 [DETECT] inference took 0.22s
14:22:53 [DETECT] inference took 0.23s
14:22:54 [DETECT] inference took 0.23s
14:22:55 [DETECT] inference took 0.23s
14:22:56 [DETECT] inference took 0.23s
14:22:57 [DETECT] inference took 0.22s
14:22:58 [DETECT] inference took 0.23s
14:22:59 [DETECT] inference took 0.23s
14:23:00 [DETECT] inference took 0.22s
14:23:01 [DETECT] inference took 0.23s
14:23:02 [DETECT] inference took 0.23s
14:23:03 [DETECT] inference took 0.23s
14:23:04 [DETECT] inference took 0.22s
14:23:05 [DETECT] inference took 0.23s
14:23:06 [DETECT] inference took 0.23s
14:23:07 [DETECT] inference took 0.22s
14:23:08 [DETECT] inference took 0.22s
14:23:09 [DETECT] inference took 0.22s
14:23:10 [DETECT] inference took 0.22s
14:23:11 [DETECT] inference took 0.22s
14:23:12 [DETECT] inference took 0.22s
14:23:13 [DETECT] inference took 0.23s
14:23:14 [DETECT] inference took 0.22s
14:23:15 [DETECT] inference took 0.23s
14:23:16 [DETECT] inference took 0.20s
14:23:17 [DETECT] inference took 0.23s
14:23:18 [DETECT] inference took 0.22s
14:23:19 [DETECT] inference took 0.22s
14:23:20 [DETECT] inference took 0.22s
14:23:21 [DETECT] inference took 0.23s
14:23:22 [DETECT] inference took 0.22s
14:23:23 [DETECT] inference took 0.22s
14:23:24 [DETECT] inference took 0.22s
14:23:25 [DETECT] inference took 0.22s
14:23:26 [DETECT] inference took 0.23s
14:23:27 [DETECT] inference took 0.23s
14:23:28 [DETECT] inference took 0.23s
14:23:29 [DETECT] inference took 0.22s
14:23:30 [DETECT] inference took 0.23s
14:23:31 [DETECT] inference took 0.22s
14:23:32 [DETECT] inference took 0.23s
14:23:33 [DETECT] inference took 0.22s
14:23:34 [DETECT] inference took 0.22s
14:23:35 [DETECT] inference took 0.22s
14:23:36 [DETECT] inference took 0.22s
14:23:37 [DETECT] inference took 0.22s
14:23:38 [DETECT] inference took 0.22s
14:23:39 [DETECT] inference took 0.22s
14:23:40 [DETECT] inference took 0.22s
14:23:41 [DETECT] inference took 0.22s
14:23:42 [DETECT] inference took 0.22s
14:23:43 [DETECT] inference took 0.20s
14:23:44 [DETECT] inference took 0.24s
14:23:45 [DETECT] inference took 0.22s
14:23:46 [DETECT] inference took 0.22s
14:23:47 [DETECT] inference took 0.28s
14:23:48 [DETECT] inference took 0.28s
14:23:49 [DETECT] inference took 0.28s
14:23:50 [DETECT] inference took 0.30s
14:23:51 [DETECT] inference took 0.28s
14:23:52 [DETECT] inference took 0.28s
14:23:53 [DETECT] inference took 0.30s
14:23:54 [DETECT] inference took 0.27s
14:23:55 [DETECT] inference took 0.31s
14:23:56 [DETECT] inference took 0.30s
14:23:57 [DETECT] inference took 0.26s
14:23:58 [DETECT] inference took 0.31s
14:23:59 [DETECT] inference took 0.30s
14:24:00 [DETECT] inference took 0.34s
14:24:01 [DETECT] inference took 0.30s
14:24:02 [DETECT] inference took 0.28s
14:24:03 [DETECT] inference took 0.30s
14:24:04 [DETECT] inference took 0.28s
14:24:05 [DETECT] inference took 0.30s
14:24:06 [DETECT] inference took 0.31s
14:24:07 [DETECT] inference took 0.30s
14:24:08 [DETECT] inference took 0.30s
14:24:09 [DETECT] inference took 0.33s
14:24:10 [DETECT] inference took 0.31s
14:24:11 [DETECT] inference took 0.22s
14:24:12 [DETECT] inference took 0.20s
14:24:13 [DETECT] inference took 0.20s
14:24:14 [DETECT] inference took 0.22s
14:24:15 [DETECT] inference took 0.22s
14:24:16 [DETECT] inference took 0.20s
14:24:17 [DETECT] inference took 0.20s
14:24:18 [DETECT] inference took 0.22s
14:24:19 [DETECT] inference took 0.20s
14:24:20 [DETECT] inference took 0.20s
14:24:21 [DETECT] inference took 0.20s
14:24:22 [DETECT] inference took 0.22s
14:24:23 [DETECT] inference took 0.20s
14:24:24 [DETECT] inference took 0.20s
14:24:25 [DETECT] inference took 0.22s
14:24:26 [DETECT] inference took 0.20s
14:24:27 [DETECT] inference took 0.20s
14:24:28 [DETECT] inference took 0.22s
14:24:29 [DETECT] inference took 0.20s
14:24:30 [DETECT] inference took 0.20s
14:24:31 [DETECT] inference took 0.22s
14:24:32 [DETECT] inference took 0.31s
14:24:33 [DETECT] inference took 0.31s
14:24:34 [DETECT] inference took 0.30s
14:24:35 [DETECT] inference took 0.30s
14:24:36 [DETECT] inference took 0.30s
14:24:37 [DETECT] inference took 0.28s
14:24:38 [DETECT] inference took 0.30s
14:24:39 [DETECT] inference took 0.28s
14:24:40 [DETECT] inference took 0.28s
14:24:41 [DETECT] inference took 0.28s
14:24:42 [DETECT] inference took 0.28s
14:24:43 [DETECT] inference took 0.28s
14:24:44 [DETECT] inference took 0.31s
14:24:45 [DETECT] inference took 0.31s
14:24:46 [DETECT] inference took 0.28s
14:24:47 [DETECT] inference took 0.27s
14:24:48 [DETECT] inference took 0.30s
14:24:49 [DETECT] inference took 0.28s
14:24:50 [DETECT] inference took 0.30s
14:24:51 [DETECT] inference took 0.36s
14:24:52 [DETECT] inference took 0.34s
14:24:53 [DETECT] inference took 0.30s
14:24:54 [DETECT] inference took 0.30s
14:24:55 [DETECT] inference took 0.31s
14:24:56 [DETECT] inference took 0.30s
14:24:57 [DETECT] inference took 0.28s
14:24:58 [DETECT] inference took 0.28s
14:24:59 [DETECT] inference took 0.30s
14:25:00 [DETECT] inference took 0.33s
14:25:01 [DETECT] inference took 0.30s
14:25:02 [DETECT] inference took 0.28s
14:25:03 [DETECT] inference took 0.30s
14:25:04 [DETECT] inference took 0.30s
14:25:05 [DETECT] inference took 0.30s
14:25:06 [DETECT] inference took 0.30s
14:25:07 [DETECT] inference took 0.31s
14:25:08 [DETECT] inference took 0.31s
14:25:09 [DETECT] inference took 0.30s
14:25:10 [DETECT] inference took 0.30s
14:25:11 [DETECT] inference took 0.28s
14:25:12 [DETECT] inference took 0.30s
14:25:13 [DETECT] inference took 0.36s
14:25:14 [DETECT] inference took 0.34s
14:25:15 [DETECT] inference took 0.28s
14:25:16 [DETECT] inference took 0.28s
14:25:17 [DETECT] inference took 0.27s
14:25:18 [DETECT] inference took 0.30s
14:25:19 [DETECT] inference took 0.30s
14:25:20 [DETECT] inference took 0.30s
14:25:21 [DETECT] inference took 0.22s
14:25:22 [DETECT] inference took 0.20s
14:25:23 [DETECT] inference took 0.22s
14:25:24 [DETECT] inference took 0.20s
14:25:25 [DETECT] inference took 0.22s
14:25:26 [DETECT] inference took 0.22s
14:25:27 [DETECT] inference took 0.20s
14:25:28 [DETECT] inference took 0.22s
14:25:29 [DETECT] inference took 0.22s
14:25:30 [DETECT] inference took 0.20s
14:25:31 [DETECT] inference took 0.22s
14:25:32 [DETECT] inference took 0.20s
14:25:33 [DETECT] inference took 0.22s
14:25:34 [DETECT] inference took 0.20s
14:25:35 [DETECT] inference took 0.20s
14:25:36 [DETECT] inference took 0.22s
14:25:37 [DETECT] inference took 0.20s
14:25:38 [DETECT] inference took 0.22s
14:25:39 [DETECT] inference took 0.22s
14:25:40 [DETECT] inference took 0.22s
14:25:41 [DETECT] inference took 0.20s
14:25:42 [DETECT] inference took 0.20s
14:25:43 [DETECT] inference took 0.20s
14:25:44 [DETECT] inference took 0.22s
14:25:45 [DETECT] inference took 0.20s
14:25:46 [DETECT] inference took 0.20s
14:25:47 [DETECT] inference took 0.22s
14:25:48 [DETECT] inference took 0.20s
14:25:49 [DETECT] inference took 0.20s
14:25:50 [DETECT] inference took 0.30s
14:25:51 [DETECT] inference took 0.31s
14:25:52 [DETECT] inference took 0.30s
14:25:53 [DETECT] inference took 0.28s
14:25:54 [DETECT] inference took 0.30s
14:25:55 [DETECT] inference took 0.22s
14:25:56 [DETECT] inference took 0.22s
14:25:57 [DETECT] inference took 0.22s
14:25:58 [DETECT] inference took 0.22s
14:25:59 [DETECT] inference took 0.22s
14:26:00 [DETECT] inference took 0.23s
14:26:01 [DETECT] inference took 0.22s
14:26:02 [DETECT] inference took 0.20s
14:26:03 [DETECT] inference took 0.20s
14:26:04 [DETECT] inference took 0.22s
14:26:05 [DETECT] inference took 0.20s
14:26:06 [DETECT] inference took 0.20s
14:26:07 [DETECT] inference took 0.22s
14:26:08 [DETECT] inference took 0.22s
14:26:09 [DETECT] inference took 0.20s
14:26:10 [DETECT] inference took 0.20s
14:26:11 [DETECT] inference took 0.20s
14:26:12 [DETECT] inference took 0.20s
14:26:13 [DETECT] inference took 0.20s
14:26:14 [DETECT] inference took 0.22s
14:26:15 [DETECT] inference took 0.22s
14:26:16 [DETECT] inference took 0.20s
14:26:17 [DETECT] inference took 0.20s
14:26:18 [DETECT] inference took 0.20s
14:26:19 [DETECT] inference took 0.22s
14:26:20 [DETECT] inference took 0.20s
14:26:21 [DETECT] inference took 0.20s
14:26:22 [DETECT] inference took 0.20s
14:26:23 [DETECT] inference took 0.30s
14:26:24 [DETECT] inference took 0.30s
14:26:25 [DETECT] inference took 0.31s
14:26:26 [DETECT] inference took 0.30s
14:26:27 [DETECT] inference took 0.33s
14:26:28 [DETECT] inference took 0.38s
14:26:29 [DETECT] inference took 0.36s
14:26:30 [DETECT] inference took 0.31s
14:26:31 [DETECT] inference took 0.33s
14:26:32 [DETECT] inference took 0.31s
14:26:33 [DETECT] inference took 0.30s
14:26:34 [DETECT] inference took 0.31s
14:26:35 [DETECT] inference took 0.31s
14:26:36 [DETECT] inference took 0.30s
14:26:37 [DETECT] inference took 0.31s
14:26:38 [DETECT] inference took 0.28s
14:26:39 [DETECT] inference took 0.30s
14:26:40 [DETECT] inference took 0.33s
14:26:41 [DETECT] inference took 0.34s
14:26:42 [DETECT] inference took 0.30s
14:26:43 [DETECT] inference took 0.38s
14:26:44 [DETECT] inference took 0.34s
14:26:44 [DETECT] inference took 0.38s
14:26:45 [DETECT] inference took 0.31s
14:26:45 [DETECT] inference took 0.36s
14:26:46 [DETECT] inference took 0.30s
14:26:46 [DETECT] inference took 0.36s
14:26:47 [DETECT] inference took 0.30s
14:26:47 [DETECT] inference took 0.36s
14:26:48 [DETECT] inference took 0.33s
14:26:48 [DETECT] inference took 0.34s
14:26:49 [DETECT] inference took 0.28s
14:26:49 [DETECT] inference took 0.36s
14:26:50 [DETECT] inference took 0.31s
14:26:50 [DETECT] inference took 0.34s
14:26:51 [DETECT] inference took 0.33s
14:26:51 [DETECT] inference took 0.34s
14:26:52 [DETECT] inference took 0.31s
14:26:52 [DETECT] inference took 0.34s
14:26:53 [DETECT] inference took 0.30s
14:26:53 [DETECT] inference took 0.34s
14:26:54 [DETECT] inference took 0.31s
14:26:54 [DETECT] inference took 0.34s
14:26:55 [DETECT] inference took 0.31s
14:26:55 [DETECT] inference took 0.36s
14:26:56 [DETECT] inference took 0.28s
14:26:56 [DETECT] inference took 0.36s
14:26:57 [DETECT] inference took 0.31s
14:26:57 [DETECT] inference took 0.34s
14:26:58 [DETECT] inference took 0.30s
14:26:58 [DETECT] inference took 0.34s
14:26:59 [DETECT] inference took 0.30s
14:26:59 [DETECT] inference took 0.36s
14:27:00 [DETECT] inference took 0.34s
14:27:00 [DETECT] inference took 0.34s
14:27:01 [DETECT] inference took 0.30s
14:27:01 [DETECT] inference took 0.36s
14:27:02 [DETECT] inference took 0.30s
14:27:02 [DETECT] inference took 0.34s
14:27:03 [DETECT] inference took 0.33s
14:27:03 [DETECT] inference took 0.34s
14:27:04 [DETECT] inference took 0.31s
14:27:04 [DETECT] inference took 0.39s
14:27:05 [DETECT] inference took 0.34s
14:27:05 [DETECT] inference took 0.44s
14:27:06 [DETECT] inference took 0.33s
14:27:06 [DETECT] inference took 0.38s
14:27:07 [DETECT] inference took 0.33s
14:27:07 [DETECT] inference took 0.38s
14:27:08 [DETECT] inference took 0.31s
14:27:08 [DETECT] inference took 0.36s
14:27:09 [DETECT] inference took 0.30s
14:27:09 [DETECT] inference took 0.34s
14:27:10 [DETECT] inference took 0.31s
14:27:11 [DETECT] inference took 0.22s
14:27:12 [DETECT] inference took 0.20s
14:27:13 [DETECT] inference took 0.22s
14:27:14 [DETECT] inference took 0.22s
14:27:15 [DETECT] inference took 0.20s
14:27:16 [DETECT] inference took 0.22s
14:27:16 [DETECT] inference took 0.23s
14:27:17 [DETECT] inference took 0.20s
14:27:17 [DETECT] inference took 0.23s
14:27:18 [DETECT] inference took 0.20s
14:27:18 [DETECT] inference took 0.25s
14:27:19 [DETECT] inference took 0.22s
14:27:19 [DETECT] inference took 0.23s
14:27:20 [DETECT] inference took 0.20s
14:27:21 [DETECT] inference took 0.22s
14:27:21 [DETECT] inference took 0.23s
14:27:22 [DETECT] inference took 0.22s
14:27:22 [DETECT] inference took 0.23s
14:27:23 [DETECT] inference took 0.20s
14:27:23 [DETECT] inference took 0.23s
14:27:24 [DETECT] inference took 0.20s
14:27:24 [DETECT] inference took 0.23s
14:27:25 [DETECT] inference took 0.22s
14:27:26 [DETECT] inference took 0.22s
14:27:26 [DETECT] inference took 0.23s
14:27:27 [DETECT] inference took 0.20s
14:27:28 [DETECT] inference took 0.33s
14:27:29 [DETECT] inference took 0.33s
14:27:30 [DETECT] inference took 0.33s
14:27:31 [DETECT] inference took 0.33s
14:27:32 [DETECT] inference took 0.33s
14:27:33 [DETECT] inference took 0.36s
14:27:34 [DETECT] inference took 0.33s
14:27:35 [DETECT] inference took 0.34s
14:27:36 [DETECT] inference took 0.31s
14:27:37 [DETECT] inference took 0.33s
14:27:38 [DETECT] inference took 0.34s
14:27:39 [DETECT] inference took 0.31s
14:27:40 [DETECT] inference took 0.34s
14:27:41 [DETECT] inference took 0.33s
14:27:42 [DETECT] inference took 0.33s
14:27:43 [DETECT] inference took 0.33s
14:27:44 [DETECT] inference took 0.33s
14:27:45 [DETECT] inference took 0.31s
14:27:46 [DETECT] inference took 0.33s
14:27:47 [DETECT] inference took 0.33s
14:27:48 [DETECT] inference took 0.39s
14:27:48 [DETECT] inference took 0.41s
14:27:49 [DETECT] inference took 0.39s
14:27:50 [DETECT] inference took 0.36s
14:27:50 [DETECT] inference took 0.39s
14:27:51 [DETECT] inference took 0.36s
14:27:52 [DETECT] inference took 0.38s
14:27:53 [DETECT] inference took 0.36s
14:27:54 [DETECT] inference took 0.31s
14:27:55 [DETECT] inference took 0.33s
14:27:56 [DETECT] inference took 0.22s
14:27:56 [DETECT] inference took 0.25s
14:27:57 [DETECT] inference took 0.22s
14:27:57 [DETECT] inference took 0.25s
14:27:58 [DETECT] inference took 0.22s
14:27:59 [DETECT] inference took 0.22s
14:28:00 [DETECT] inference took 0.20s
14:28:00 [DETECT] inference took 0.27s
14:28:01 [DETECT] inference took 0.22s
14:28:01 [DETECT] inference took 0.25s
14:28:02 [DETECT] inference took 0.22s
14:28:02 [DETECT] inference took 0.27s
14:28:03 [DETECT] inference took 0.22s
14:28:03 [DETECT] inference took 0.25s
14:28:04 [DETECT] inference took 0.22s
14:28:04 [DETECT] inference took 0.25s
14:28:05 [DETECT] inference took 0.20s
14:28:05 [DETECT] inference took 0.27s
14:28:06 [DETECT] inference took 0.20s
14:28:06 [DETECT] inference took 0.25s
14:28:07 [DETECT] inference took 0.20s
14:28:07 [DETECT] inference took 0.25s
14:28:08 [DETECT] inference took 0.20s
14:28:08 [DETECT] inference took 0.25s
14:28:09 [DETECT] inference took 0.22s
14:28:09 [DETECT] inference took 0.23s
14:28:10 [DETECT] inference took 0.22s
14:28:10 [DETECT] inference took 0.25s
14:28:11 [DETECT] inference took 0.20s
14:28:11 [DETECT] inference took 0.25s
14:28:12 [DETECT] inference took 0.22s
14:28:13 [DETECT] inference took 0.33s
14:28:14 [DETECT] inference took 0.36s
14:28:15 [DETECT] inference took 0.31s
14:28:16 [DETECT] inference took 0.33s
14:28:17 [DETECT] inference took 0.31s
14:28:18 [DETECT] inference took 0.33s
14:28:19 [DETECT] inference took 0.31s
14:28:20 [DETECT] inference took 0.36s
14:28:21 [DETECT] inference took 0.31s
14:28:22 [DETECT] inference took 0.36s
14:28:23 [DETECT] inference took 0.31s
14:28:24 [DETECT] inference took 0.33s
14:28:25 [DETECT] inference took 0.31s
14:28:26 [DETECT] inference took 0.31s
14:28:27 [DETECT] inference took 0.33s
14:28:28 [DETECT] inference took 0.34s
14:28:29 [DETECT] inference took 0.31s
14:28:30 [DETECT] inference took 0.34s
14:28:31 [DETECT] inference took 0.33s
14:28:32 [DETECT] inference took 0.34s
14:28:33 [DETECT] inference took 0.34s
14:28:34 [DETECT] inference took 0.44s
14:28:34 [DETECT] inference took 0.33s
14:28:35 [DETECT] inference took 0.31s
14:28:36 [DETECT] inference took 0.36s
14:28:37 [DETECT] inference took 0.38s
14:28:38 [DETECT] inference took 0.33s
14:28:39 [DETECT] inference took 0.34s
14:28:40 [DETECT] inference took 0.34s
14:28:41 [DETECT] inference took 0.34s
14:28:42 [DETECT] inference took 0.38s
14:28:43 [DETECT] inference took 0.36s
14:28:44 [DETECT] inference took 0.36s
14:28:45 [DETECT] inference took 0.33s
14:28:46 [DETECT] inference took 0.36s
14:28:47 [DETECT] inference took 0.34s
14:28:48 [DETECT] inference took 0.38s
14:28:49 [DETECT] inference took 0.34s
14:28:50 [DETECT] inference took 0.33s
14:28:51 [DETECT] inference took 0.36s
14:28:52 [DETECT] inference took 0.36s
14:28:53 [DETECT] inference took 0.33s
14:28:54 [DETECT] inference took 0.33s
14:28:55 [DETECT] inference took 0.34s
14:28:56 [DETECT] inference took 0.39s
14:28:57 [DETECT] inference took 0.33s
14:28:58 [DETECT] inference took 0.44s
14:28:58 [DETECT] inference took 0.33s
14:28:58 [DETECT] inference took 0.38s
14:28:59 [DETECT] rejected drone candidate (confidence=0.41) -- overlaps a confidently-classified non-drone object
14:28:59 [DETECT] inference took 0.30s
14:28:59 [DETECT] inference took 0.24s
14:28:59 [DETECT] rejected drone candidate (confidence=0.35) -- same region was rejected moments ago (memory)
14:29:00 [DETECT] inference took 0.31s
14:29:01 [DETECT] inference took 0.28s
14:29:02 [DETECT] inference took 0.28s
14:29:03 [DETECT] inference took 0.30s
14:29:04 [DETECT] inference took 0.30s
14:29:04 [DETECT] inference took 0.33s
14:29:05 [DETECT] inference took 0.22s
14:29:06 [DETECT] inference took 0.20s
14:29:07 [DETECT] inference took 0.22s
14:29:08 [DETECT] inference took 0.20s
14:29:09 [DETECT] inference took 0.22s
14:29:10 [DETECT] inference took 0.20s
14:29:11 [DETECT] inference took 0.22s
14:29:12 [DETECT] inference took 0.22s
14:29:13 [DETECT] inference took 0.22s
14:29:14 [DETECT] inference took 0.20s
14:29:15 [DETECT] inference took 0.22s
14:29:16 [DETECT] inference took 0.20s
14:29:17 [DETECT] inference took 0.22s
14:29:18 [DETECT] inference took 0.20s
14:29:19 [DETECT] inference took 0.20s
14:29:20 [DETECT] inference took 0.34s
14:29:21 [DETECT] inference took 0.33s
14:29:22 [DETECT] inference took 0.33s
14:29:23 [DETECT] inference took 0.31s
14:29:24 [DETECT] inference took 0.36s
14:29:25 [DETECT] inference took 0.34s
14:29:26 [DETECT] inference took 0.34s
14:29:27 [DETECT] inference took 0.34s
14:29:28 [DETECT] inference took 0.34s
14:29:29 [DETECT] inference took 0.31s
14:29:30 [DETECT] inference took 0.36s
14:29:31 [DETECT] inference took 0.33s
14:29:32 [DETECT] inference took 0.33s
14:29:33 [DETECT] inference took 0.34s
14:29:34 [DETECT] inference took 0.33s
14:29:35 [DETECT] inference took 0.34s
14:29:36 [DETECT] inference took 0.36s
14:29:37 [DETECT] inference took 0.34s
14:29:38 [DETECT] inference took 0.33s
14:29:39 [DETECT] inference took 0.31s
14:29:40 [DETECT] inference took 0.36s
14:29:41 [DETECT] inference took 0.33s
14:29:42 [DETECT] inference took 0.42s
14:29:42 [DETECT] inference took 0.33s
14:29:43 [DETECT] inference took 0.31s
14:29:44 [DETECT] inference took 0.28s
14:29:45 [DETECT] inference took 0.28s
14:29:46 [DETECT] inference took 0.28s
14:29:47 [DETECT] inference took 0.28s
14:29:48 [DETECT] inference took 0.20s
14:29:49 [DETECT] inference took 0.28s
14:29:50 [DETECT] inference took 0.28s
14:29:51 [DETECT] inference took 0.26s
14:29:52 [DETECT] inference took 0.28s
14:29:53 [DETECT] inference took 0.30s
14:29:54 [DETECT] inference took 0.30s
14:29:55 [DETECT] inference took 0.28s
14:29:56 [DETECT] inference took 0.22s
14:29:57 [DETECT] inference took 0.25s
14:29:58 [DETECT] inference took 0.22s
14:29:59 [DETECT] inference took 0.20s
14:30:00 [DETECT] inference took 0.22s
14:30:01 [DETECT] inference took 0.20s
14:30:02 [DETECT] inference took 0.30s
14:30:03 [DETECT] inference took 0.38s
14:30:04 [DETECT] inference took 0.36s
14:30:05 [DETECT] inference took 0.42s
14:30:05 [DETECT] inference took 0.31s
14:30:06 [DETECT] inference took 0.30s
14:30:07 [DETECT] inference took 0.28s
14:30:08 [DETECT] inference took 0.20s
14:30:09 [DETECT] inference took 0.22s
14:30:10 [DETECT] inference took 0.20s
14:30:11 [DETECT] inference took 0.20s
14:30:12 [DETECT] inference took 0.22s
14:30:13 [DETECT] inference took 0.20s
14:30:14 [DETECT] inference took 0.20s
14:30:15 [DETECT] inference took 0.22s
14:30:16 [DETECT] inference took 0.20s
14:30:17 [DETECT] inference took 0.22s
14:30:18 [DETECT] inference took 0.20s
14:30:19 [DETECT] inference took 0.22s
14:30:20 [DETECT] inference took 0.20s
14:30:21 [DETECT] inference took 0.22s
14:30:22 [DETECT] inference took 0.22s
14:30:23 [DETECT] inference took 0.22s
14:30:24 [DETECT] inference took 0.22s
14:30:25 [DETECT] inference took 0.22s
14:30:26 [DETECT] inference took 0.20s
14:30:27 [DETECT] inference took 0.20s
14:30:28 [DETECT] inference took 0.22s
14:30:29 [DETECT] inference took 0.22s
14:30:30 [DETECT] inference took 0.22s
14:30:31 [DETECT] inference took 0.22s
14:30:32 [DETECT] inference took 0.20s
14:30:33 [DETECT] inference took 0.22s
14:30:34 [DETECT] inference took 0.22s
14:30:35 [DETECT] inference took 0.20s
14:30:36 [DETECT] inference took 0.20s
14:30:37 [DETECT] inference took 0.22s
14:30:38 [DETECT] inference took 0.20s
14:30:39 [DETECT] inference took 0.20s
14:30:40 [DETECT] inference took 0.22s
14:30:41 [DETECT] inference took 0.20s
14:30:42 [DETECT] inference took 0.20s
14:30:43 [DETECT] inference took 0.22s
14:30:44 [DETECT] inference took 0.20s
14:30:45 [DETECT] inference took 0.20s
14:30:46 [DETECT] inference took 0.22s
14:30:47 [DETECT] inference took 0.20s
14:30:48 [DETECT] inference took 0.22s
14:30:49 [DETECT] inference took 0.20s
14:30:50 [DETECT] inference took 0.22s
14:30:51 [DETECT] inference took 0.20s
14:30:52 [DETECT] inference took 0.20s
14:30:53 [DETECT] inference took 0.22s
14:30:54 [DETECT] inference took 0.20s
14:30:55 [DETECT] inference took 0.22s
14:30:56 [DETECT] inference took 0.22s
14:30:57 [DETECT] inference took 0.20s
14:30:58 [DETECT] inference took 0.20s
14:30:59 [DETECT] inference took 0.22s
14:31:00 [DETECT] inference took 0.22s
14:31:01 [DETECT] inference took 0.20s
14:31:02 [DETECT] inference took 0.22s
14:31:03 [DETECT] inference took 0.20s
14:31:04 [DETECT] inference took 0.22s
14:31:05 [DETECT] inference took 0.22s
14:31:06 [DETECT] inference took 0.20s
14:31:07 [DETECT] inference took 0.22s
14:31:08 [DETECT] inference took 0.20s
14:31:09 [DETECT] inference took 0.22s
14:31:10 [DETECT] inference took 0.20s
14:31:11 [DETECT] inference took 0.22s
14:31:12 [DETECT] inference took 0.20s
14:31:13 [DETECT] inference took 0.22s
14:31:14 [DETECT] inference took 0.20s
14:31:15 [DETECT] inference took 0.20s
14:31:16 [DETECT] inference took 0.22s
14:31:17 [DETECT] inference took 0.20s
14:31:18 [DETECT] inference took 0.20s
14:31:19 [DETECT] inference took 0.22s
14:31:20 [DETECT] inference took 0.20s
14:31:21 [DETECT] inference took 0.20s
14:31:22 [DETECT] inference took 0.22s
14:31:23 [DETECT] inference took 0.20s
14:31:24 [DETECT] inference took 0.20s
14:31:25 [DETECT] inference took 0.22s
14:31:26 [DETECT] inference took 0.22s
14:31:27 [DETECT] inference took 0.22s
14:31:28 [DETECT] inference took 0.22s
14:31:29 [DETECT] inference took 0.20s
14:31:30 [DETECT] inference took 0.22s
14:31:31 [DETECT] inference took 0.20s
14:31:32 [DETECT] inference took 0.22s
14:31:33 [DETECT] inference took 0.20s
14:31:34 [DETECT] inference took 0.22s
14:31:35 [DETECT] inference took 0.22s
14:31:36 [DETECT] inference took 0.20s
14:31:37 [DETECT] inference took 0.22s
14:31:38 [DETECT] inference took 0.20s
14:31:39 [DETECT] inference took 0.20s
14:31:40 [DETECT] inference took 0.22s
14:31:41 [DETECT] inference took 0.22s
14:31:42 [DETECT] inference took 0.20s
14:31:43 [DETECT] inference took 0.22s
14:31:44 [DETECT] inference took 0.20s
14:31:45 [DETECT] inference took 0.20s
14:31:46 [DETECT] inference took 0.22s
14:31:47 [DETECT] inference took 0.22s
14:31:48 [DETECT] inference took 0.20s
14:31:49 [DETECT] inference took 0.20s
14:31:50 [DETECT] inference took 0.22s
14:31:51 [DETECT] inference took 0.20s
14:31:52 [DETECT] inference took 0.20s
14:31:53 [DETECT] inference took 0.22s
14:31:54 [DETECT] inference took 0.20s
14:31:55 [DETECT] inference took 0.22s
14:31:56 [DETECT] inference took 0.20s
14:31:57 [DETECT] inference took 0.22s
14:31:58 [DETECT] inference took 0.25s
14:31:59 [DETECT] inference took 0.30s
14:32:00 [DETECT] inference took 0.30s
14:32:01 [DETECT] inference took 0.30s
14:32:02 [DETECT] inference took 0.30s
14:32:03 [DETECT] inference took 0.30s
14:32:04 [DETECT] inference took 0.28s
14:32:05 [DETECT] inference took 0.27s
14:32:06 [DETECT] inference took 0.30s
14:32:07 [DETECT] inference took 0.30s
14:32:08 [DETECT] inference took 0.28s
14:32:09 [DETECT] inference took 0.28s
14:32:10 [DETECT] inference took 0.28s
14:32:11 [DETECT] inference took 0.28s
14:32:12 [DETECT] inference took 0.28s
14:32:13 [DETECT] inference took 0.28s
14:32:14 [DETECT] inference took 0.30s
14:32:15 [DETECT] inference took 0.28s
14:32:16 [DETECT] inference took 0.30s
14:32:17 [DETECT] inference took 0.30s
14:32:18 [DETECT] inference took 0.33s
14:32:19 [DETECT] inference took 0.30s
14:32:20 [DETECT] inference took 0.30s
14:32:21 [DETECT] inference took 0.28s
14:32:22 [DETECT] inference took 0.28s
14:32:23 [DETECT] inference took 0.22s
14:32:24 [DETECT] inference took 0.20s
14:32:25 [DETECT] inference took 0.22s
14:32:26 [DETECT] inference took 0.20s
14:32:27 [DETECT] inference took 0.22s
14:32:28 [DETECT] inference took 0.22s
14:32:29 [DETECT] inference took 0.22s
14:32:30 [DETECT] inference took 0.22s
14:32:31 [DETECT] inference took 0.22s
14:32:32 [DETECT] inference took 0.22s
14:32:33 [DETECT] inference took 0.20s
14:32:34 [DETECT] inference took 0.22s
14:32:35 [DETECT] inference took 0.20s
14:32:36 [DETECT] inference took 0.22s
14:32:37 [DETECT] inference took 0.20s
14:32:38 [DETECT] inference took 0.22s
14:32:39 [DETECT] inference took 0.20s
14:32:40 [DETECT] inference took 0.22s
14:32:41 [DETECT] inference took 0.22s
14:32:42 [DETECT] inference took 0.22s
14:32:43 [DETECT] inference took 0.31s
14:32:44 [DETECT] inference took 0.31s
14:32:45 [DETECT] inference took 0.31s
14:32:46 [DETECT] inference took 0.31s
14:32:47 [DETECT] inference took 0.30s
14:32:48 [DETECT] inference took 0.28s
14:32:49 [DETECT] inference took 0.30s
14:32:50 [DETECT] inference took 0.31s
14:32:51 [DETECT] inference took 0.30s
14:32:52 [DETECT] inference took 0.30s
14:32:53 [DETECT] inference took 0.30s
14:32:54 [DETECT] inference took 0.31s
14:32:55 [DETECT] inference took 0.30s
14:32:56 [DETECT] inference took 0.28s
14:32:57 [DETECT] inference took 0.31s
14:32:58 [DETECT] inference took 0.31s
14:32:59 [DETECT] inference took 0.30s
14:33:00 [DETECT] inference took 0.30s
14:33:01 [DETECT] inference took 0.31s
14:33:02 [DETECT] inference took 0.31s
14:33:03 [DETECT] inference took 0.38s
14:33:04 [DETECT] inference took 0.36s
14:33:05 [DETECT] inference took 0.30s
14:33:06 [DETECT] inference took 0.30s
14:33:07 [DETECT] inference took 0.30s
14:33:08 [DETECT] inference took 0.30s
14:33:09 [DETECT] inference took 0.31s
14:33:10 [DETECT] inference took 0.31s
14:33:11 [DETECT] inference took 0.31s
14:33:12 [DETECT] inference took 0.31s
14:33:13 [DETECT] inference took 0.30s
14:33:14 [DETECT] inference took 0.31s
14:33:15 [DETECT] inference took 0.30s
14:33:16 [DETECT] inference took 0.33s
14:33:17 [DETECT] inference took 0.33s
14:33:18 [DETECT] inference took 0.20s
14:33:19 [DETECT] inference took 0.22s
14:33:20 [DETECT] inference took 0.20s
14:33:21 [DETECT] inference took 0.30s
14:33:22 [DETECT] inference took 0.28s
14:33:23 [DETECT] inference took 0.30s
14:33:24 [DETECT] inference took 0.33s
14:33:25 [DETECT] inference took 0.39s
14:33:26 [DETECT] inference took 0.31s
14:33:27 [DETECT] inference took 0.31s
14:33:28 [DETECT] inference took 0.31s
14:33:29 [DETECT] inference took 0.31s
14:33:30 [DETECT] inference took 0.30s
14:33:31 [DETECT] inference took 0.28s
14:33:32 [DETECT] inference took 0.27s
14:33:33 [DETECT] inference took 0.31s
14:33:34 [DETECT] inference took 0.31s
14:33:35 [DETECT] inference took 0.30s
14:33:36 [DETECT] inference took 0.31s
14:33:37 [DETECT] inference took 0.30s
14:33:38 [DETECT] inference took 0.31s
14:33:39 [DETECT] inference took 0.30s
14:33:40 [DETECT] inference took 0.30s
14:33:41 [DETECT] inference took 0.30s
14:33:42 [DETECT] inference took 0.30s
14:33:43 [DETECT] inference took 0.28s
14:33:44 [DETECT] inference took 0.28s
14:33:45 [DETECT] inference took 0.30s
14:33:46 [DETECT] inference took 0.28s
14:33:47 [DETECT] inference took 0.34s
14:33:48 [DETECT] inference took 0.38s
14:33:49 [DETECT] inference took 0.22s
14:33:50 [DETECT] inference took 0.25s
14:33:50 [DETECT] inference took 0.20s
14:33:51 [DETECT] inference took 0.20s
14:33:52 [DETECT] inference took 0.22s
14:33:53 [DETECT] inference took 0.22s
14:33:54 [DETECT] inference took 0.22s
14:33:55 [DETECT] inference took 0.22s
14:33:56 [DETECT] inference took 0.20s
14:33:57 [DETECT] inference took 0.30s
14:33:58 [DETECT] inference took 0.28s
14:33:59 [DETECT] inference took 0.28s
14:34:00 [DETECT] inference took 0.30s
14:34:01 [DETECT] inference took 0.31s
14:34:02 [DETECT] inference took 0.31s
14:34:03 [DETECT] inference took 0.28s
14:34:04 [DETECT] inference took 0.30s
14:34:05 [DETECT] inference took 0.31s
14:34:06 [DETECT] inference took 0.22s
14:34:07 [DETECT] inference took 0.22s
14:34:08 [DETECT] inference took 0.22s
14:34:09 [DETECT] inference took 0.22s
14:34:10 [DETECT] inference took 0.20s
14:34:11 [DETECT] inference took 0.23s
14:34:11 [DETECT] inference took 0.22s
14:34:12 [DETECT] inference took 0.22s
14:34:13 [DETECT] inference took 0.22s
14:34:14 [DETECT] inference took 0.22s
14:34:15 [DETECT] inference took 0.25s
14:34:15 [DETECT] inference took 0.22s
14:34:16 [DETECT] inference took 0.22s
14:34:17 [DETECT] inference took 0.22s
14:34:18 [DETECT] inference took 0.20s
14:34:19 [DETECT] inference took 0.22s
14:34:20 [DETECT] inference took 0.22s
14:34:21 [DETECT] inference took 0.22s
14:34:22 [DETECT] inference took 0.20s
14:34:23 [DETECT] inference took 0.22s
14:34:24 [DETECT] inference took 0.22s
14:34:25 [DETECT] inference took 0.22s
14:34:26 [DETECT] inference took 0.22s
14:34:27 [DETECT] inference took 0.22s
14:34:28 [DETECT] inference took 0.20s
14:34:29 [DETECT] inference took 0.22s
14:34:30 [DETECT] inference took 0.22s
14:34:31 [DETECT] inference took 0.22s
14:34:32 [DETECT] inference took 0.22s
14:34:33 [DETECT] inference took 0.20s
14:34:34 [DETECT] inference took 0.22s
14:34:35 [DETECT] inference took 0.33s
14:34:37 [DETECT] inference took 0.36s
14:34:37 [DETECT] inference took 0.33s
14:34:39 [DETECT] inference took 0.33s
14:34:39 [DETECT] inference took 0.33s
14:34:40 [DETECT] inference took 0.30s
14:34:41 [DETECT] inference took 0.31s
14:34:42 [DETECT] inference took 0.31s
14:34:43 [DETECT] inference took 0.31s
14:34:45 [DETECT] inference took 0.38s
14:34:45 [DETECT] inference took 0.30s
14:34:47 [DETECT] inference took 0.31s
14:34:48 [DETECT] inference took 0.34s
14:34:49 [DETECT] inference took 0.33s
14:34:50 [DETECT] inference took 0.33s
14:34:50 [DETECT] inference took 0.30s
14:34:51 [DETECT] inference took 0.31s
14:34:53 [DETECT] inference took 0.33s
14:34:54 [DETECT] inference took 0.34s
14:34:55 [DETECT] inference took 0.33s
14:34:56 [DETECT] inference took 0.36s
14:34:57 [DETECT] inference took 0.39s
14:34:57 [DETECT] inference took 0.38s
14:34:58 [DETECT] inference took 0.38s
14:34:58 [DETECT] inference took 0.34s
14:34:58 [DETECT] inference took 0.31s
14:34:59 [DETECT] inference took 0.34s
14:35:00 [DETECT] inference took 0.34s
14:35:00 [DETECT] inference took 0.33s
14:35:01 [DETECT] inference took 0.33s
14:35:01 [DETECT] inference took 0.36s
14:35:02 [DETECT] inference took 0.30s
14:35:02 [DETECT] inference took 0.36s
14:35:03 [DETECT] inference took 0.33s
14:35:03 [DETECT] inference took 0.33s
14:35:04 [DETECT] inference took 0.31s
14:35:04 [DETECT] inference took 0.34s
14:35:05 [DETECT] inference took 0.31s
14:35:05 [DETECT] inference took 0.34s
14:35:06 [DETECT] inference took 0.30s
14:35:06 [DETECT] inference took 0.34s
14:35:07 [DETECT] inference took 0.33s
14:35:07 [DETECT] inference took 0.33s
14:35:08 [DETECT] inference took 0.31s
14:35:08 [DETECT] inference took 0.36s
14:35:09 [DETECT] inference took 0.31s
14:35:09 [DETECT] inference took 0.34s
14:35:10 [DETECT] inference took 0.33s
14:35:10 [DETECT] inference took 0.33s
14:35:11 [DETECT] inference took 0.31s
14:35:11 [DETECT] inference took 0.36s
14:35:12 [DETECT] inference took 0.33s
14:35:12 [DETECT] inference took 0.34s
14:35:13 [DETECT] inference took 0.33s
14:35:13 [DETECT] inference took 0.34s
14:35:14 [DETECT] inference took 0.30s
14:35:14 [DETECT] inference took 0.34s
14:35:15 [DETECT] inference took 0.33s
14:35:15 [DETECT] inference took 0.36s
14:35:16 [DETECT] inference took 0.31s
14:35:16 [DETECT] inference took 0.34s
14:35:17 [DETECT] inference took 0.31s
14:35:17 [DETECT] inference took 0.36s
14:35:18 [DETECT] inference took 0.33s
14:35:18 [DETECT] inference took 0.39s
14:35:19 [DETECT] inference took 0.34s
14:35:19 [DETECT] inference took 0.39s
14:35:20 [DETECT] inference took 0.34s
14:35:21 [DETECT] inference took 0.34s
14:35:22 [DETECT] inference took 0.30s
14:35:23 [DETECT] inference took 0.33s
14:35:24 [DETECT] inference took 0.31s
14:35:25 [DETECT] inference took 0.33s
14:35:26 [DETECT] inference took 0.28s
14:35:26 [DETECT] inference took 0.33s
14:35:27 [DETECT] inference took 0.33s
14:35:28 [DETECT] inference took 0.31s
14:35:29 [DETECT] inference took 0.31s
14:35:30 [DETECT] inference took 0.31s
14:35:31 [DETECT] inference took 0.30s
14:35:32 [DETECT] inference took 0.30s
14:35:32 [DETECT] inference took 0.22s
14:35:34 [DETECT] inference took 0.23s
14:35:35 [DETECT] inference took 0.33s
14:35:36 [DETECT] inference took 0.31s
14:35:37 [DETECT] inference took 0.31s
14:35:38 [DETECT] inference took 0.34s
14:35:39 [DETECT] inference took 0.28s
14:35:40 [DETECT] inference took 0.38s
14:35:40 [DETECT] inference took 0.23s
14:35:40 [DETECT] inference took 0.23s
14:35:41 [DETECT] inference took 0.25s
14:35:42 [DETECT] inference took 0.36s
14:35:43 [DETECT] inference took 0.36s
14:35:44 [DETECT] inference took 0.34s
14:35:45 [DETECT] inference took 0.36s
14:35:46 [DETECT] inference took 0.33s
14:35:47 [DETECT] inference took 0.38s
14:35:48 [DETECT] inference took 0.33s
14:35:49 [DETECT] inference took 0.36s
14:35:50 [DETECT] inference took 0.38s
14:35:51 [DETECT] inference took 0.36s
14:35:52 [DETECT] inference took 0.34s
14:35:53 [DETECT] inference took 0.36s
14:35:54 [DETECT] inference took 0.34s
14:35:55 [DETECT] inference took 0.34s
14:35:56 [DETECT] inference took 0.38s
14:35:57 [DETECT] inference took 0.38s
14:35:58 [DETECT] inference took 0.39s
14:35:59 [DETECT] inference took 0.36s
14:36:00 [DETECT] inference took 0.34s
14:36:01 [DETECT] inference took 0.38s
14:36:02 [DETECT] inference took 0.39s
14:36:03 [DETECT] inference took 0.36s
14:36:04 [DETECT] inference took 0.34s
14:36:05 [DETECT] inference took 0.38s
14:36:06 [DETECT] inference took 0.25s
14:36:06 [DETECT] inference took 0.23s
14:36:07 [DETECT] inference took 0.22s
14:36:09 [DETECT] inference took 0.23s
14:36:10 [DETECT] inference took 0.23s
14:36:10 [DETECT] inference took 0.23s
14:36:11 [DETECT] inference took 0.23s
14:36:12 [DETECT] inference took 0.22s
14:36:13 [DETECT] inference took 0.22s
14:36:15 [DETECT] inference took 0.22s
14:36:16 [DETECT] inference took 0.20s
14:36:17 [DETECT] inference took 0.22s
14:36:18 [DETECT] inference took 0.20s
14:36:19 [DETECT] inference took 0.22s
14:36:20 [DETECT] inference took 0.20s
14:36:21 [DETECT] inference took 0.22s
14:36:22 [DETECT] inference took 0.22s
14:36:23 [DETECT] inference took 0.20s
14:36:24 [DETECT] inference took 0.22s
14:36:25 [DETECT] inference took 0.22s
14:36:26 [DETECT] inference took 0.20s
14:36:27 [DETECT] inference took 0.31s
14:36:28 [DETECT] inference took 0.33s
14:36:29 [DETECT] inference took 0.33s
14:36:30 [DETECT] inference took 0.31s
14:36:31 [DETECT] inference took 0.31s
14:36:32 [DETECT] inference took 0.30s
14:36:33 [DETECT] inference took 0.31s
14:36:34 [DETECT] inference took 0.31s
14:36:35 [DETECT] inference took 0.31s
14:36:36 [DETECT] inference took 0.31s
14:36:37 [DETECT] inference took 0.30s
14:36:38 [DETECT] inference took 0.34s
14:36:39 [DETECT] inference took 0.30s
14:36:40 [DETECT] inference took 0.33s
14:36:41 [DETECT] inference took 0.31s
14:36:42 [DETECT] inference took 0.31s
14:36:43 [DETECT] inference took 0.36s
14:36:44 [DETECT] inference took 0.36s
14:36:45 [DETECT] inference took 0.33s
14:36:46 [DETECT] inference took 0.39s
14:36:47 [DETECT] inference took 0.39s
14:36:48 [DETECT] inference took 0.38s
14:36:49 [DETECT] inference took 0.34s
14:36:50 [DETECT] inference took 0.38s
14:36:51 [DETECT] inference took 0.22s
14:36:52 [DETECT] inference took 0.22s
14:36:53 [DETECT] inference took 0.20s
14:36:54 [DETECT] inference took 0.33s
14:36:55 [DETECT] inference took 0.34s
14:36:56 [DETECT] inference took 0.36s
14:36:57 [DETECT] inference took 0.36s
14:36:58 [DETECT] inference took 0.33s
14:36:59 [DETECT] inference took 0.34s
14:37:00 [DETECT] inference took 0.33s
14:37:01 [DETECT] inference took 0.31s
14:37:02 [DETECT] inference took 0.31s
14:37:03 [DETECT] inference took 0.34s
14:37:04 [DETECT] inference took 0.33s
14:37:05 [DETECT] inference took 0.36s
14:37:06 [DETECT] inference took 0.31s
14:37:07 [DETECT] inference took 0.33s
14:37:08 [DETECT] inference took 0.31s
14:37:09 [DETECT] inference took 0.36s
14:37:10 [DETECT] inference took 0.33s
14:37:11 [DETECT] inference took 0.22s
14:37:12 [DETECT] inference took 0.22s
14:37:13 [DETECT] inference took 0.22s
14:37:13 [DETECT] inference took 0.23s
14:37:14 [DETECT] inference took 0.22s
14:37:14 [DETECT] inference took 0.25s
14:37:14 [DETECT] rejected drone candidate (confidence=0.34) -- overlaps a confidently-classified non-drone object
14:37:14 [DETECT] rejected drone candidate (confidence=0.26) -- same region was rejected moments ago (memory)
14:37:15 [DETECT] inference took 0.22s
14:37:15 [DETECT] inference took 0.25s
14:37:15 [DETECT] rejected drone candidate (confidence=0.26) -- same region was rejected moments ago (memory)
14:37:16 [DETECT] inference took 0.20s
14:37:16 [DETECT] inference took 0.25s
14:37:16 [DETECT] rejected drone candidate (confidence=0.35) -- overlaps a confidently-classified non-drone object
14:37:17 [DETECT] inference took 0.20s
14:37:17 [DETECT] inference took 0.25s
14:37:17 [DETECT] rejected drone candidate (confidence=0.29) -- overlaps a confidently-classified non-drone object
14:37:18 [DETECT] inference took 0.22s
14:37:19 [DETECT] inference took 0.20s
14:37:19 [DETECT] inference took 0.25s
14:37:20 [DETECT] inference took 0.22s
14:37:20 [DETECT] inference took 0.25s
14:37:21 [DETECT] inference took 0.22s
14:37:21 [DETECT] inference took 0.25s
14:37:22 [DETECT] inference took 0.22s
14:37:23 [DETECT] inference took 0.22s
14:37:24 [DETECT] inference took 0.20s
14:37:24 [DETECT] inference took 0.23s
14:37:25 [DETECT] inference took 0.22s
14:37:25 [DETECT] inference took 0.25s
14:37:26 [DETECT] inference took 0.20s
14:37:27 [DETECT] inference took 0.22s
14:37:28 [DETECT] inference took 0.20s
14:37:28 [DETECT] inference took 0.25s
14:37:29 [DETECT] inference took 0.22s
14:37:30 [DETECT] inference took 0.22s
14:37:31 [DETECT] inference took 0.22s
14:37:32 [DETECT] inference took 0.20s
14:37:33 [DETECT] inference took 0.20s
14:37:34 [DETECT] inference took 0.22s
14:37:35 [DETECT] inference took 0.34s
14:37:36 [DETECT] inference took 0.31s
14:37:37 [DETECT] inference took 0.33s
14:37:38 [DETECT] inference took 0.36s
14:37:39 [DETECT] inference took 0.33s
14:37:40 [DETECT] inference took 0.33s
14:37:41 [DETECT] inference took 0.34s
14:37:42 [DETECT] inference took 0.31s
14:37:42 [DETECT] inference took 0.39s
14:37:43 [DETECT] inference took 0.36s
14:37:44 [DETECT] inference took 0.34s
14:37:45 [DETECT] inference took 0.33s
14:37:46 [DETECT] inference took 0.31s
14:37:47 [DETECT] inference took 0.33s
14:37:48 [DETECT] inference took 0.38s
14:37:49 [DETECT] inference took 0.36s
14:37:50 [DETECT] inference took 0.34s
14:37:51 [DETECT] inference took 0.31s
14:37:52 [DETECT] inference took 0.28s
14:37:53 [DETECT] inference took 0.34s
14:37:53 [DETECT] inference took 0.36s
14:37:54 [DETECT] inference took 0.38s
14:37:55 [DETECT] inference took 0.34s
14:37:56 [DETECT] inference took 0.34s
14:37:57 [DETECT] inference took 0.33s
14:37:58 [DETECT] inference took 0.30s
14:37:59 [DETECT] inference took 0.20s
14:38:00 [DETECT] inference took 0.22s
14:38:01 [DETECT] inference took 0.22s
14:38:02 [DETECT] inference took 0.20s
14:38:03 [DETECT] inference took 0.20s
14:38:04 [DETECT] inference took 0.20s
14:38:05 [DETECT] inference took 0.22s
14:38:06 [DETECT] inference took 0.22s
14:38:07 [DETECT] inference took 0.20s
14:38:08 [DETECT] inference took 0.20s
14:38:09 [DETECT] inference took 0.22s
14:38:10 [DETECT] inference took 0.20s
14:38:11 [DETECT] inference took 0.22s
14:38:12 [DETECT] inference took 0.20s
14:38:13 [DETECT] inference took 0.22s
14:38:14 [DETECT] inference took 0.22s
14:38:15 [DETECT] inference took 0.20s
14:38:16 [DETECT] inference took 0.22s
14:38:17 [DETECT] inference took 0.20s
14:38:18 [DETECT] inference took 0.20s
14:38:19 [DETECT] inference took 0.20s
14:38:20 [DETECT] inference took 0.20s
14:38:21 [DETECT] inference took 0.22s
14:38:22 [DETECT] inference took 0.20s
14:38:23 [DETECT] inference took 0.20s
14:38:24 [DETECT] inference took 0.22s
14:38:25 [DETECT] inference took 0.20s
14:38:26 [DETECT] inference took 0.20s
14:38:27 [DETECT] inference took 0.22s
14:38:28 [DETECT] inference took 0.20s
14:38:29 [DETECT] inference took 0.20s
14:38:30 [DETECT] inference took 0.20s
14:38:31 [DETECT] inference took 0.20s
14:38:32 [DETECT] inference took 0.22s
14:38:33 [DETECT] inference took 0.20s
14:38:34 [DETECT] inference took 0.22s
14:38:35 [DETECT] inference took 0.22s
14:38:36 [DETECT] inference took 0.22s
14:38:37 [DETECT] inference took 0.20s
14:38:38 [DETECT] inference took 0.22s
14:38:39 [DETECT] inference took 0.22s
14:38:40 [DETECT] inference took 0.20s
14:38:41 [DETECT] inference took 0.20s
14:38:42 [DETECT] inference took 0.20s
14:38:43 [DETECT] inference took 0.20s
14:38:44 [DETECT] inference took 0.22s
14:38:45 [DETECT] inference took 0.20s
14:38:46 [DETECT] inference took 0.22s
14:38:47 [DETECT] inference took 0.20s
14:38:48 [DETECT] inference took 0.20s
14:38:49 [DETECT] inference took 0.20s
14:38:50 [DETECT] inference took 0.20s
14:38:51 [DETECT] inference took 0.20s
14:38:52 [DETECT] inference took 0.22s
14:38:53 [DETECT] inference took 0.20s
14:38:54 [DETECT] inference took 0.20s
14:38:55 [DETECT] inference took 0.22s
14:38:56 [DETECT] inference took 0.20s
14:38:57 [DETECT] inference took 0.20s
14:38:58 [DETECT] inference took 0.22s
14:38:59 [DETECT] inference took 0.20s
14:39:00 [DETECT] inference took 0.22s
14:39:01 [DETECT] inference took 0.22s
14:39:02 [DETECT] inference took 0.20s
14:39:03 [DETECT] inference took 0.22s
14:39:04 [DETECT] inference took 0.20s
14:39:05 [DETECT] inference took 0.20s
14:39:06 [DETECT] inference took 0.22s
14:39:07 [DETECT] inference took 0.20s
14:39:08 [DETECT] inference took 0.22s
14:39:09 [DETECT] inference took 0.22s
14:39:10 [DETECT] inference took 0.20s
14:39:11 [DETECT] inference took 0.22s
14:39:12 [DETECT] inference took 0.22s
14:39:13 [DETECT] inference took 0.20s
14:39:14 [DETECT] inference took 0.20s
14:39:15 [DETECT] inference took 0.22s
14:39:16 [DETECT] inference took 0.20s
14:39:17 [DETECT] inference took 0.20s
14:39:18 [DETECT] inference took 0.22s
14:39:19 [DETECT] inference took 0.20s
14:39:20 [DETECT] inference took 0.22s
14:39:21 [DETECT] inference took 0.20s
14:39:22 [DETECT] inference took 0.20s
14:39:23 [DETECT] inference took 0.20s
14:39:24 [DETECT] inference took 0.22s
14:39:25 [DETECT] inference took 0.20s
14:39:26 [DETECT] inference took 0.20s
14:39:27 [DETECT] inference took 0.22s
14:39:28 [DETECT] inference took 0.20s
14:39:29 [DETECT] inference took 0.20s
14:39:30 [DETECT] inference took 0.20s
14:39:31 [DETECT] inference took 0.22s
14:39:32 [DETECT] inference took 0.20s
14:39:33 [DETECT] inference took 0.22s
14:39:34 [DETECT] inference took 0.20s
14:39:35 [DETECT] inference took 0.20s
14:39:36 [DETECT] inference took 0.22s
14:39:37 [DETECT] inference took 0.22s
14:39:38 [DETECT] inference took 0.22s
14:39:39 [DETECT] inference took 0.20s
14:39:40 [DETECT] inference took 0.20s
14:39:41 [DETECT] inference took 0.20s
14:39:42 [DETECT] inference took 0.20s
14:39:43 [DETECT] inference took 0.22s
14:39:44 [DETECT] inference took 0.22s
14:39:45 [DETECT] inference took 0.20s
14:39:46 [DETECT] inference took 0.20s
14:39:47 [DETECT] inference took 0.22s
14:39:48 [DETECT] inference took 0.22s
14:39:49 [DETECT] inference took 0.20s
14:39:50 [DETECT] inference took 0.20s
14:39:51 [DETECT] inference took 0.22s
14:39:52 [DETECT] inference took 0.22s
14:39:53 [DETECT] inference took 0.20s
14:39:54 [DETECT] inference took 0.22s
14:39:55 [DETECT] inference took 0.20s
14:39:56 [DETECT] inference took 0.20s
14:39:57 [DETECT] inference took 0.20s
14:39:58 [DETECT] inference took 0.20s
14:39:59 [DETECT] inference took 0.22s
14:40:00 [DETECT] inference took 0.20s
14:40:01 [DETECT] inference took 0.20s
14:40:02 [DETECT] inference took 0.22s
14:40:03 [DETECT] inference took 0.22s
14:40:04 [DETECT] inference took 0.20s
14:40:05 [DETECT] inference took 0.20s
14:40:06 [DETECT] inference took 0.22s
14:40:07 [DETECT] inference took 0.22s
14:40:08 [DETECT] inference took 0.20s
14:40:09 [DETECT] inference took 0.20s
14:40:10 [DETECT] inference took 0.20s
14:40:11 [DETECT] inference took 0.22s
14:40:12 [DETECT] inference took 0.30s
14:40:13 [DETECT] inference took 0.28s
14:40:14 [DETECT] inference took 0.28s
14:40:15 [DETECT] inference took 0.30s
14:40:16 [DETECT] inference took 0.28s
14:40:17 [DETECT] inference took 0.30s
14:40:18 [DETECT] inference took 0.28s
14:40:19 [DETECT] inference took 0.28s
14:40:20 [DETECT] inference took 0.30s
14:40:21 [DETECT] inference took 0.30s
14:40:22 [DETECT] inference took 0.28s
14:40:23 [DETECT] inference took 0.26s
14:40:24 [DETECT] inference took 0.30s
14:40:25 [DETECT] inference took 0.28s
14:40:26 [DETECT] inference took 0.30s
14:40:27 [DETECT] inference took 0.28s
14:40:28 [DETECT] inference took 0.27s
14:40:29 [DETECT] inference took 0.27s
14:40:30 [DETECT] inference took 0.28s
14:40:31 [DETECT] inference took 0.31s
14:40:32 [DETECT] inference took 0.33s
14:40:33 [DETECT] inference took 0.30s
14:40:34 [DETECT] inference took 0.30s
14:40:35 [DETECT] inference took 0.28s
14:40:36 [DETECT] inference took 0.25s
14:40:37 [DETECT] inference took 0.22s
14:40:38 [DETECT] inference took 0.22s
14:40:39 [DETECT] inference took 0.22s
14:40:40 [DETECT] inference took 0.20s
14:40:41 [DETECT] inference took 0.22s
14:40:42 [DETECT] inference took 0.22s
14:40:43 [DETECT] inference took 0.22s
14:40:44 [DETECT] inference took 0.22s
14:40:45 [DETECT] inference took 0.22s
14:40:46 [DETECT] inference took 0.22s
14:40:47 [DETECT] inference took 0.20s
14:40:48 [DETECT] inference took 0.22s
14:40:49 [DETECT] inference took 0.22s
14:40:50 [DETECT] inference took 0.22s
14:40:51 [DETECT] inference took 0.20s
14:40:52 [DETECT] inference took 0.22s
14:40:53 [DETECT] inference took 0.22s
14:40:54 [DETECT] inference took 0.22s
14:40:55 [DETECT] inference took 0.22s
14:40:56 [DETECT] inference took 0.22s
14:40:57 [DETECT] inference took 0.30s
14:40:57 [DETECT] inference took 0.34s
14:40:58 [DETECT] inference took 0.30s
14:40:59 [DETECT] inference took 0.30s
14:41:00 [DETECT] inference took 0.28s
14:41:01 [DETECT] inference took 0.28s
14:41:02 [DETECT] inference took 0.30s
14:41:03 [DETECT] inference took 0.28s
14:41:04 [DETECT] inference took 0.30s
14:41:05 [DETECT] inference took 0.30s
14:41:06 [DETECT] inference took 0.28s
14:41:07 [DETECT] inference took 0.28s
14:41:08 [DETECT] inference took 0.30s
14:41:09 [DETECT] inference took 0.30s
14:41:10 [DETECT] inference took 0.30s
14:41:11 [DETECT] inference took 0.30s
14:41:12 [DETECT] inference took 0.28s
14:41:13 [DETECT] inference took 0.28s
14:41:14 [DETECT] inference took 0.28s
14:41:15 [DETECT] inference took 0.28s
14:41:16 [DETECT] inference took 0.28s
14:41:17 [DETECT] inference took 0.34s
14:41:18 [DETECT] inference took 0.33s
14:41:19 [DETECT] inference took 0.28s
14:41:20 [DETECT] inference took 0.30s
14:41:21 [DETECT] inference took 0.30s
14:41:22 [DETECT] inference took 0.30s
14:41:23 [DETECT] inference took 0.30s
14:41:24 [DETECT] inference took 0.30s
14:41:25 [DETECT] inference took 0.30s
14:41:26 [DETECT] inference took 0.30s
14:41:27 [DETECT] inference took 0.30s
14:41:28 [DETECT] inference took 0.31s
14:41:29 [DETECT] inference took 0.30s
14:41:30 [DETECT] inference took 0.31s
14:41:31 [DETECT] inference took 0.30s
14:41:32 [DETECT] inference took 0.28s
14:41:33 [DETECT] inference took 0.28s
14:41:34 [DETECT] inference took 0.27s
14:41:35 [DETECT] inference took 0.28s
14:41:36 [DETECT] inference took 0.30s
14:41:37 [DETECT] inference took 0.28s
14:41:38 [DETECT] inference took 0.30s
14:41:39 [DETECT] inference took 0.33s
14:41:40 [DETECT] inference took 0.30s
14:41:41 [DETECT] inference took 0.31s
14:41:42 [DETECT] inference took 0.30s
14:41:43 [DETECT] inference took 0.28s
14:41:44 [DETECT] inference took 0.28s
14:41:45 [DETECT] inference took 0.27s
14:41:46 [DETECT] inference took 0.28s
14:41:47 [DETECT] inference took 0.28s
14:41:48 [DETECT] inference took 0.28s
14:41:49 [DETECT] inference took 0.28s
14:41:50 [DETECT] inference took 0.28s
14:41:51 [DETECT] inference took 0.28s
14:41:52 [DETECT] inference took 0.30s
14:41:53 [DETECT] inference took 0.28s
14:41:54 [DETECT] inference took 0.28s
14:41:55 [DETECT] inference took 0.25s
14:41:56 [DETECT] inference took 0.24s
14:41:57 [DETECT] inference took 0.30s
14:41:58 [DETECT] inference took 0.28s
14:41:59 [DETECT] inference took 0.27s
14:42:00 [DETECT] inference took 0.28s
14:42:01 [DETECT] inference took 0.36s
14:42:02 [DETECT] inference took 0.34s
14:42:03 [DETECT] inference took 0.30s
14:42:04 [DETECT] inference took 0.28s
14:42:05 [DETECT] inference took 0.20s
14:42:06 [DETECT] inference took 0.22s
14:42:07 [DETECT] inference took 0.20s
14:42:08 [DETECT] inference took 0.22s
14:42:09 [DETECT] inference took 0.22s
14:42:10 [DETECT] inference took 0.20s
14:42:11 [DETECT] inference took 0.20s
14:42:12 [DETECT] inference took 0.20s
14:42:13 [DETECT] inference took 0.22s
14:42:14 [DETECT] inference took 0.20s
14:42:15 [DETECT] inference took 0.22s
14:42:16 [DETECT] inference took 0.20s
14:42:17 [DETECT] inference took 0.22s
14:42:18 [DETECT] inference took 0.20s
14:42:19 [DETECT] inference took 0.22s
14:42:20 [DETECT] inference took 0.20s
14:42:21 [DETECT] inference took 0.20s
14:42:22 [DETECT] inference took 0.20s
14:42:23 [DETECT] inference took 0.20s
14:42:24 [DETECT] inference took 0.22s
14:42:25 [DETECT] inference took 0.22s
14:42:26 [DETECT] inference took 0.20s
14:42:27 [DETECT] inference took 0.22s
14:42:28 [DETECT] inference took 0.22s
14:42:29 [DETECT] inference took 0.20s
14:42:30 [DETECT] inference took 0.20s
14:42:31 [DETECT] inference took 0.20s
14:42:32 [DETECT] inference took 0.20s
14:42:33 [DETECT] inference took 0.22s
14:42:34 [DETECT] inference took 0.22s
14:42:35 [DETECT] inference took 0.20s
14:42:36 [DETECT] inference took 0.20s
14:42:37 [DETECT] inference took 0.20s
14:42:38 [DETECT] inference took 0.20s
14:42:39 [DETECT] inference took 0.22s
14:42:40 [DETECT] inference took 0.22s
14:42:41 [DETECT] inference took 0.22s
14:42:42 [DETECT] inference took 0.20s
14:42:43 [DETECT] inference took 0.20s
14:42:44 [DETECT] inference took 0.20s
14:42:45 [DETECT] inference took 0.22s
14:42:46 [DETECT] inference took 0.20s
14:42:47 [DETECT] inference took 0.20s
14:42:48 [DETECT] inference took 0.20s
14:42:49 [DETECT] inference took 0.22s
14:42:50 [DETECT] inference took 0.30s
14:42:51 [DETECT] inference took 0.31s
14:42:52 [DETECT] inference took 0.33s
14:42:53 [DETECT] inference took 0.31s
14:42:54 [DETECT] inference took 0.36s
14:42:55 [DETECT] inference took 0.31s
14:42:56 [DETECT] inference took 0.31s
14:42:57 [DETECT] inference took 0.30s
14:42:58 [DETECT] inference took 0.31s
14:42:59 [DETECT] inference took 0.30s
14:43:00 [DETECT] inference took 0.30s
14:43:01 [DETECT] inference took 0.31s
14:43:02 [DETECT] inference took 0.33s
14:43:03 [DETECT] inference took 0.30s
14:43:04 [DETECT] inference took 0.30s
14:43:05 [DETECT] inference took 0.31s
14:43:06 [DETECT] inference took 0.31s
14:43:07 [DETECT] inference took 0.31s
14:43:08 [DETECT] inference took 0.31s
14:43:09 [DETECT] inference took 0.30s
14:43:10 [DETECT] inference took 0.38s
14:43:10 [DETECT] inference took 0.39s
14:43:11 [DETECT] inference took 0.33s
14:43:11 [DETECT] inference took 0.38s
14:43:12 [DETECT] inference took 0.31s
14:43:12 [DETECT] inference took 0.36s
14:43:13 [DETECT] inference took 0.31s
14:43:13 [DETECT] inference took 0.38s
14:43:14 [DETECT] inference took 0.30s
14:43:14 [DETECT] inference took 0.34s
14:43:15 [DETECT] inference took 0.31s
14:43:15 [DETECT] inference took 0.33s
14:43:16 [DETECT] inference took 0.30s
14:43:16 [DETECT] inference took 0.34s
14:43:17 [DETECT] inference took 0.31s
14:43:17 [DETECT] inference took 0.34s
14:43:18 [DETECT] inference took 0.31s
14:43:18 [DETECT] inference took 0.36s
14:43:19 [DETECT] inference took 0.31s
14:43:19 [DETECT] inference took 0.36s
14:43:20 [DETECT] inference took 0.31s
14:43:20 [DETECT] inference took 0.36s
14:43:21 [DETECT] inference took 0.28s
14:43:21 [DETECT] inference took 0.36s
14:43:22 [DETECT] inference took 0.31s
14:43:22 [DETECT] inference took 0.36s
14:43:23 [DETECT] inference took 0.31s
14:43:23 [DETECT] inference took 0.36s
14:43:24 [DETECT] inference took 0.31s
14:43:24 [DETECT] inference took 0.38s
14:43:25 [DETECT] inference took 0.33s
14:43:25 [DETECT] inference took 0.36s
14:43:26 [DETECT] inference took 0.33s
14:43:26 [DETECT] inference took 0.36s
14:43:27 [DETECT] inference took 0.30s
14:43:27 [DETECT] inference took 0.33s
14:43:28 [DETECT] inference took 0.30s
14:43:28 [DETECT] inference took 0.36s
14:43:29 [DETECT] inference took 0.31s
14:43:29 [DETECT] inference took 0.34s
14:43:30 [DETECT] inference took 0.31s
14:43:30 [DETECT] inference took 0.36s
14:43:31 [DETECT] inference took 0.36s
14:43:31 [DETECT] inference took 0.44s
14:43:32 [DETECT] inference took 0.36s
14:43:32 [DETECT] inference took 0.39s
14:43:33 [DETECT] inference took 0.33s
14:43:33 [DETECT] inference took 0.38s
14:43:34 [DETECT] inference took 0.33s
14:43:35 [DETECT] inference took 0.30s
14:43:35 [DETECT] inference took 0.36s
14:43:36 [DETECT] inference took 0.20s
14:43:37 [DETECT] inference took 0.22s
14:43:38 [DETECT] inference took 0.22s
14:43:39 [DETECT] inference took 0.20s
14:43:40 [DETECT] inference took 0.22s
14:43:41 [DETECT] inference took 0.22s
14:43:42 [DETECT] inference took 0.20s
14:43:43 [DETECT] inference took 0.22s
14:43:44 [DETECT] inference took 0.20s
14:43:45 [DETECT] inference took 0.20s
14:43:46 [DETECT] inference took 0.22s
14:43:47 [DETECT] inference took 0.20s
14:43:48 [DETECT] inference took 0.20s
14:43:48 [DETECT] inference took 0.27s
14:43:49 [DETECT] inference took 0.31s
14:43:49 [DETECT] inference took 0.34s
14:43:50 [DETECT] inference took 0.28s
14:43:51 [DETECT] inference took 0.30s
14:43:51 [DETECT] inference took 0.34s
14:43:52 [DETECT] inference took 0.28s
14:43:52 [DETECT] inference took 0.38s
14:43:53 [DETECT] inference took 0.36s
14:43:54 [DETECT] inference took 0.20s
14:43:54 [DETECT] inference took 0.27s
14:43:55 [DETECT] inference took 0.31s
14:43:56 [DETECT] inference took 0.33s
14:43:57 [DETECT] inference took 0.33s
14:43:58 [DETECT] inference took 0.33s
14:43:59 [DETECT] inference took 0.34s
14:44:00 [DETECT] inference took 0.41s
14:44:01 [DETECT] inference took 0.34s
14:44:02 [DETECT] inference took 0.34s
14:44:03 [DETECT] inference took 0.31s
14:44:04 [DETECT] inference took 0.34s
14:44:05 [DETECT] inference took 0.31s
14:44:06 [DETECT] inference took 0.30s
14:44:07 [DETECT] inference took 0.31s
14:44:08 [DETECT] inference took 0.34s
14:44:09 [DETECT] inference took 0.31s
14:44:10 [DETECT] inference took 0.33s
14:44:11 [DETECT] inference took 0.31s
14:44:12 [DETECT] inference took 0.34s
14:44:13 [DETECT] inference took 0.31s
14:44:14 [DETECT] inference took 0.33s
14:44:15 [DETECT] inference took 0.33s
14:44:16 [DETECT] inference took 0.33s
14:44:16 [DETECT] inference took 0.42s
14:44:17 [DETECT] inference took 0.36s
14:44:18 [DETECT] inference took 0.34s
14:44:19 [DETECT] inference took 0.34s
14:44:20 [DETECT] inference took 0.20s
14:44:21 [DETECT] inference took 0.22s
14:44:22 [DETECT] inference took 0.34s
14:44:23 [DETECT] inference took 0.33s
14:44:24 [DETECT] inference took 0.34s
14:44:25 [DETECT] inference took 0.31s
14:44:26 [DETECT] inference took 0.33s
14:44:27 [DETECT] inference took 0.33s
14:44:28 [DETECT] inference took 0.33s
14:44:29 [DETECT] inference took 0.33s
14:44:30 [DETECT] inference took 0.30s
14:44:31 [DETECT] inference took 0.20s
14:44:32 [DETECT] inference took 0.22s
14:44:32 [DETECT] inference took 0.24s
14:44:33 [DETECT] inference took 0.22s
14:44:33 [DETECT] inference took 0.24s
14:44:34 [DETECT] inference took 0.20s
14:44:35 [DETECT] inference took 0.20s
14:44:36 [DETECT] inference took 0.22s
14:44:37 [DETECT] inference took 0.20s
14:44:38 [DETECT] inference took 0.22s
14:44:39 [DETECT] inference took 0.20s
14:44:40 [DETECT] inference took 0.31s
14:44:41 [DETECT] inference took 0.33s
14:44:42 [DETECT] inference took 0.33s
14:44:43 [DETECT] inference took 0.31s
14:44:44 [DETECT] inference took 0.33s
14:44:45 [DETECT] inference took 0.34s
14:44:46 [DETECT] inference took 0.34s
14:44:47 [DETECT] inference took 0.33s
14:44:48 [DETECT] inference took 0.36s
14:44:49 [DETECT] inference took 0.33s
14:44:50 [DETECT] inference took 0.33s
14:44:51 [DETECT] inference took 0.33s
14:44:52 [DETECT] inference took 0.34s
14:44:53 [DETECT] inference took 0.33s
14:44:54 [DETECT] inference took 0.31s
14:44:54 [DETECT] inference took 0.38s
14:44:55 [DETECT] inference took 0.33s
14:44:56 [DETECT] inference took 0.34s
14:44:57 [DETECT] inference took 0.31s
14:44:58 [DETECT] inference took 0.33s
14:44:59 [DETECT] inference took 0.31s
14:45:00 [DETECT] inference took 0.38s
14:45:01 [DETECT] inference took 0.33s
14:45:02 [DETECT] inference took 0.34s
14:45:03 [DETECT] inference took 0.34s
14:45:04 [DETECT] inference took 0.33s
14:45:05 [DETECT] inference took 0.34s
14:45:06 [DETECT] inference took 0.31s
14:45:07 [DETECT] inference took 0.34s
14:45:08 [DETECT] inference took 0.34s
14:45:09 [DETECT] inference took 0.36s
14:45:10 [DETECT] inference took 0.33s
14:45:11 [DETECT] inference took 0.34s
14:45:12 [DETECT] inference took 0.34s
14:45:13 [DETECT] inference took 0.36s
14:45:14 [DETECT] inference took 0.33s
14:45:15 [DETECT] inference took 0.34s
14:45:16 [DETECT] inference took 0.33s
14:45:17 [DETECT] inference took 0.31s
14:45:18 [DETECT] inference took 0.33s
14:45:19 [DETECT] inference took 0.34s
14:45:20 [DETECT] inference took 0.34s
14:45:21 [DETECT] inference took 0.33s
14:45:22 [DETECT] inference took 0.36s
14:45:23 [DETECT] inference took 0.31s
14:45:24 [DETECT] inference took 0.34s
14:45:25 [DETECT] inference took 0.30s
14:45:25 [DETECT] inference took 0.34s
14:45:25 [DETECT] rejected drone candidate (confidence=0.44) -- overlaps a confidently-classified non-drone object
14:45:25 [DETECT] rejected drone candidate (confidence=0.36) -- same region was rejected moments ago (memory)
14:45:26 [DETECT] inference took 0.30s
14:45:27 [DETECT] inference took 0.22s
14:45:28 [DETECT] inference took 0.20s
14:45:29 [DETECT] inference took 0.22s
14:45:30 [DETECT] inference took 0.20s
14:45:31 [DETECT] inference took 0.20s
14:45:32 [DETECT] inference took 0.20s
14:45:33 [DETECT] inference took 0.22s
14:45:34 [DETECT] inference took 0.30s
14:45:35 [DETECT] inference took 0.20s
14:45:36 [DETECT] inference took 0.31s
14:45:36 [DETECT] inference took 0.33s
14:45:37 [DETECT] inference took 0.30s
14:45:37 [DETECT] inference took 0.36s
14:45:38 [DETECT] inference took 0.28s
14:45:39 [DETECT] inference took 0.30s
14:45:40 [DETECT] inference took 0.30s
14:45:41 [DETECT] inference took 0.22s
14:45:42 [DETECT] inference took 0.22s
14:45:43 [DETECT] inference took 0.22s
14:45:44 [DETECT] inference took 0.22s
14:45:45 [DETECT] inference took 0.22s
14:45:45 [DETECT] inference took 0.23s
14:45:46 [DETECT] inference took 0.22s
14:45:47 [DETECT] inference took 0.22s
14:45:47 [DETECT] inference took 0.23s
14:45:48 [DETECT] inference took 0.34s
14:45:49 [DETECT] inference took 0.34s
14:45:50 [DETECT] inference took 0.33s
14:45:51 [DETECT] inference took 0.34s
14:45:52 [DETECT] inference took 0.33s
14:45:53 [DETECT] inference took 0.33s
14:45:54 [DETECT] inference took 0.36s
14:45:55 [DETECT] inference took 0.31s
14:45:56 [DETECT] inference took 0.33s
14:45:57 [DETECT] inference took 0.36s
14:45:58 [DETECT] inference took 0.31s
14:45:59 [DETECT] inference took 0.31s
14:46:00 [DETECT] inference took 0.34s
14:46:01 [DETECT] inference took 0.34s
14:46:02 [DETECT] inference took 0.31s
14:46:03 [DETECT] inference took 0.34s
14:46:04 [DETECT] inference took 0.31s
14:46:05 [DETECT] inference took 0.31s
14:46:06 [DETECT] inference took 0.34s
14:46:07 [DETECT] inference took 0.33s
14:46:08 [DETECT] inference took 0.34s
14:46:09 [DETECT] inference took 0.31s
14:46:10 [DETECT] inference took 0.30s
14:46:11 [DETECT] inference took 0.30s
14:46:12 [DETECT] inference took 0.31s
14:46:13 [DETECT] inference took 0.30s
14:46:14 [DETECT] inference took 0.30s
14:46:15 [DETECT] inference took 0.28s
14:46:16 [DETECT] inference took 0.27s
14:46:17 [DETECT] inference took 0.30s
14:46:18 [DETECT] inference took 0.31s
14:46:19 [DETECT] inference took 0.28s
14:46:20 [DETECT] inference took 0.28s
14:46:21 [DETECT] inference took 0.26s
14:46:22 [DETECT] inference took 0.30s
14:46:23 [DETECT] inference took 0.26s
14:46:24 [DETECT] inference took 0.28s
14:46:25 [DETECT] inference took 0.28s
14:46:26 [DETECT] inference took 0.28s
14:46:27 [DETECT] inference took 0.26s
14:46:28 [DETECT] inference took 0.28s
14:46:29 [DETECT] inference took 0.28s
14:46:30 [DETECT] inference took 0.22s
14:46:31 [DETECT] inference took 0.22s
14:46:32 [DETECT] inference took 0.22s
14:46:33 [DETECT] inference took 0.22s
14:46:34 [DETECT] inference took 0.22s
14:46:35 [DETECT] inference took 0.22s
14:46:36 [DETECT] inference took 0.22s
14:46:36 [DETECT] inference took 0.25s
14:46:37 [DETECT] inference took 0.20s
14:46:38 [DETECT] inference took 0.22s
14:46:39 [DETECT] inference took 0.20s
14:46:40 [DETECT] inference took 0.20s
14:46:41 [DETECT] inference took 0.22s
14:46:42 [DETECT] inference took 0.22s
14:46:43 [DETECT] inference took 0.20s
14:46:44 [DETECT] inference took 0.20s
14:46:45 [DETECT] inference took 0.22s
14:46:46 [DETECT] inference took 0.20s
14:46:47 [DETECT] inference took 0.22s
14:46:48 [DETECT] inference took 0.20s
14:46:49 [DETECT] inference took 0.20s
14:46:50 [DETECT] inference took 0.22s
14:46:51 [DETECT] inference took 0.20s
14:46:52 [DETECT] inference took 0.20s
14:46:53 [DETECT] inference took 0.22s
14:46:54 [DETECT] inference took 0.20s
14:46:55 [DETECT] inference took 0.22s
14:46:56 [DETECT] inference took 0.22s
14:46:57 [DETECT] inference took 0.20s
14:46:58 [DETECT] inference took 0.22s
14:46:59 [DETECT] inference took 0.22s
14:47:00 [DETECT] inference took 0.20s
14:47:01 [DETECT] inference took 0.20s
14:47:02 [DETECT] inference took 0.22s
14:47:03 [DETECT] inference took 0.20s
14:47:04 [DETECT] inference took 0.22s
14:47:05 [DETECT] inference took 0.20s
14:47:06 [DETECT] inference took 0.22s
14:47:07 [DETECT] inference took 0.20s
14:47:08 [DETECT] inference took 0.22s
14:47:09 [DETECT] inference took 0.20s
14:47:10 [DETECT] inference took 0.20s
14:47:11 [DETECT] inference took 0.22s
14:47:12 [DETECT] inference took 0.22s
14:47:13 [DETECT] inference took 0.20s
14:47:14 [DETECT] inference took 0.20s
14:47:15 [VIDEO] cap.read() failed, reconnecting...
14:47:15 [DETECT] inference took 0.22s
14:47:16 [DETECT] inference took 0.22s
14:47:17 [VIDEO] opening capture: 'rtsp://administrator:123456@169.254.50.189/rtsp/defaultPrimary?streamType=u'
14:47:22 [VIDEO] capture opened successfully
14:47:23 [DETECT] inference took 0.22s
14:47:24 [DETECT] inference took 0.20s
14:47:25 [DETECT] inference took 0.22s
14:47:26 [DETECT] inference took 0.20s
14:47:27 [DETECT] inference took 0.22s
14:47:28 [DETECT] inference took 0.22s
14:47:29 [DETECT] inference took 0.22s
14:47:30 [DETECT] inference took 0.20s
14:47:31 [DETECT] inference took 0.20s
14:47:32 [DETECT] inference took 0.22s
14:47:33 [DETECT] inference took 0.20s
14:47:34 [DETECT] inference took 0.20s
14:47:35 [DETECT] inference took 0.22s
14:47:36 [DETECT] inference took 0.20s
14:47:37 [DETECT] inference took 0.20s
14:47:38 [DETECT] inference took 0.22s
14:47:39 [DETECT] inference took 0.20s
14:47:40 [DETECT] inference took 0.20s
14:47:41 [DETECT] inference took 0.22s
14:47:42 [DETECT] inference took 0.20s
14:47:43 [DETECT] inference took 0.22s
14:47:44 [DETECT] inference took 0.20s
14:47:45 [DETECT] inference took 0.20s
14:47:46 [DETECT] inference took 0.22s
14:47:47 [DETECT] inference took 0.22s
14:47:48 [DETECT] inference took 0.20s
14:47:49 [DETECT] inference took 0.22s
14:47:50 [DETECT] inference took 0.22s
14:47:51 [DETECT] inference took 0.20s
14:47:52 [DETECT] inference took 0.22s
14:47:53 [DETECT] inference took 0.20s
14:47:54 [DETECT] inference took 0.20s
14:47:55 [DETECT] inference took 0.22s
14:47:56 [DETECT] inference took 0.20s
14:47:57 [DETECT] inference took 0.22s
14:47:58 [DETECT] inference took 0.20s
14:47:59 [DETECT] inference took 0.22s
14:48:00 [DETECT] inference took 0.20s
14:48:01 [DETECT] inference took 0.22s
14:48:02 [DETECT] inference took 0.22s
14:48:03 [DETECT] inference took 0.22s
14:48:04 [DETECT] inference took 0.20s
14:48:05 [DETECT] inference took 0.20s
14:48:06 [DETECT] inference took 0.22s
14:48:07 [DETECT] inference took 0.20s
14:48:08 [DETECT] inference took 0.20s
14:48:09 [DETECT] inference took 0.22s
14:48:10 [DETECT] inference took 0.22s
14:48:11 [DETECT] inference took 0.20s
14:48:12 [DETECT] inference took 0.22s
14:48:13 [DETECT] inference took 0.20s
14:48:14 [DETECT] inference took 0.20s
14:48:15 [DETECT] inference took 0.22s
14:48:16 [DETECT] inference took 0.22s
14:48:17 [DETECT] inference took 0.22s
14:48:18 [DETECT] inference took 0.22s
14:48:19 [DETECT] inference took 0.25s
14:48:20 [DETECT] inference took 0.20s
14:48:21 [DETECT] inference took 0.22s
14:48:22 [DETECT] inference took 0.20s
14:48:23 [DETECT] inference took 0.22s
14:48:24 [DETECT] inference took 0.20s
14:48:25 [DETECT] inference took 0.22s
14:48:26 [DETECT] inference took 0.20s
14:48:27 [DETECT] inference took 0.30s
14:48:28 [DETECT] inference took 0.30s
14:48:29 [DETECT] inference took 0.30s
14:48:30 [DETECT] inference took 0.28s
14:48:31 [DETECT] inference took 0.28s
14:48:32 [DETECT] inference took 0.30s
14:48:33 [DETECT] inference took 0.28s
14:48:34 [DETECT] inference took 0.28s
14:48:35 [DETECT] inference took 0.30s
14:48:36 [DETECT] inference took 0.30s
14:48:37 [DETECT] inference took 0.28s
14:48:38 [DETECT] inference took 0.30s
14:48:39 [DETECT] inference took 0.30s
14:48:40 [DETECT] inference took 0.28s
14:48:41 [DETECT] inference took 0.28s
14:48:42 [DETECT] inference took 0.30s
14:48:43 [DETECT] inference took 0.30s
14:48:44 [DETECT] inference took 0.30s
14:48:45 [DETECT] inference took 0.30s
14:48:46 [DETECT] inference took 0.33s
14:48:47 [DETECT] inference took 0.28s
14:48:48 [DETECT] inference took 0.28s
14:48:49 [DETECT] inference took 0.28s
14:48:50 [DETECT] inference took 0.20s
14:48:51 [DETECT] inference took 0.22s
14:48:52 [DETECT] inference took 0.22s
14:48:53 [DETECT] inference took 0.20s
14:48:54 [DETECT] inference took 0.20s
14:48:55 [DETECT] inference took 0.22s
14:48:56 [DETECT] inference took 0.20s
14:48:57 [DETECT] inference took 0.20s
14:48:58 [DETECT] inference took 0.22s
14:48:59 [DETECT] inference took 0.20s
14:49:00 [DETECT] inference took 0.20s
14:49:01 [DETECT] inference took 0.22s
14:49:02 [DETECT] inference took 0.23s
14:49:03 [DETECT] inference took 0.20s
14:49:04 [DETECT] inference took 0.20s
14:49:05 [DETECT] inference took 0.22s
14:49:06 [DETECT] inference took 0.22s
14:49:07 [DETECT] inference took 0.22s
14:49:08 [DETECT] inference took 0.20s
14:49:09 [DETECT] inference took 0.22s
14:49:10 [DETECT] inference took 0.20s
14:49:11 [DETECT] inference took 0.22s
14:49:12 [DETECT] inference took 0.31s
14:49:12 [DETECT] inference took 0.34s
14:49:13 [DETECT] inference took 0.30s
14:49:14 [DETECT] inference took 0.33s
14:49:15 [DETECT] inference took 0.33s
14:49:16 [DETECT] inference took 0.33s
14:49:17 [DETECT] inference took 0.30s
14:49:18 [DETECT] inference took 0.30s
14:49:19 [DETECT] inference took 0.30s
14:49:20 [DETECT] inference took 0.28s
14:49:21 [DETECT] inference took 0.30s
14:49:22 [DETECT] inference took 0.28s
14:49:23 [DETECT] inference took 0.28s
14:49:24 [DETECT] inference took 0.28s
14:49:25 [DETECT] inference took 0.30s
14:49:26 [DETECT] inference took 0.30s
14:49:27 [DETECT] inference took 0.31s
14:49:28 [DETECT] inference took 0.28s
14:49:29 [DETECT] inference took 0.28s
14:49:30 [DETECT] inference took 0.30s
14:49:31 [DETECT] inference took 0.39s
14:49:32 [DETECT] inference took 0.34s
14:49:33 [DETECT] inference took 0.30s
14:49:34 [DETECT] inference took 0.30s
14:49:35 [DETECT] inference took 0.30s
14:49:36 [DETECT] inference took 0.28s
14:49:37 [DETECT] inference took 0.28s
14:49:38 [DETECT] inference took 0.28s
14:49:39 [DETECT] inference took 0.30s
14:49:40 [DETECT] inference took 0.31s
14:49:41 [DETECT] inference took 0.30s
14:49:42 [DETECT] inference took 0.30s
14:49:43 [DETECT] inference took 0.28s
14:49:44 [DETECT] inference took 0.28s
14:49:45 [DETECT] inference took 0.30s
14:49:46 [DETECT] inference took 0.31s
14:49:47 [DETECT] inference took 0.28s
14:49:48 [DETECT] inference took 0.28s
14:49:49 [DETECT] inference took 0.31s
14:49:50 [DETECT] inference took 0.30s
14:49:51 [DETECT] inference took 0.28s
14:49:52 [DETECT] inference took 0.28s
14:49:53 [DETECT] inference took 0.34s
14:49:54 [DETECT] inference took 0.30s
14:49:55 [DETECT] inference took 0.30s
14:49:56 [DETECT] inference took 0.28s
14:49:57 [DETECT] inference took 0.28s
14:49:58 [DETECT] inference took 0.28s
14:49:59 [DETECT] inference took 0.28s
14:50:00 [DETECT] inference took 0.28s
14:50:01 [DETECT] inference took 0.28s
14:50:02 [DETECT] inference took 0.30s
14:50:03 [DETECT] inference took 0.30s
14:50:04 [DETECT] inference took 0.27s
14:50:05 [DETECT] inference took 0.30s
14:50:06 [DETECT] inference took 0.27s
14:50:07 [DETECT] inference took 0.30s
14:50:08 [DETECT] inference took 0.27s
14:50:09 [DETECT] inference took 0.30s
14:50:10 [DETECT] inference took 0.27s
14:50:11 [DETECT] inference took 0.28s
14:50:12 [DETECT] inference took 0.30s
14:50:13 [DETECT] inference took 0.30s
14:50:14 [DETECT] inference took 0.30s
14:50:15 [DETECT] inference took 0.36s
14:50:16 [DETECT] inference took 0.34s
14:50:17 [DETECT] inference took 0.34s
14:50:18 [DETECT] inference took 0.27s
14:50:19 [DETECT] inference took 0.28s
14:50:20 [DETECT] inference took 0.28s
14:50:21 [DETECT] inference took 0.30s
14:50:22 [DETECT] inference took 0.27s
14:50:23 [DETECT] inference took 0.30s
14:50:24 [DETECT] inference took 0.30s
14:50:25 [DETECT] inference took 0.28s
14:50:26 [DETECT] inference took 0.30s
14:50:27 [DETECT] inference took 0.28s
14:50:28 [DETECT] inference took 0.28s
14:50:29 [DETECT] inference took 0.28s
14:50:30 [DETECT] inference took 0.28s
14:50:31 [DETECT] inference took 0.27s
14:50:32 [DETECT] inference took 0.28s
14:50:33 [DETECT] inference took 0.27s
14:50:34 [DETECT] inference took 0.30s
14:50:35 [DETECT] inference took 0.28s
14:50:36 [DETECT] inference took 0.31s
14:50:37 [DETECT] inference took 0.38s
14:50:38 [DETECT] inference took 0.31s
14:50:39 [DETECT] inference took 0.30s
14:50:40 [DETECT] inference took 0.30s
14:50:41 [DETECT] inference took 0.26s
14:50:42 [DETECT] inference took 0.28s
14:50:43 [DETECT] inference took 0.20s
14:50:44 [DETECT] inference took 0.20s
14:50:45 [DETECT] inference took 0.20s
14:50:46 [DETECT] inference took 0.22s
14:50:47 [DETECT] inference took 0.22s
14:50:48 [DETECT] inference took 0.20s
14:50:49 [DETECT] inference took 0.22s
14:50:50 [DETECT] inference took 0.22s
14:50:51 [DETECT] inference took 0.22s
14:50:52 [DETECT] inference took 0.20s
14:50:53 [DETECT] inference took 0.22s
14:50:54 [DETECT] inference took 0.20s
14:50:55 [DETECT] inference took 0.20s
14:50:56 [DETECT] inference took 0.22s
14:50:57 [DETECT] inference took 0.20s
14:50:58 [DETECT] inference took 0.20s
14:50:59 [DETECT] inference took 0.20s
14:51:00 [DETECT] inference took 0.22s
14:51:01 [DETECT] inference took 0.22s
14:51:02 [DETECT] inference took 0.20s
14:51:03 [DETECT] inference took 0.30s
14:51:04 [DETECT] inference took 0.33s
14:51:05 [DETECT] inference took 0.31s
14:51:06 [DETECT] inference took 0.31s
14:51:07 [DETECT] inference took 0.30s
14:51:08 [DETECT] inference took 0.31s
14:51:09 [DETECT] inference took 0.31s
14:51:10 [DETECT] inference took 0.33s
14:51:11 [DETECT] inference took 0.33s
14:51:12 [DETECT] inference took 0.30s
14:51:13 [DETECT] inference took 0.31s
14:51:14 [DETECT] inference took 0.28s
14:51:15 [DETECT] inference took 0.30s
14:51:16 [DETECT] inference took 0.30s
14:51:17 [DETECT] inference took 0.30s
14:51:18 [DETECT] inference took 0.30s
14:51:19 [DETECT] inference took 0.33s
14:51:20 [DETECT] inference took 0.31s
14:51:21 [DETECT] inference took 0.30s
14:51:22 [DETECT] inference took 0.28s
14:51:23 [DETECT] inference took 0.39s
14:51:24 [DETECT] inference took 0.31s
14:51:24 [DETECT] inference took 0.41s
14:51:25 [DETECT] inference took 0.34s
14:51:25 [DETECT] inference took 0.39s
14:51:26 [DETECT] inference took 0.30s
14:51:26 [DETECT] inference took 0.38s
14:51:27 [DETECT] inference took 0.30s
14:51:27 [DETECT] inference took 0.34s
14:51:28 [DETECT] inference took 0.31s
14:51:28 [DETECT] inference took 0.34s
14:51:29 [DETECT] inference took 0.31s
14:51:29 [DETECT] inference took 0.34s
14:51:30 [DETECT] inference took 0.30s
14:51:30 [DETECT] inference took 0.36s
14:51:31 [DETECT] inference took 0.31s
14:51:31 [DETECT] inference took 0.34s
14:51:32 [DETECT] inference took 0.31s
14:51:32 [DETECT] inference took 0.33s
14:51:33 [DETECT] inference took 0.31s
14:51:33 [DETECT] inference took 0.36s
14:51:34 [DETECT] inference took 0.30s
14:51:34 [DETECT] inference took 0.36s
14:51:35 [DETECT] inference took 0.31s
14:51:35 [DETECT] inference took 0.34s
14:51:36 [DETECT] inference took 0.31s
14:51:36 [DETECT] inference took 0.33s
14:51:37 [DETECT] inference took 0.28s
14:51:37 [DETECT] inference took 0.34s
14:51:38 [DETECT] inference took 0.33s
14:51:38 [DETECT] inference took 0.36s
14:51:39 [DETECT] inference took 0.30s
14:51:39 [DETECT] inference took 0.36s
14:51:40 [DETECT] inference took 0.30s
14:51:40 [DETECT] inference took 0.36s
14:51:41 [DETECT] inference took 0.30s
14:51:41 [DETECT] inference took 0.33s
14:51:42 [DETECT] inference took 0.30s
14:51:42 [DETECT] inference took 0.34s
14:51:43 [DETECT] inference took 0.31s
14:51:43 [DETECT] inference took 0.34s
14:51:44 [DETECT] inference took 0.30s
14:51:44 [DETECT] inference took 0.34s
14:51:45 [DETECT] inference took 0.30s
14:51:45 [DETECT] inference took 0.42s
14:51:46 [DETECT] inference took 0.36s
14:51:47 [DETECT] inference took 0.31s
14:51:48 [DETECT] inference took 0.33s
14:51:48 [DETECT] inference took 0.38s
14:51:49 [DETECT] inference took 0.30s
14:51:50 [DETECT] inference took 0.31s
14:51:50 [DETECT] inference took 0.33s
14:51:51 [DETECT] inference took 0.31s
14:51:52 [DETECT] inference took 0.25s
14:51:52 [DETECT] inference took 0.24s
14:51:53 [DETECT] inference took 0.24s
14:51:53 [DETECT] inference took 0.23s
14:51:54 [DETECT] inference took 0.24s
14:51:54 [DETECT] inference took 0.23s
14:51:55 [DETECT] inference took 0.22s
14:51:55 [DETECT] inference took 0.24s
14:51:56 [DETECT] inference took 0.24s
14:51:56 [DETECT] inference took 0.23s
14:51:57 [DETECT] inference took 0.24s
14:51:58 [DETECT] inference took 0.24s
14:51:59 [DETECT] inference took 0.22s
14:52:00 [DETECT] inference took 0.31s
14:52:01 [DETECT] inference took 0.30s
14:52:02 [DETECT] inference took 0.31s
14:52:03 [DETECT] inference took 0.30s
14:52:04 [DETECT] inference took 0.31s
14:52:05 [DETECT] inference took 0.31s
14:52:06 [DETECT] inference took 0.30s
14:52:07 [DETECT] inference took 0.20s
14:52:08 [DETECT] inference took 0.22s
14:52:09 [DETECT] inference took 0.33s
14:52:10 [DETECT] inference took 0.34s
14:52:11 [DETECT] inference took 0.31s
14:52:12 [DETECT] inference took 0.34s
14:52:13 [DETECT] inference took 0.33s
14:52:14 [DETECT] inference took 0.34s
14:52:15 [DETECT] inference took 0.33s
14:52:16 [DETECT] inference took 0.33s
14:52:17 [DETECT] inference took 0.33s
14:52:18 [DETECT] inference took 0.33s
14:52:19 [DETECT] inference took 0.36s
14:52:20 [DETECT] inference took 0.31s
14:52:21 [DETECT] inference took 0.33s
14:52:22 [DETECT] inference took 0.31s
14:52:23 [DETECT] inference took 0.34s
14:52:24 [DETECT] inference took 0.34s
14:52:25 [DETECT] inference took 0.31s
14:52:26 [DETECT] inference took 0.31s
14:52:27 [DETECT] inference took 0.34s
14:52:28 [DETECT] inference took 0.34s
14:52:29 [DETECT] inference took 0.34s
14:52:30 [DETECT] inference took 0.36s
14:52:31 [DETECT] inference took 0.42s
14:52:31 [DETECT] inference took 0.31s
14:52:32 [DETECT] inference took 0.34s
14:52:33 [DETECT] inference took 0.34s
14:52:34 [DETECT] inference took 0.22s
14:52:35 [DETECT] inference took 0.22s
14:52:36 [DETECT] inference took 0.22s
14:52:37 [DETECT] inference took 0.20s
14:52:38 [DETECT] inference took 0.22s
14:52:39 [DETECT] inference took 0.20s
14:52:40 [DETECT] inference took 0.20s
14:52:41 [DETECT] inference took 0.20s
14:52:42 [DETECT] inference took 0.22s
14:52:43 [DETECT] inference took 0.20s
14:52:44 [DETECT] inference took 0.20s
14:52:45 [DETECT] inference took 0.22s
14:52:45 [DETECT] inference took 0.24s
14:52:46 [DETECT] inference took 0.20s
14:52:47 [DETECT] inference took 0.22s
14:52:48 [DETECT] inference took 0.20s
14:52:48 [DETECT] inference took 0.25s
14:52:49 [DETECT] inference took 0.20s
14:52:49 [DETECT] inference took 0.25s
14:52:50 [DETECT] inference took 0.22s
14:52:51 [DETECT] inference took 0.20s
14:52:51 [DETECT] inference took 0.25s
14:52:52 [DETECT] inference took 0.22s
14:52:52 [DETECT] inference took 0.24s
14:52:53 [DETECT] inference took 0.22s
14:52:53 [DETECT] inference took 0.24s
14:52:54 [DETECT] inference took 0.20s
14:52:54 [DETECT] inference took 0.30s
14:52:55 [DETECT] inference took 0.33s
14:52:56 [DETECT] inference took 0.34s
14:52:57 [DETECT] inference took 0.31s
14:52:58 [DETECT] inference took 0.31s
14:52:59 [DETECT] inference took 0.31s
14:53:00 [DETECT] inference took 0.30s
14:53:01 [DETECT] inference took 0.31s
14:53:02 [DETECT] inference took 0.33s
14:53:03 [DETECT] inference took 0.31s
14:53:04 [DETECT] inference took 0.34s
14:53:05 [DETECT] inference took 0.30s
14:53:06 [DETECT] inference took 0.33s
14:53:07 [DETECT] inference took 0.31s
14:53:08 [DETECT] inference took 0.31s
14:53:09 [DETECT] inference took 0.36s
14:53:10 [DETECT] inference took 0.31s
14:53:11 [DETECT] inference took 0.31s
14:53:12 [DETECT] inference took 0.31s
14:53:13 [DETECT] inference took 0.31s
14:53:14 [DETECT] inference took 0.38s
14:53:15 [DETECT] inference took 0.36s
14:53:16 [DETECT] inference took 0.36s
14:53:17 [DETECT] inference took 0.36s
14:53:18 [DETECT] inference took 0.38s
14:53:19 [DETECT] inference took 0.31s
14:53:20 [DETECT] inference took 0.33s
14:53:21 [DETECT] inference took 0.31s
14:53:22 [DETECT] inference took 0.33s
14:53:23 [DETECT] inference took 0.31s
14:53:24 [DETECT] inference took 0.33s
14:53:25 [DETECT] inference took 0.31s
14:53:26 [DETECT] inference took 0.33s
14:53:27 [DETECT] inference took 0.33s
14:53:28 [DETECT] inference took 0.34s
14:53:29 [DETECT] inference took 0.33s
14:53:30 [DETECT] inference took 0.33s
14:53:31 [DETECT] inference took 0.31s
14:53:32 [DETECT] inference took 0.33s
14:53:33 [DETECT] inference took 0.31s
14:53:34 [DETECT] inference took 0.34s
14:53:35 [DETECT] inference took 0.30s
14:53:36 [DETECT] inference took 0.38s
14:53:37 [DETECT] inference took 0.22s
14:53:38 [DETECT] inference took 0.22s
14:53:39 [DETECT] inference took 0.20s
14:53:40 [DETECT] inference took 0.22s
14:53:41 [DETECT] inference took 0.22s
14:53:42 [DETECT] inference took 0.20s
14:53:43 [DETECT] inference took 0.22s
14:53:43 [DETECT] inference took 0.25s
14:53:43 [DETECT] rejected drone candidate (confidence=0.45) -- overlaps a confidently-classified non-drone object
14:53:44 [DETECT] inference took 0.20s
14:53:44 [DETECT] inference took 0.25s
14:53:44 [DETECT] rejected drone candidate (confidence=0.36) -- same region was rejected moments ago (memory)
14:53:45 [DETECT] inference took 0.22s
14:53:46 [DETECT] inference took 0.20s
14:53:47 [DETECT] inference took 0.22s
14:53:48 [DETECT] inference took 0.20s
14:53:49 [DETECT] inference took 0.20s
14:53:50 [DETECT] inference took 0.22s
14:53:51 [DETECT] inference took 0.22s
14:53:52 [DETECT] inference took 0.20s
14:53:53 [DETECT] inference took 0.22s
14:53:54 [DETECT] inference took 0.20s
14:53:55 [DETECT] inference took 0.22s
14:53:56 [DETECT] inference took 0.22s
14:53:57 [DETECT] inference took 0.22s
14:53:58 [DETECT] inference took 0.20s
14:53:59 [DETECT] inference took 0.22s
14:54:00 [DETECT] inference took 0.22s
14:54:01 [DETECT] inference took 0.23s
14:54:02 [DETECT] inference took 0.34s
14:54:03 [DETECT] inference took 0.34s
14:54:04 [DETECT] inference took 0.33s
14:54:05 [DETECT] inference took 0.33s
14:54:06 [DETECT] inference took 0.34s
14:54:07 [DETECT] inference took 0.36s
14:54:08 [DETECT] inference took 0.34s
14:54:09 [DETECT] inference took 0.38s
14:54:09 [DETECT] inference took 0.34s
14:54:10 [DETECT] inference took 0.33s
14:54:11 [DETECT] inference took 0.33s
14:54:12 [DETECT] inference took 0.34s
14:54:13 [DETECT] inference took 0.33s
14:54:14 [DETECT] inference took 0.34s
14:54:15 [DETECT] inference took 0.33s
14:54:16 [DETECT] inference took 0.41s
14:54:16 [DETECT] inference took 0.33s
14:54:17 [DETECT] inference took 0.34s
14:54:18 [DETECT] inference took 0.34s
14:54:19 [DETECT] inference took 0.36s
14:54:20 [DETECT] inference took 0.33s
14:54:21 [DETECT] inference took 0.38s
14:54:22 [DETECT] inference took 0.33s
14:54:23 [DETECT] inference took 0.34s
14:54:24 [DETECT] inference took 0.30s
14:54:24 [DETECT] inference took 0.36s
14:54:25 [DETECT] inference took 0.30s
14:54:26 [DETECT] inference took 0.30s
14:54:27 [DETECT] inference took 0.30s
14:54:28 [DETECT] inference took 0.30s
14:54:29 [DETECT] inference took 0.30s
14:54:30 [DETECT] inference took 0.28s
14:54:31 [DETECT] inference took 0.28s
14:54:32 [DETECT] inference took 0.30s
14:54:33 [DETECT] inference took 0.28s
14:54:34 [DETECT] inference took 0.20s
14:54:35 [DETECT] inference took 0.22s
14:54:36 [DETECT] inference took 0.25s
14:54:37 [DETECT] inference took 0.28s
14:54:38 [DETECT] inference took 0.30s
14:54:39 [DETECT] inference took 0.28s
14:54:40 [DETECT] inference took 0.30s
14:54:41 [DETECT] inference took 0.30s
14:54:42 [DETECT] inference took 0.30s
14:54:43 [DETECT] inference took 0.30s
14:54:44 [DETECT] inference took 0.58s
14:54:45 [DETECT] inference took 0.45s
14:54:46 [DETECT] inference took 0.30s
14:54:47 [DETECT] inference took 0.31s
14:54:48 [DETECT] inference took 0.22s
14:54:49 [DETECT] inference took 0.20s
14:54:50 [DETECT] inference took 0.22s
14:54:51 [DETECT] inference took 0.22s
14:54:52 [DETECT] inference took 0.20s
14:54:53 [DETECT] inference took 0.22s
14:54:54 [DETECT] inference took 0.22s
14:54:55 [DETECT] inference took 0.22s
14:54:56 [DETECT] inference took 0.22s
14:54:57 [DETECT] inference took 0.20s
14:54:58 [DETECT] inference took 0.20s
14:54:59 [DETECT] inference took 0.20s
14:55:00 [DETECT] inference took 0.22s
14:55:01 [DETECT] inference took 0.22s
14:55:02 [DETECT] inference took 0.20s
14:55:03 [DETECT] inference took 0.20s
14:55:04 [DETECT] inference took 0.22s
14:55:05 [DETECT] inference took 0.20s
14:55:06 [DETECT] inference took 0.22s
14:55:07 [DETECT] inference took 0.20s
14:55:08 [DETECT] inference took 0.20s
14:55:09 [DETECT] inference took 0.22s
14:55:10 [DETECT] inference took 0.20s
14:55:11 [DETECT] inference took 0.22s
14:55:12 [DETECT] inference took 0.20s
14:55:13 [DETECT] inference took 0.22s
14:55:14 [DETECT] inference took 0.22s
14:55:15 [DETECT] inference took 0.20s
14:55:16 [DETECT] inference took 0.22s
14:55:17 [DETECT] inference took 0.22s
14:55:18 [DETECT] inference took 0.22s
14:55:19 [DETECT] inference took 0.20s
14:55:20 [DETECT] inference took 0.20s
14:55:21 [DETECT] inference took 0.22s
14:55:22 [DETECT] inference took 0.20s
14:55:23 [DETECT] inference took 0.22s
14:55:24 [DETECT] inference took 0.20s
14:55:25 [DETECT] inference took 0.22s
14:55:26 [DETECT] inference took 0.20s
14:55:27 [DETECT] inference took 0.20s
14:55:28 [DETECT] inference took 0.20s
14:55:29 [DETECT] inference took 0.22s
14:55:30 [DETECT] inference took 0.20s
14:55:31 [DETECT] inference took 0.20s
14:55:32 [DETECT] inference took 0.22s
14:55:33 [DETECT] inference took 0.20s
14:55:34 [DETECT] inference took 0.20s
14:55:35 [DETECT] inference took 0.22s
14:55:36 [DETECT] inference took 0.20s
14:55:37 [DETECT] inference took 0.20s
14:55:38 [DETECT] inference took 0.22s
14:55:39 [DETECT] inference took 0.20s
14:55:40 [DETECT] inference took 0.22s
14:55:41 [DETECT] inference took 0.22s
14:55:42 [DETECT] inference took 0.20s
14:55:43 [DETECT] inference took 0.20s
14:55:44 [DETECT] inference took 0.22s
14:55:45 [DETECT] inference took 0.20s
14:55:46 [DETECT] inference took 0.20s
14:55:47 [DETECT] inference took 0.22s
14:55:48 [DETECT] inference took 0.20s
14:55:49 [DETECT] inference took 0.20s
14:55:50 [DETECT] inference took 0.22s
14:55:51 [DETECT] inference took 0.22s
14:55:52 [DETECT] inference took 0.20s
14:55:53 [DETECT] inference took 0.22s
14:55:54 [DETECT] inference took 0.22s
14:55:55 [DETECT] inference took 0.20s
14:55:56 [DETECT] inference took 0.22s
14:55:57 [DETECT] inference took 0.22s
14:55:58 [DETECT] inference took 0.22s
14:55:59 [DETECT] inference took 0.20s
14:56:00 [DETECT] inference took 0.20s
14:56:01 [DETECT] inference took 0.22s
14:56:02 [DETECT] inference took 0.20s
14:56:03 [DETECT] inference took 0.22s
14:56:04 [DETECT] inference took 0.20s
14:56:05 [DETECT] inference took 0.20s
14:56:06 [DETECT] inference took 0.20s
14:56:07 [DETECT] inference took 0.22s
14:56:08 [DETECT] inference took 0.20s
14:56:09 [DETECT] inference took 0.22s
14:56:10 [DETECT] inference took 0.20s
14:56:11 [DETECT] inference took 0.20s
14:56:12 [DETECT] inference took 0.20s
14:56:13 [DETECT] inference took 0.22s
14:56:14 [DETECT] inference took 0.22s
14:56:15 [DETECT] inference took 0.20s
14:56:16 [DETECT] inference took 0.22s
14:56:17 [DETECT] inference took 0.20s
14:56:18 [DETECT] inference took 0.22s
14:56:19 [DETECT] inference took 0.22s
14:56:20 [DETECT] inference took 0.20s
14:56:21 [DETECT] inference took 0.22s
14:56:22 [DETECT] inference took 0.20s
14:56:23 [DETECT] inference took 0.20s
14:56:24 [DETECT] inference took 0.22s
14:56:25 [DETECT] inference took 0.20s
14:56:26 [DETECT] inference took 0.20s
14:56:27 [DETECT] inference took 0.22s
14:56:28 [DETECT] inference took 0.22s
14:56:29 [DETECT] inference took 0.20s
14:56:30 [DETECT] inference took 0.20s
14:56:31 [DETECT] inference took 0.22s
14:56:32 [DETECT] inference took 0.22s
14:56:33 [DETECT] inference took 0.22s
14:56:34 [DETECT] inference took 0.20s
14:56:35 [DETECT] inference took 0.20s
14:56:36 [DETECT] inference took 0.22s
14:56:37 [DETECT] inference took 0.20s
14:56:38 [DETECT] inference took 0.22s
14:56:39 [DETECT] inference took 0.22s
14:56:40 [DETECT] inference took 0.20s
14:56:41 [DETECT] inference took 0.30s
14:56:42 [DETECT] inference took 0.30s
14:56:43 [DETECT] inference took 0.28s
14:56:44 [DETECT] inference took 0.28s
14:56:45 [DETECT] inference took 0.28s
14:56:46 [DETECT] inference took 0.31s
14:56:47 [DETECT] inference took 0.28s
14:56:48 [DETECT] inference took 0.30s
14:56:49 [DETECT] inference took 0.30s
14:56:50 [DETECT] inference took 0.30s
14:56:51 [DETECT] inference took 0.28s
14:56:52 [DETECT] inference took 0.30s
14:56:53 [DETECT] inference took 0.30s
14:56:54 [DETECT] inference took 0.30s
14:56:55 [DETECT] inference took 0.30s
14:56:56 [DETECT] inference took 0.30s
14:56:57 [DETECT] inference took 0.28s
14:56:58 [DETECT] inference took 0.28s
14:56:59 [DETECT] inference took 0.34s
14:57:00 [DETECT] inference took 0.34s
14:57:01 [DETECT] inference took 0.28s
14:57:02 [DETECT] inference took 0.30s
14:57:03 [DETECT] inference took 0.28s
14:57:04 [DETECT] inference took 0.22s
14:57:05 [DETECT] inference took 0.22s
14:57:06 [DETECT] inference took 0.20s
14:57:07 [DETECT] inference took 0.22s
14:57:08 [DETECT] inference took 0.22s
14:57:09 [DETECT] inference took 0.20s
14:57:10 [DETECT] inference took 0.22s
14:57:11 [DETECT] inference took 0.22s
14:57:12 [DETECT] inference took 0.20s
14:57:13 [DETECT] inference took 0.22s
14:57:14 [DETECT] inference took 0.22s
14:57:15 [DETECT] inference took 0.20s
14:57:16 [DETECT] inference took 0.22s
14:57:17 [DETECT] inference took 0.20s
14:57:18 [DETECT] inference took 0.22s
14:57:19 [DETECT] inference took 0.22s
14:57:20 [DETECT] inference took 0.20s
14:57:21 [DETECT] inference took 0.22s
14:57:22 [DETECT] inference took 0.22s
14:57:23 [DETECT] inference took 0.20s
14:57:24 [DETECT] inference took 0.23s
14:57:25 [DETECT] inference took 0.33s
14:57:26 [DETECT] inference took 0.36s
14:57:26 [DETECT] inference took 0.31s
14:57:27 [DETECT] inference took 0.30s
14:57:28 [DETECT] inference took 0.28s
14:57:29 [DETECT] inference took 0.28s
14:57:30 [DETECT] inference took 0.31s
14:57:31 [DETECT] inference took 0.28s
14:57:32 [DETECT] inference took 0.28s
14:57:33 [DETECT] inference took 0.28s
14:57:34 [DETECT] inference took 0.30s
14:57:35 [DETECT] inference took 0.30s
14:57:36 [DETECT] inference took 0.30s
14:57:37 [DETECT] inference took 0.26s
14:57:38 [DETECT] inference took 0.30s
14:57:39 [DETECT] inference took 0.31s
14:57:40 [DETECT] inference took 0.28s
14:57:41 [DETECT] inference took 0.30s
14:57:42 [DETECT] inference took 0.26s
14:57:43 [DETECT] inference took 0.28s
14:57:44 [DETECT] inference took 0.39s
14:57:45 [DETECT] inference took 0.33s
14:57:46 [DETECT] inference took 0.22s
14:57:47 [DETECT] inference took 0.30s
14:57:48 [DETECT] inference took 0.30s
14:57:49 [DETECT] inference took 0.30s
14:57:50 [DETECT] inference took 0.31s
14:57:51 [DETECT] inference took 0.30s
14:57:52 [DETECT] inference took 0.30s
14:57:53 [DETECT] inference took 0.31s
14:57:54 [DETECT] inference took 0.31s
14:57:55 [DETECT] inference took 0.28s
14:57:56 [DETECT] inference took 0.28s
14:57:57 [DETECT] inference took 0.30s
14:57:58 [DETECT] inference took 0.28s
14:57:59 [DETECT] inference took 0.23s
14:58:00 [DETECT] inference took 0.22s
14:58:01 [DETECT] inference took 0.20s
14:58:02 [DETECT] inference took 0.24s
14:58:03 [DETECT] inference took 0.22s
14:58:04 [DETECT] inference took 0.28s
14:58:05 [DETECT] inference took 0.31s
14:58:06 [DETECT] inference took 0.36s
14:58:07 [DETECT] inference took 0.30s
14:58:08 [DETECT] inference took 0.28s
14:58:09 [DETECT] inference took 0.28s
14:58:10 [DETECT] inference took 0.24s
14:58:11 [DETECT] inference took 0.22s
14:58:12 [DETECT] inference took 0.20s
14:58:13 [DETECT] inference took 0.24s
14:58:14 [DETECT] inference took 0.20s
14:58:15 [DETECT] inference took 0.22s
14:58:16 [DETECT] inference took 0.22s
14:58:17 [DETECT] inference took 0.20s
14:58:18 [DETECT] inference took 0.22s
14:58:19 [DETECT] inference took 0.22s
14:58:20 [DETECT] inference took 0.22s
14:58:21 [DETECT] inference took 0.22s
14:58:22 [DETECT] inference took 0.22s
14:58:23 [DETECT] inference took 0.22s
14:58:24 [DETECT] inference took 0.22s
14:58:25 [DETECT] inference took 0.22s
14:58:26 [DETECT] inference took 0.22s
14:58:27 [DETECT] inference took 0.22s
14:58:28 [DETECT] inference took 0.22s
14:58:29 [DETECT] inference took 0.22s
14:58:30 [DETECT] inference took 0.22s
14:58:31 [DETECT] inference took 0.22s
14:58:32 [DETECT] inference took 0.22s
14:58:33 [DETECT] inference took 0.22s
14:58:34 [DETECT] inference took 0.24s
14:58:35 [DETECT] inference took 0.22s
14:58:36 [DETECT] inference took 0.24s
14:58:37 [DETECT] inference took 0.22s
14:58:38 [DETECT] inference took 0.22s
14:58:39 [DETECT] inference took 0.22s
14:58:40 [DETECT] inference took 0.22s
14:58:41 [DETECT] inference took 0.22s
14:58:42 [DETECT] inference took 0.22s
14:58:43 [DETECT] inference took 0.24s
14:58:44 [DETECT] inference took 0.22s
14:58:45 [DETECT] inference took 0.22s
14:58:46 [DETECT] inference took 0.22s
14:58:47 [DETECT] inference took 0.22s
14:58:48 [DETECT] inference took 0.20s
14:58:49 [DETECT] inference took 0.22s
14:58:50 [DETECT] inference took 0.22s
14:58:51 [DETECT] inference took 0.22s
14:58:52 [DETECT] inference took 0.22s
14:58:53 [DETECT] inference took 0.22s
14:58:54 [DETECT] inference took 0.24s
14:58:55 [DETECT] inference took 0.22s
14:58:56 [DETECT] inference took 0.20s
14:58:57 [DETECT] inference took 0.22s
14:58:58 [DETECT] inference took 0.22s
14:58:59 [DETECT] inference took 0.22s
14:59:00 [DETECT] inference took 0.20s
14:59:01 [DETECT] inference took 0.24s
14:59:02 [DETECT] inference took 0.24s
14:59:03 [DETECT] inference took 0.24s
14:59:04 [DETECT] inference took 0.22s
14:59:05 [DETECT] inference took 0.22s
14:59:06 [DETECT] inference took 0.22s
14:59:07 [DETECT] inference took 0.22s
14:59:08 [DETECT] inference took 0.20s
14:59:09 [DETECT] inference took 0.22s
14:59:10 [DETECT] inference took 0.20s
14:59:11 [DETECT] inference took 0.22s
14:59:12 [DETECT] inference took 0.24s
14:59:13 [DETECT] inference took 0.22s
14:59:14 [DETECT] inference took 0.24s
14:59:15 [DETECT] inference took 0.24s
14:59:16 [DETECT] inference took 0.22s
14:59:17 [DETECT] inference took 0.24s
14:59:18 [DETECT] inference took 0.22s
14:59:19 [DETECT] inference took 0.22s
14:59:20 [DETECT] inference took 0.28s
14:59:21 [DETECT] inference took 0.30s
14:59:22 [DETECT] inference took 0.28s
14:59:23 [DETECT] inference took 0.30s
14:59:24 [DETECT] inference took 0.31s
14:59:25 [DETECT] inference took 0.28s
14:59:26 [DETECT] inference took 0.30s
14:59:27 [DETECT] inference took 0.31s
14:59:28 [DETECT] inference took 0.30s
14:59:29 [DETECT] inference took 0.30s
14:59:30 [DETECT] inference took 0.31s
14:59:31 [DETECT] inference took 0.31s
14:59:32 [DETECT] inference took 0.31s
14:59:33 [DETECT] inference took 0.28s
14:59:34 [DETECT] inference took 0.28s
14:59:35 [DETECT] inference took 0.28s
14:59:36 [DETECT] inference took 0.30s
14:59:37 [DETECT] inference took 0.39s
14:59:38 [DETECT] inference took 0.41s
14:59:38 [DETECT] inference took 0.31s
14:59:39 [DETECT] inference took 0.28s
14:59:39 [DETECT] inference took 0.22s
14:59:39 [DETECT] inference took 0.25s
14:59:40 [DETECT] inference took 0.20s
14:59:40 [DETECT] inference took 0.27s
14:59:41 [DETECT] inference took 0.20s
14:59:41 [DETECT] inference took 0.27s
14:59:42 [DETECT] inference took 0.22s
14:59:42 [DETECT] inference took 0.26s
14:59:43 [DETECT] inference took 0.22s
14:59:43 [DETECT] inference took 0.26s
14:59:44 [DETECT] inference took 0.22s
14:59:44 [DETECT] inference took 0.26s
14:59:45 [DETECT] inference took 0.20s
14:59:45 [DETECT] inference took 0.27s
14:59:46 [DETECT] inference took 0.22s
14:59:46 [DETECT] inference took 0.25s
14:59:47 [DETECT] inference took 0.22s
14:59:47 [DETECT] inference took 0.25s
14:59:48 [DETECT] inference took 0.20s
14:59:48 [DETECT] inference took 0.27s
14:59:49 [DETECT] inference took 0.22s
14:59:49 [DETECT] inference took 0.26s
14:59:50 [DETECT] inference took 0.20s
14:59:50 [DETECT] inference took 0.25s
14:59:51 [DETECT] inference took 0.22s
14:59:51 [DETECT] inference took 0.25s
14:59:52 [DETECT] inference took 0.22s
14:59:52 [DETECT] inference took 0.25s
14:59:53 [DETECT] inference took 0.22s
14:59:53 [DETECT] inference took 0.25s
14:59:54 [DETECT] inference took 0.22s
14:59:54 [DETECT] inference took 0.25s
14:59:55 [DETECT] inference took 0.22s
14:59:55 [DETECT] inference took 0.25s
14:59:56 [DETECT] inference took 0.20s
14:59:56 [DETECT] inference took 0.26s
14:59:57 [DETECT] inference took 0.20s
14:59:57 [DETECT] inference took 0.27s
14:59:58 [DETECT] inference took 0.22s
14:59:58 [DETECT] inference took 0.25s
14:59:59 [DETECT] inference took 0.23s
14:59:59 [DETECT] inference took 0.24s
15:00:00 [DETECT] inference took 0.33s
15:00:01 [DETECT] inference took 0.28s
15:00:02 [DETECT] inference took 0.33s
15:00:03 [DETECT] inference took 0.36s
15:00:03 [DETECT] inference took 0.31s
15:00:04 [DETECT] inference took 0.33s
15:00:05 [DETECT] inference took 0.20s
15:00:06 [DETECT] inference took 0.22s
15:00:07 [DETECT] inference took 0.20s
15:00:08 [DETECT] inference took 0.20s
15:00:09 [DETECT] inference took 0.22s
15:00:09 [DETECT] inference took 0.24s
15:00:10 [DETECT] inference took 0.22s
15:00:11 [DETECT] inference took 0.25s
15:00:11 [DETECT] inference took 0.20s
15:00:11 [DETECT] inference took 0.25s
15:00:12 [DETECT] inference took 0.22s
15:00:12 [DETECT] inference took 0.25s
15:00:13 [DETECT] inference took 0.22s
15:00:14 [DETECT] inference took 0.20s
15:00:14 [DETECT] inference took 0.25s
15:00:15 [DETECT] inference took 0.22s
15:00:15 [DETECT] inference took 0.25s
15:00:16 [DETECT] inference took 0.20s
15:00:16 [DETECT] inference took 0.26s
15:00:17 [DETECT] inference took 0.20s
15:00:17 [DETECT] inference took 0.24s
15:00:18 [DETECT] inference took 0.20s
15:00:18 [DETECT] inference took 0.25s
15:00:19 [DETECT] inference took 0.22s
15:00:19 [DETECT] inference took 0.25s
15:00:20 [DETECT] inference took 0.20s
15:00:20 [DETECT] inference took 0.25s
15:00:21 [DETECT] inference took 0.20s
15:00:21 [DETECT] inference took 0.25s
15:00:22 [DETECT] inference took 0.36s
15:00:23 [DETECT] inference took 0.34s
15:00:24 [DETECT] inference took 0.34s
15:00:25 [DETECT] inference took 0.34s
15:00:26 [DETECT] inference took 0.33s
15:00:27 [DETECT] inference took 0.34s
15:00:28 [DETECT] inference took 0.33s
15:00:29 [DETECT] inference took 0.34s
15:00:30 [DETECT] inference took 0.31s
15:00:31 [DETECT] inference took 0.36s
15:00:32 [DETECT] inference took 0.34s
15:00:33 [DETECT] inference took 0.36s
15:00:34 [DETECT] inference took 0.36s
15:00:35 [DETECT] inference took 0.36s
15:00:36 [DETECT] inference took 0.36s
15:00:37 [DETECT] inference took 0.34s
15:00:38 [DETECT] inference took 0.33s
15:00:39 [DETECT] inference took 0.36s
15:00:40 [DETECT] inference took 0.31s
15:00:41 [DETECT] inference took 0.34s
15:00:42 [DETECT] inference took 0.36s
15:00:43 [DETECT] inference took 0.38s
15:00:44 [DETECT] inference took 0.36s
15:00:45 [DETECT] inference took 0.34s
15:00:46 [DETECT] inference took 0.34s
15:00:47 [DETECT] inference took 0.22s
15:00:48 [DETECT] inference took 0.22s
15:00:49 [DETECT] inference took 0.20s
15:00:50 [DETECT] inference took 0.22s
15:00:51 [DETECT] inference took 0.20s
15:00:52 [DETECT] inference took 0.22s
15:00:53 [DETECT] inference took 0.36s
15:00:54 [DETECT] inference took 0.34s
15:00:55 [DETECT] inference took 0.34s
15:00:56 [DETECT] inference took 0.34s
15:00:57 [DETECT] inference took 0.34s
15:00:58 [DETECT] inference took 0.33s
15:00:59 [DETECT] inference took 0.34s
15:01:00 [DETECT] inference took 0.22s
15:01:01 [DETECT] inference took 0.20s
15:01:02 [DETECT] inference took 0.20s
15:01:03 [DETECT] inference took 0.22s
15:01:04 [DETECT] inference took 0.20s
15:01:05 [DETECT] inference took 0.22s
15:01:06 [DETECT] inference took 0.22s
15:01:07 [DETECT] inference took 0.33s
15:01:08 [DETECT] inference took 0.34s
15:01:09 [DETECT] inference took 0.31s
15:01:10 [DETECT] inference took 0.33s
15:01:11 [DETECT] inference took 0.34s
15:01:12 [DETECT] inference took 0.34s
15:01:13 [DETECT] inference took 0.34s
15:01:14 [DETECT] inference took 0.36s
15:01:15 [DETECT] inference took 0.33s
15:01:16 [DETECT] inference took 0.34s
15:01:17 [DETECT] inference took 0.33s
15:01:18 [DETECT] inference took 0.36s
15:01:19 [DETECT] inference took 0.34s
15:01:20 [DETECT] inference took 0.36s
15:01:21 [DETECT] inference took 0.36s
15:01:22 [DETECT] inference took 0.33s
15:01:23 [DETECT] inference took 0.34s
15:01:24 [DETECT] inference took 0.31s
15:01:25 [DETECT] inference took 0.34s
15:01:26 [DETECT] inference took 0.34s
15:01:28 [DETECT] inference took 0.47s
15:01:28 [DETECT] inference took 0.36s
15:01:29 [DETECT] inference took 0.38s
15:01:30 [DETECT] inference took 0.39s
15:01:30 [DETECT] inference took 0.36s
15:01:31 [DETECT] inference took 0.31s
15:01:32 [DETECT] inference took 0.22s
15:01:33 [DETECT] inference took 0.20s
15:01:34 [DETECT] inference took 0.20s
15:01:35 [DETECT] inference took 0.22s
15:01:36 [DETECT] inference took 0.20s
15:01:37 [DETECT] inference took 0.34s
15:01:38 [DETECT] inference took 0.36s
15:01:39 [DETECT] inference took 0.34s
15:01:40 [DETECT] inference took 0.34s
15:01:41 [DETECT] inference took 0.38s
15:01:42 [DETECT] inference took 0.36s
15:01:43 [DETECT] inference took 0.38s
15:01:44 [DETECT] inference took 0.38s
15:01:45 [DETECT] inference took 0.33s
15:01:46 [DETECT] inference took 0.38s
15:01:47 [DETECT] inference took 0.38s
15:01:48 [DETECT] inference took 0.34s
15:01:50 [DETECT] inference took 0.42s
15:01:50 [DETECT] inference took 0.39s
15:01:51 [DETECT] inference took 0.38s
15:01:52 [DETECT] inference took 0.22s
15:01:53 [DETECT] inference took 0.25s
15:01:53 [DETECT] rejected drone candidate (confidence=0.41) -- overlaps a confidently-classified non-drone object
15:01:53 [DETECT] rejected drone candidate (confidence=0.29) -- same region was rejected moments ago (memory)
15:01:53 [DETECT] inference took 0.20s
15:01:54 [DETECT] inference took 0.23s
15:01:54 [DETECT] rejected drone candidate (confidence=0.46) -- overlaps a confidently-classified non-drone object
15:01:54 [DETECT] rejected drone candidate (confidence=0.37) -- same region was rejected moments ago (memory)
15:01:54 [DETECT] inference took 0.20s
15:01:55 [DETECT] inference took 0.25s
15:01:55 [DETECT] rejected drone candidate (confidence=0.45) -- overlaps a confidently-classified non-drone object
15:01:55 [DETECT] rejected drone candidate (confidence=0.36) -- same region was rejected moments ago (memory)
15:01:55 [DETECT] inference took 0.22s
15:01:56 [DETECT] inference took 0.25s
15:01:56 [DETECT] rejected drone candidate (confidence=0.43) -- overlaps a confidently-classified non-drone object
15:01:56 [DETECT] rejected drone candidate (confidence=0.37) -- same region was rejected moments ago (memory)
15:01:56 [DETECT] inference took 0.20s
15:01:57 [DETECT] inference took 0.23s
15:01:57 [DETECT] rejected drone candidate (confidence=0.46) -- overlaps a confidently-classified non-drone object
15:01:57 [DETECT] inference took 0.22s
15:01:58 [DETECT] inference took 0.23s
15:01:58 [DETECT] rejected drone candidate (confidence=0.35) -- same region was rejected moments ago (memory)
15:01:58 [DETECT] inference took 0.20s
15:01:59 [DETECT] inference took 0.25s
15:01:59 [DETECT] rejected drone candidate (confidence=0.26) -- overlaps a confidently-classified non-drone object
15:01:59 [DETECT] inference took 0.22s
15:02:00 [DETECT] inference took 0.22s
15:02:01 [DETECT] inference took 0.24s
15:02:01 [DETECT] inference took 0.22s
15:02:02 [DETECT] inference took 0.25s
15:02:02 [DETECT] inference took 0.22s
15:02:03 [DETECT] inference took 0.24s
15:02:03 [DETECT] inference took 0.24s
15:02:04 [DETECT] inference took 0.25s
15:02:04 [DETECT] inference took 0.22s
15:02:05 [DETECT] inference took 0.25s
15:02:05 [DETECT] inference took 0.22s
15:02:06 [DETECT] inference took 0.24s
15:02:06 [DETECT] inference took 0.22s
15:02:07 [DETECT] inference took 0.24s
15:02:07 [DETECT] inference took 0.22s
15:02:08 [DETECT] inference took 0.25s
15:02:08 [DETECT] inference took 0.30s
15:02:09 [DETECT] inference took 0.34s
15:02:09 [DETECT] inference took 0.33s
15:02:10 [DETECT] inference took 0.33s
15:02:11 [DETECT] inference took 0.34s
15:02:11 [DETECT] inference took 0.31s
15:02:12 [DETECT] inference took 0.34s
15:02:12 [DETECT] inference took 0.34s
15:02:13 [DETECT] inference took 0.41s
15:02:13 [DETECT] inference took 0.27s
15:02:14 [DETECT] inference took 0.24s
15:02:15 [DETECT] inference took 0.36s
15:02:16 [DETECT] inference took 0.34s
15:02:17 [DETECT] inference took 0.36s
15:02:18 [DETECT] inference took 0.33s
15:02:19 [DETECT] inference took 0.36s
15:02:20 [DETECT] inference took 0.34s
15:02:21 [DETECT] inference took 0.33s
15:02:22 [DETECT] inference took 0.36s
15:02:23 [DETECT] inference took 0.33s
15:02:24 [DETECT] inference took 0.36s
15:02:25 [DETECT] inference took 0.33s
15:02:26 [DETECT] inference took 0.33s
15:02:27 [DETECT] inference took 0.33s
15:02:28 [DETECT] inference took 0.38s
15:02:29 [DETECT] inference took 0.34s
15:02:30 [DETECT] inference took 0.36s
15:02:31 [DETECT] inference took 0.34s
15:02:32 [DETECT] inference took 0.34s
15:02:33 [DETECT] inference took 0.36s
15:02:34 [DETECT] inference took 0.38s
15:02:35 [DETECT] inference took 0.34s
15:02:37 [DETECT] inference took 0.38s
15:02:37 [DETECT] inference took 0.30s
15:02:38 [DETECT] inference took 0.30s
15:02:39 [DETECT] inference took 0.30s
15:02:40 [DETECT] inference took 0.31s
15:02:41 [DETECT] inference took 0.31s
15:02:42 [DETECT] inference took 0.22s
15:02:43 [DETECT] inference took 0.22s
15:02:44 [DETECT] inference took 0.22s
15:02:45 [DETECT] inference took 0.23s
15:02:46 [DETECT] inference took 0.22s
15:02:47 [DETECT] inference took 0.22s
15:02:48 [DETECT] inference took 0.28s
15:02:49 [DETECT] inference took 0.31s
15:02:50 [DETECT] inference took 0.30s
15:02:51 [DETECT] inference took 0.28s
15:02:52 [DETECT] inference took 0.28s
15:02:53 [DETECT] inference took 0.20s
15:02:54 [DETECT] inference took 0.22s
15:02:55 [DETECT] inference took 0.22s
15:02:56 [DETECT] inference took 0.22s
15:02:57 [DETECT] inference took 0.20s
15:02:58 [DETECT] inference took 0.23s
15:02:59 [DETECT] inference took 0.22s
15:03:00 [DETECT] inference took 0.23s
15:03:01 [DETECT] inference took 0.22s
15:03:02 [DETECT] inference took 0.22s
15:03:03 [DETECT] inference took 0.23s
15:03:03 [DETECT] inference took 0.22s
15:03:04 [DETECT] inference took 0.23s
15:03:05 [DETECT] inference took 0.20s
15:03:06 [DETECT] inference took 0.22s
15:03:07 [DETECT] inference took 0.22s
15:03:08 [DETECT] inference took 0.22s
15:03:09 [DETECT] inference took 0.22s
15:03:10 [DETECT] inference took 0.20s
15:03:11 [DETECT] inference took 0.22s
15:03:12 [DETECT] inference took 0.22s
15:03:13 [DETECT] inference took 0.20s
15:03:14 [DETECT] inference took 0.22s
15:03:15 [DETECT] inference took 0.22s
15:03:16 [DETECT] inference took 0.22s
15:03:17 [DETECT] inference took 0.22s
15:03:18 [DETECT] inference took 0.22s
15:03:19 [DETECT] inference took 0.22s
15:03:20 [DETECT] inference took 0.23s
15:03:21 [DETECT] inference took 0.22s
15:03:22 [DETECT] inference took 0.22s
15:03:23 [DETECT] inference took 0.22s
15:03:24 [DETECT] inference took 0.22s
15:03:25 [DETECT] inference took 0.20s
15:03:26 [DETECT] inference took 0.23s
15:03:27 [DETECT] inference took 0.22s
15:03:28 [DETECT] inference took 0.22s
15:03:29 [DETECT] inference took 0.20s
15:03:30 [DETECT] inference took 0.22s
15:03:31 [DETECT] inference took 0.22s
15:03:32 [DETECT] inference took 0.20s
15:03:33 [DETECT] inference took 0.22s
15:03:34 [DETECT] inference took 0.22s
15:03:35 [DETECT] inference took 0.22s
15:03:36 [DETECT] inference took 0.22s
15:03:37 [DETECT] inference took 0.22s
15:03:38 [DETECT] inference took 0.22s
15:03:39 [DETECT] inference took 0.22s
15:03:40 [DETECT] inference took 0.22s
15:03:41 [DETECT] inference took 0.20s
15:03:42 [DETECT] inference took 0.22s
15:03:43 [DETECT] inference took 0.22s
15:03:44 [DETECT] inference took 0.22s
15:03:45 [DETECT] inference took 0.20s
15:03:46 [DETECT] inference took 0.22s
15:03:47 [DETECT] inference took 0.22s
15:03:48 [DETECT] inference took 0.20s
15:03:49 [DETECT] inference took 0.24s
15:03:50 [DETECT] inference took 0.22s
15:03:51 [DETECT] inference took 0.22s
15:03:52 [DETECT] inference took 0.20s
15:03:53 [DETECT] inference took 0.22s
15:03:54 [DETECT] inference took 0.22s
15:03:55 [DETECT] inference took 0.22s
15:03:56 [DETECT] inference took 0.22s
15:03:57 [DETECT] inference took 0.22s
15:03:58 [DETECT] inference took 0.22s
15:03:59 [DETECT] inference took 0.22s
15:04:00 [DETECT] inference took 0.20s
15:04:01 [DETECT] inference took 0.22s
15:04:02 [DETECT] inference took 0.22s
15:04:03 [DETECT] inference took 0.24s
15:04:04 [DETECT] inference took 0.24s
15:04:05 [DETECT] inference took 0.22s
15:04:06 [DETECT] inference took 0.22s
15:04:07 [DETECT] inference took 0.22s
15:04:08 [DETECT] inference took 0.22s
15:04:09 [DETECT] inference took 0.22s
15:04:10 [DETECT] inference took 0.22s
15:04:11 [DETECT] inference took 0.22s
15:04:12 [DETECT] inference took 0.22s
15:04:13 [DETECT] inference took 0.22s
15:04:14 [DETECT] inference took 0.22s
15:04:15 [DETECT] inference took 0.20s
15:04:16 [DETECT] inference took 0.22s
15:04:17 [DETECT] inference took 0.22s
15:04:18 [DETECT] inference took 0.20s
15:04:19 [DETECT] inference took 0.22s
15:04:20 [DETECT] inference took 0.22s
15:04:21 [DETECT] inference took 0.20s
15:04:22 [DETECT] inference took 0.22s
15:04:23 [DETECT] inference took 0.20s
15:04:24 [DETECT] inference took 0.22s
15:04:25 [DETECT] inference took 0.22s
15:04:26 [DETECT] inference took 0.22s
15:04:27 [DETECT] inference took 0.22s
15:04:28 [DETECT] inference took 0.22s
15:04:29 [DETECT] inference took 0.22s
15:04:30 [DETECT] inference took 0.20s
15:04:31 [DETECT] inference took 0.24s
15:04:32 [DETECT] inference took 0.24s
15:04:33 [DETECT] inference took 0.20s
15:04:34 [DETECT] inference took 0.24s
15:04:35 [DETECT] inference took 0.22s
15:04:36 [DETECT] inference took 0.22s
15:04:37 [DETECT] inference took 0.20s
15:04:38 [DETECT] inference took 0.22s
15:04:39 [DETECT] inference took 0.22s
15:04:40 [DETECT] inference took 0.22s
15:04:41 [DETECT] inference took 0.20s
15:04:42 [DETECT] inference took 0.22s
15:04:43 [DETECT] inference took 0.22s
15:04:44 [DETECT] inference took 0.24s
15:04:45 [DETECT] inference took 0.22s
15:04:46 [DETECT] inference took 0.22s
15:04:47 [DETECT] inference took 0.22s
15:04:48 [DETECT] inference took 0.20s
15:04:49 [DETECT] inference took 0.22s
15:04:50 [DETECT] inference took 0.22s
15:04:52 [DETECT] inference took 0.27s
15:04:52 [DETECT] inference took 0.22s
15:04:54 [DETECT] inference took 0.28s
15:04:55 [DETECT] inference took 0.30s
15:04:56 [DETECT] inference took 0.31s
15:04:57 [DETECT] inference took 0.30s
15:04:58 [DETECT] inference took 0.31s
15:04:59 [DETECT] inference took 0.28s
15:05:00 [DETECT] inference took 0.31s
15:05:01 [DETECT] inference took 0.31s
15:05:02 [DETECT] inference took 0.31s
15:05:03 [DETECT] inference took 0.30s
15:05:04 [DETECT] inference took 0.30s
15:05:05 [DETECT] inference took 0.31s
15:05:06 [DETECT] inference took 0.30s
15:05:07 [DETECT] inference took 0.30s
15:05:08 [DETECT] inference took 0.31s
15:05:09 [DETECT] inference took 0.30s
15:05:10 [DETECT] inference took 0.27s
15:05:11 [DETECT] inference took 0.31s
15:05:12 [DETECT] inference took 0.30s
15:05:13 [DETECT] inference took 0.34s
15:05:14 [DETECT] inference took 0.31s
15:05:15 [DETECT] inference took 0.31s
15:05:16 [DETECT] inference took 0.31s
15:05:17 [DETECT] inference took 0.31s
15:05:17 [DETECT] inference took 0.22s
15:05:18 [DETECT] inference took 0.22s
15:05:20 [DETECT] inference took 0.20s
15:05:21 [DETECT] inference took 0.22s
15:05:22 [DETECT] inference took 0.22s
15:05:23 [DETECT] inference took 0.22s
15:05:24 [DETECT] inference took 0.22s
15:05:25 [DETECT] inference took 0.22s
15:05:26 [DETECT] inference took 0.22s
15:05:27 [DETECT] inference took 0.22s
15:05:28 [DETECT] inference took 0.22s
15:05:29 [DETECT] inference took 0.22s
15:05:30 [DETECT] inference took 0.22s
15:05:31 [DETECT] inference took 0.22s
15:05:32 [DETECT] inference took 0.23s
15:05:33 [DETECT] inference took 0.22s
15:05:33 [DETECT] inference took 0.20s
15:05:35 [DETECT] inference took 0.22s
15:05:36 [DETECT] inference took 0.22s
15:05:37 [DETECT] inference took 0.22s
15:05:38 [DETECT] inference took 0.23s
15:05:39 [DETECT] inference took 0.30s
15:05:40 [DETECT] inference took 0.33s
15:05:41 [DETECT] inference took 0.33s
15:05:42 [DETECT] inference took 0.33s
15:05:43 [DETECT] inference took 0.30s
15:05:44 [DETECT] inference took 0.30s
15:05:45 [DETECT] inference took 0.30s
15:05:46 [DETECT] inference took 0.28s
15:05:47 [DETECT] inference took 0.30s
15:05:48 [DETECT] inference took 0.31s
15:05:49 [DETECT] inference took 0.30s
15:05:50 [DETECT] inference took 0.28s
15:05:51 [DETECT] inference took 0.31s
15:05:52 [DETECT] inference took 0.30s
15:05:53 [DETECT] inference took 0.28s
15:05:54 [DETECT] inference took 0.30s
15:05:55 [DETECT] inference took 0.30s
15:05:56 [DETECT] inference took 0.30s
15:05:57 [DETECT] inference took 0.30s
15:05:58 [DETECT] inference took 0.38s
15:05:59 [DETECT] inference took 0.34s
15:06:00 [DETECT] inference took 0.33s
15:06:01 [DETECT] inference took 0.33s
15:06:02 [DETECT] inference took 0.31s
15:06:03 [DETECT] inference took 0.31s
15:06:04 [DETECT] inference took 0.30s
15:06:05 [DETECT] inference took 0.33s
15:06:06 [DETECT] inference took 0.30s
15:06:07 [DETECT] inference took 0.30s
15:06:08 [DETECT] inference took 0.30s
15:06:09 [DETECT] inference took 0.27s
15:06:10 [DETECT] inference took 0.30s
15:06:11 [DETECT] inference took 0.30s
15:06:12 [DETECT] inference took 0.31s
15:06:13 [DETECT] inference took 0.30s
15:06:14 [DETECT] inference took 0.30s
15:06:15 [DETECT] inference took 0.30s
15:06:16 [DETECT] inference took 0.30s
15:06:17 [DETECT] inference took 0.31s
15:06:18 [DETECT] inference took 0.30s
15:06:19 [DETECT] inference took 0.28s
15:06:20 [DETECT] inference took 0.39s
15:06:21 [DETECT] inference took 0.20s
15:06:22 [DETECT] inference took 0.31s
15:06:23 [DETECT] inference took 0.30s
15:06:24 [DETECT] inference took 0.31s
15:06:25 [DETECT] inference took 0.30s
15:06:26 [DETECT] inference took 0.28s
15:06:27 [DETECT] inference took 0.28s
15:06:28 [DETECT] inference took 0.28s
15:06:29 [DETECT] inference took 0.31s
15:06:30 [DETECT] inference took 0.27s
15:06:31 [DETECT] inference took 0.30s
15:06:32 [DETECT] inference took 0.28s
15:06:33 [DETECT] inference took 0.28s
15:06:34 [DETECT] inference took 0.27s
15:06:35 [DETECT] inference took 0.30s
15:06:36 [DETECT] inference took 0.28s
15:06:37 [DETECT] inference took 0.20s
15:06:38 [DETECT] inference took 0.22s
15:06:39 [DETECT] inference took 0.20s
15:06:40 [DETECT] inference took 0.22s
15:06:41 [DETECT] inference took 0.20s
15:06:42 [DETECT] inference took 0.20s
15:06:43 [DETECT] inference took 0.20s
15:06:44 [DETECT] inference took 0.22s
15:06:45 [DETECT] inference took 0.20s
15:06:46 [DETECT] inference took 0.22s
15:06:47 [DETECT] inference took 0.22s
15:06:48 [DETECT] inference took 0.20s
15:06:49 [DETECT] inference took 0.24s
15:06:50 [DETECT] inference took 0.20s
15:06:51 [DETECT] inference took 0.22s
15:06:52 [DETECT] inference took 0.20s
15:06:53 [DETECT] inference took 0.22s
15:06:54 [DETECT] inference took 0.22s
15:06:55 [DETECT] inference took 0.20s
15:06:56 [DETECT] inference took 0.22s
15:06:57 [DETECT] inference took 0.22s
15:06:58 [DETECT] inference took 0.22s
15:06:59 [DETECT] inference took 0.22s
15:07:00 [DETECT] inference took 0.20s
15:07:01 [DETECT] inference took 0.22s
15:07:02 [DETECT] inference took 0.20s
15:07:03 [DETECT] inference took 0.25s
15:07:04 [DETECT] inference took 0.28s
15:07:05 [DETECT] inference took 0.31s
15:07:06 [DETECT] inference took 0.33s
15:07:07 [DETECT] inference took 0.30s
15:07:08 [DETECT] inference took 0.27s
15:07:09 [DETECT] inference took 0.24s
15:07:10 [DETECT] inference took 0.20s
15:07:11 [DETECT] inference took 0.22s
15:07:12 [DETECT] inference took 0.22s
15:07:13 [DETECT] inference took 0.20s
15:07:14 [DETECT] inference took 0.24s
15:07:15 [DETECT] inference took 0.22s
15:07:16 [DETECT] inference took 0.22s
15:07:17 [DETECT] inference took 0.22s
15:07:18 [DETECT] inference took 0.22s
15:07:19 [DETECT] inference took 0.22s
15:07:20 [DETECT] inference took 0.20s
15:07:21 [DETECT] inference took 0.22s
15:07:22 [DETECT] inference took 0.22s
15:07:23 [DETECT] inference took 0.22s
15:07:24 [DETECT] inference took 0.22s
15:07:25 [DETECT] inference took 0.22s
15:07:26 [DETECT] inference took 0.22s
15:07:27 [DETECT] inference took 0.22s
15:07:28 [DETECT] inference took 0.22s
15:07:29 [DETECT] inference took 0.24s
15:07:30 [DETECT] inference took 0.22s
15:07:31 [DETECT] inference took 0.24s
15:07:32 [DETECT] inference took 0.33s
15:07:33 [DETECT] inference took 0.31s
15:07:34 [DETECT] inference took 0.31s
15:07:35 [DETECT] inference took 0.30s
15:07:36 [DETECT] inference took 0.31s
15:07:37 [DETECT] inference took 0.31s
15:07:38 [DETECT] inference took 0.31s
15:07:39 [DETECT] inference took 0.30s
15:07:40 [DETECT] inference took 0.31s
15:07:41 [DETECT] inference took 0.33s
15:07:42 [DETECT] inference took 0.31s
15:07:43 [DETECT] inference took 0.30s
15:07:44 [DETECT] inference took 0.33s
15:07:45 [DETECT] inference took 0.31s
15:07:46 [DETECT] inference took 0.31s
15:07:47 [DETECT] inference took 0.28s
15:07:48 [DETECT] inference took 0.30s
15:07:49 [DETECT] inference took 0.31s
15:07:50 [DETECT] inference took 0.33s
15:07:51 [DETECT] inference took 0.38s
15:07:52 [DETECT] inference took 0.38s
15:07:52 [DETECT] inference took 0.38s
15:07:53 [DETECT] inference took 0.36s
15:07:53 [DETECT] inference took 0.38s
15:07:54 [DETECT] inference took 0.33s
15:07:54 [DETECT] inference took 0.38s
15:07:55 [DETECT] inference took 0.31s
15:07:55 [DETECT] inference took 0.36s
15:07:56 [DETECT] inference took 0.31s
15:07:56 [DETECT] inference took 0.38s
15:07:57 [DETECT] inference took 0.31s
15:07:57 [DETECT] inference took 0.36s
15:07:58 [DETECT] inference took 0.30s
15:07:58 [DETECT] inference took 0.36s
15:07:59 [DETECT] inference took 0.31s
15:07:59 [DETECT] inference took 0.38s
15:08:00 [DETECT] inference took 0.31s
15:08:00 [DETECT] inference took 0.38s
15:08:01 [DETECT] inference took 0.31s
15:08:01 [DETECT] inference took 0.34s
15:08:02 [DETECT] inference took 0.30s
15:08:02 [DETECT] inference took 0.36s
15:08:03 [DETECT] inference took 0.30s
15:08:03 [DETECT] inference took 0.36s
15:08:04 [DETECT] inference took 0.31s
15:08:04 [DETECT] inference took 0.39s
15:08:05 [DETECT] inference took 0.30s
15:08:05 [DETECT] inference took 0.38s
15:08:06 [DETECT] inference took 0.31s
15:08:06 [DETECT] inference took 0.36s
15:08:07 [DETECT] inference took 0.31s
15:08:07 [DETECT] inference took 0.34s
15:08:08 [DETECT] inference took 0.30s
15:08:08 [DETECT] inference took 0.36s
15:08:09 [DETECT] inference took 0.33s
15:08:09 [DETECT] inference took 0.34s
15:08:10 [DETECT] inference took 0.33s
15:08:10 [DETECT] inference took 0.34s
15:08:11 [DETECT] inference took 0.30s
15:08:11 [DETECT] inference took 0.38s
15:08:12 [DETECT] inference took 0.31s
15:08:12 [DETECT] inference took 0.42s
15:08:13 [DETECT] inference took 0.36s
15:08:13 [DETECT] inference took 0.38s
15:08:14 [DETECT] inference took 0.36s
15:08:15 [DETECT] inference took 0.34s
15:08:15 [DETECT] inference took 0.39s
15:08:16 [DETECT] inference took 0.34s
15:08:16 [DETECT] inference took 0.36s
15:08:17 [DETECT] inference took 0.20s
15:08:17 [DETECT] inference took 0.23s
15:08:18 [DETECT] inference took 0.31s
15:08:18 [DETECT] inference took 0.33s
15:08:19 [DETECT] inference took 0.30s
15:08:19 [DETECT] inference took 0.36s
15:08:20 [DETECT] inference took 0.28s
15:08:20 [DETECT] inference took 0.36s
15:08:21 [DETECT] inference took 0.30s
15:08:22 [DETECT] inference took 0.33s
15:08:22 [DETECT] inference took 0.34s
15:08:23 [DETECT] inference took 0.22s
15:08:24 [DETECT] inference took 0.24s
15:08:24 [DETECT] inference took 0.23s
15:08:25 [DETECT] inference took 0.22s
15:08:25 [DETECT] inference took 0.23s
15:08:26 [DETECT] inference took 0.22s
15:08:27 [DETECT] inference took 0.22s
15:08:27 [DETECT] inference took 0.25s
15:08:28 [DETECT] inference took 0.22s
15:08:28 [DETECT] inference took 0.25s
15:08:29 [DETECT] inference took 0.22s
15:08:29 [DETECT] inference took 0.25s
15:08:30 [DETECT] inference took 0.22s
15:08:30 [DETECT] inference took 0.23s
15:08:31 [DETECT] inference took 0.22s
15:08:31 [DETECT] inference took 0.23s
15:08:32 [DETECT] inference took 0.20s
15:08:32 [DETECT] inference took 0.25s
15:08:33 [DETECT] inference took 0.22s
15:08:33 [DETECT] inference took 0.25s
15:08:34 [DETECT] inference took 0.22s
15:08:34 [DETECT] inference took 0.23s
15:08:35 [DETECT] inference took 0.22s
15:08:35 [DETECT] inference took 0.23s
15:08:36 [DETECT] inference took 0.34s
15:08:37 [DETECT] inference took 0.33s
15:08:38 [DETECT] inference took 0.31s
15:08:39 [DETECT] inference took 0.33s
15:08:40 [DETECT] inference took 0.34s
15:08:41 [DETECT] inference took 0.33s
15:08:42 [DETECT] inference took 0.33s
15:08:43 [DETECT] inference took 0.31s
15:08:44 [DETECT] inference took 0.33s
15:08:45 [DETECT] inference took 0.33s
15:08:46 [DETECT] inference took 0.34s
15:08:47 [DETECT] inference took 0.31s
15:08:48 [DETECT] inference took 0.33s
15:08:49 [DETECT] inference took 0.31s
15:08:50 [DETECT] inference took 0.31s
15:08:51 [DETECT] inference took 0.31s
15:08:52 [DETECT] inference took 0.33s
15:08:53 [DETECT] inference took 0.34s
15:08:54 [DETECT] inference took 0.34s
15:08:55 [DETECT] inference took 0.31s
15:08:56 [DETECT] inference took 0.36s
15:08:57 [DETECT] inference took 0.36s
15:08:58 [DETECT] inference took 0.33s
15:08:59 [DETECT] inference took 0.38s
15:09:00 [DETECT] inference took 0.34s
15:09:01 [DETECT] inference took 0.20s
15:09:02 [DETECT] inference took 0.20s
15:09:03 [DETECT] inference took 0.22s
15:09:04 [DETECT] inference took 0.20s
15:09:05 [DETECT] inference took 0.22s
15:09:06 [DETECT] inference took 0.22s
15:09:07 [DETECT] inference took 0.30s
15:09:08 [DETECT] inference took 0.38s
15:09:09 [DETECT] inference took 0.34s
15:09:10 [DETECT] inference took 0.36s
15:09:11 [DETECT] inference took 0.33s
15:09:12 [DETECT] inference took 0.34s
15:09:13 [DETECT] inference took 0.36s
15:09:14 [DETECT] inference took 0.34s
15:09:15 [DETECT] inference took 0.23s
15:09:16 [DETECT] inference took 0.23s
15:09:17 [DETECT] inference took 0.25s
15:09:18 [DETECT] inference took 0.22s
15:09:19 [DETECT] inference took 0.23s
15:09:20 [DETECT] inference took 0.22s
15:09:21 [DETECT] inference took 0.33s
15:09:22 [DETECT] inference took 0.28s
15:09:23 [DETECT] inference took 0.33s
15:09:24 [DETECT] inference took 0.33s
15:09:25 [DETECT] inference took 0.33s
15:09:26 [DETECT] inference took 0.34s
15:09:27 [DETECT] inference took 0.34s
15:09:28 [DETECT] inference took 0.33s
15:09:29 [DETECT] inference took 0.31s
15:09:30 [DETECT] inference took 0.38s
15:09:31 [DETECT] inference took 0.33s
15:09:32 [DETECT] inference took 0.31s
15:09:33 [DETECT] inference took 0.34s
15:09:34 [DETECT] inference took 0.31s
15:09:35 [DETECT] inference took 0.33s
15:09:36 [DETECT] inference took 0.33s
15:09:37 [DETECT] inference took 0.33s
15:09:38 [DETECT] inference took 0.33s
15:09:39 [DETECT] inference took 0.33s
15:09:40 [DETECT] inference took 0.36s
15:09:41 [DETECT] inference took 0.36s
15:09:42 [DETECT] inference took 0.33s
15:09:43 [DETECT] inference took 0.34s
15:09:44 [DETECT] inference took 0.34s
15:09:45 [DETECT] inference took 0.34s
15:09:46 [DETECT] inference took 0.22s
15:09:47 [DETECT] inference took 0.20s
15:09:48 [DETECT] inference took 0.20s
15:09:49 [DETECT] inference took 0.22s
15:09:50 [DETECT] inference took 0.20s
15:09:51 [DETECT] inference took 0.22s
15:09:52 [DETECT] inference took 0.20s
15:09:53 [DETECT] inference took 0.22s
15:09:54 [DETECT] inference took 0.22s
15:09:55 [DETECT] inference took 0.20s
15:09:56 [DETECT] inference took 0.33s
15:09:57 [DETECT] inference took 0.34s
15:09:58 [DETECT] inference took 0.33s
15:09:59 [DETECT] inference took 0.36s
15:10:00 [DETECT] inference took 0.36s
15:10:01 [DETECT] inference took 0.31s
15:10:02 [DETECT] inference took 0.34s
15:10:03 [DETECT] inference took 0.39s
15:10:04 [DETECT] inference took 0.38s
15:10:05 [DETECT] inference took 0.38s
15:10:06 [DETECT] inference took 0.33s
15:10:06 [DETECT] inference took 0.34s
15:10:06 [DETECT] rejected drone candidate (confidence=0.48) -- overlaps a confidently-classified non-drone object
15:10:06 [DETECT] rejected drone candidate (confidence=0.39) -- same region was rejected moments ago (memory)
15:10:07 [DETECT] inference took 0.30s
15:10:07 [DETECT] inference took 0.25s
15:10:07 [DETECT] rejected drone candidate (confidence=0.37) -- overlaps a confidently-classified non-drone object
15:10:07 [DETECT] rejected drone candidate (confidence=0.32) -- same region was rejected moments ago (memory)
15:10:08 [DETECT] inference took 0.22s
15:10:08 [DETECT] inference took 0.25s
15:10:08 [DETECT] rejected drone candidate (confidence=0.32) -- overlaps a confidently-classified non-drone object
15:10:08 [DETECT] rejected drone candidate (confidence=0.26) -- same region was rejected moments ago (memory)
15:10:09 [DETECT] inference took 0.22s
15:10:09 [DETECT] inference took 0.25s
15:10:09 [DETECT] rejected drone candidate (confidence=0.32) -- overlaps a confidently-classified non-drone object
15:10:09 [DETECT] rejected drone candidate (confidence=0.27) -- same region was rejected moments ago (memory)
15:10:10 [DETECT] inference took 0.22s
15:10:10 [DETECT] inference took 0.25s
15:10:10 [DETECT] rejected drone candidate (confidence=0.34) -- overlaps a confidently-classified non-drone object
15:10:10 [DETECT] rejected drone candidate (confidence=0.30) -- same region was rejected moments ago (memory)
15:10:11 [DETECT] inference took 0.22s
15:10:11 [DETECT] inference took 0.25s
15:10:11 [DETECT] rejected drone candidate (confidence=0.30) -- overlaps a confidently-classified non-drone object
15:10:11 [DETECT] rejected drone candidate (confidence=0.26) -- same region was rejected moments ago (memory)
15:10:12 [DETECT] inference took 0.22s
15:10:12 [DETECT] inference took 0.25s
15:10:12 [DETECT] rejected drone candidate (confidence=0.37) -- overlaps a confidently-classified non-drone object
15:10:12 [DETECT] rejected drone candidate (confidence=0.31) -- same region was rejected moments ago (memory)
15:10:13 [DETECT] inference took 0.23s
15:10:14 [DETECT] inference took 0.22s
15:10:15 [DETECT] inference took 0.20s
15:10:16 [DETECT] inference took 0.22s
15:10:17 [DETECT] inference took 0.31s
15:10:17 [DETECT] inference took 0.34s
15:10:18 [DETECT] inference took 0.31s
15:10:19 [DETECT] inference took 0.31s
15:10:20 [DETECT] inference took 0.28s
15:10:21 [DETECT] inference took 0.28s
15:10:21 [DETECT] inference took 0.33s
15:10:22 [DETECT] inference took 0.22s
15:10:22 [DETECT] inference took 0.25s
15:10:23 [DETECT] inference took 0.20s
15:10:23 [DETECT] inference took 0.23s
15:10:24 [DETECT] inference took 0.20s
15:10:24 [DETECT] inference took 0.25s
15:10:25 [DETECT] inference took 0.22s
15:10:25 [DETECT] inference took 0.23s
15:10:26 [DETECT] inference took 0.20s
15:10:26 [DETECT] inference took 0.23s
15:10:27 [DETECT] inference took 0.22s
15:10:27 [DETECT] inference took 0.23s
15:10:28 [DETECT] inference took 0.34s
15:10:29 [DETECT] inference took 0.33s
15:10:30 [DETECT] inference took 0.31s
15:10:31 [DETECT] inference took 0.31s
15:10:32 [DETECT] inference took 0.36s
15:10:33 [DETECT] inference took 0.33s
15:10:34 [DETECT] inference took 0.31s
15:10:35 [DETECT] inference took 0.33s
15:10:36 [DETECT] inference took 0.31s
15:10:37 [DETECT] inference took 0.31s
15:10:38 [DETECT] inference took 0.33s
15:10:39 [DETECT] inference took 0.33s
15:10:40 [DETECT] inference took 0.31s
15:10:41 [DETECT] inference took 0.34s
15:10:42 [DETECT] inference took 0.33s
15:10:43 [DETECT] inference took 0.34s
15:10:44 [DETECT] inference took 0.33s
15:10:45 [DETECT] inference took 0.33s
15:10:46 [DETECT] inference took 0.33s
15:10:47 [DETECT] inference took 0.33s
15:10:48 [DETECT] inference took 0.38s
15:10:49 [DETECT] inference took 0.36s
15:10:50 [DETECT] inference took 0.33s
15:10:51 [DETECT] inference took 0.27s
15:10:52 [DETECT] inference took 0.30s
15:10:53 [DETECT] inference took 0.30s
15:10:54 [DETECT] inference took 0.28s
15:10:55 [DETECT] inference took 0.20s
15:10:56 [DETECT] inference took 0.22s
15:10:57 [DETECT] inference took 0.20s
15:10:58 [DETECT] inference took 0.22s
15:10:59 [DETECT] inference took 0.22s
15:11:00 [DETECT] inference took 0.22s
15:11:01 [DETECT] inference took 0.20s
15:11:02 [DETECT] inference took 0.22s
15:11:03 [DETECT] inference took 0.20s
15:11:04 [DETECT] inference took 0.22s
15:11:05 [DETECT] inference took 0.20s
15:11:06 [DETECT] inference took 0.20s
15:11:07 [DETECT] inference took 0.22s
15:11:08 [DETECT] inference took 0.22s
15:11:09 [DETECT] inference took 0.20s
15:11:10 [DETECT] inference took 0.20s
15:11:11 [DETECT] inference took 0.20s
15:11:12 [DETECT] inference took 0.22s
15:11:13 [DETECT] inference took 0.20s
15:11:14 [DETECT] inference took 0.20s
15:11:15 [DETECT] inference took 0.22s
15:11:16 [DETECT] inference took 0.22s
15:11:17 [DETECT] inference took 0.20s
15:11:18 [DETECT] inference took 0.20s
15:11:19 [DETECT] inference took 0.22s
15:11:20 [DETECT] inference took 0.20s
15:11:21 [DETECT] inference took 0.20s
15:11:22 [DETECT] inference took 0.22s
15:11:23 [DETECT] inference took 0.20s
15:11:24 [DETECT] inference took 0.20s
15:11:25 [DETECT] inference took 0.20s
15:11:26 [DETECT] inference took 0.22s
15:11:27 [DETECT] inference took 0.22s
15:11:28 [DETECT] inference took 0.20s
15:11:29 [DETECT] inference took 0.22s
15:11:30 [DETECT] inference took 0.20s
15:11:31 [DETECT] inference took 0.20s
15:11:32 [DETECT] inference took 0.20s
15:11:33 [DETECT] inference took 0.22s
15:11:34 [DETECT] inference took 0.20s
15:11:35 [DETECT] inference took 0.20s
15:11:36 [DETECT] inference took 0.22s
15:11:37 [DETECT] inference took 0.20s
15:11:38 [DETECT] inference took 0.20s
15:11:39 [DETECT] inference took 0.20s
15:11:40 [DETECT] inference took 0.20s
15:11:41 [DETECT] inference took 0.22s
15:11:42 [DETECT] inference took 0.20s
15:11:43 [DETECT] inference took 0.22s
15:11:44 [DETECT] inference took 0.22s
15:11:45 [DETECT] inference took 0.20s
15:11:46 [DETECT] inference took 0.20s
15:11:47 [DETECT] inference took 0.22s
15:11:48 [DETECT] inference took 0.22s
15:11:49 [DETECT] inference took 0.20s
15:11:50 [DETECT] inference took 0.22s
15:11:51 [DETECT] inference took 0.22s
15:11:52 [DETECT] inference took 0.20s
15:11:53 [DETECT] inference took 0.22s
15:11:54 [DETECT] inference took 0.20s
15:11:55 [DETECT] inference took 0.22s
15:11:56 [DETECT] inference took 0.22s
15:11:57 [DETECT] inference took 0.20s
15:11:58 [DETECT] inference took 0.20s
15:11:59 [DETECT] inference took 0.22s
15:12:00 [DETECT] inference took 0.20s
15:12:01 [DETECT] inference took 0.20s
15:12:02 [DETECT] inference took 0.22s
15:12:03 [DETECT] inference took 0.22s
15:12:04 [DETECT] inference took 0.20s
15:12:05 [DETECT] inference took 0.22s
15:12:06 [DETECT] inference took 0.20s
15:12:07 [DETECT] inference took 0.20s
15:12:08 [DETECT] inference took 0.20s
15:12:09 [DETECT] inference took 0.22s
15:12:10 [DETECT] inference took 0.20s
15:12:11 [DETECT] inference took 0.20s
15:12:12 [DETECT] inference took 0.22s
15:12:13 [DETECT] inference took 0.20s
15:12:14 [DETECT] inference took 0.20s
15:12:15 [DETECT] inference took 0.22s
15:12:16 [DETECT] inference took 0.22s
15:12:17 [DETECT] inference took 0.20s
15:12:18 [DETECT] inference took 0.22s
15:12:19 [DETECT] inference took 0.22s
15:12:20 [DETECT] inference took 0.20s
15:12:21 [DETECT] inference took 0.22s
15:12:22 [DETECT] inference took 0.22s
15:12:23 [DETECT] inference took 0.20s
15:12:24 [DETECT] inference took 0.22s
15:12:25 [DETECT] inference took 0.20s
15:12:26 [DETECT] inference took 0.20s
15:12:27 [DETECT] inference took 0.22s
15:12:28 [DETECT] inference took 0.20s
15:12:29 [DETECT] inference took 0.20s
15:12:30 [DETECT] inference took 0.22s
15:12:31 [DETECT] inference took 0.22s
15:12:32 [DETECT] inference took 0.20s
15:12:33 [DETECT] inference took 0.22s
15:12:34 [DETECT] inference took 0.20s
15:12:35 [DETECT] inference took 0.20s
15:12:36 [DETECT] inference took 0.20s
15:12:37 [DETECT] inference took 0.22s
15:12:38 [DETECT] inference took 0.20s
15:12:39 [DETECT] inference took 0.20s
15:12:40 [DETECT] inference took 0.22s
15:12:41 [DETECT] inference took 0.22s
15:12:42 [DETECT] inference took 0.20s
15:12:43 [DETECT] inference took 0.20s
15:12:44 [DETECT] inference took 0.20s
15:12:45 [DETECT] inference took 0.20s
15:12:46 [DETECT] inference took 0.22s
15:12:47 [DETECT] inference took 0.20s
15:12:48 [DETECT] inference took 0.20s
15:12:49 [DETECT] inference took 0.20s
15:12:50 [DETECT] inference took 0.22s
15:12:51 [DETECT] inference took 0.22s
15:12:52 [DETECT] inference took 0.20s
15:12:53 [DETECT] inference took 0.22s
15:12:54 [DETECT] inference took 0.20s
15:12:55 [DETECT] inference took 0.22s
15:12:56 [DETECT] inference took 0.22s
15:12:57 [DETECT] inference took 0.20s
15:12:58 [DETECT] inference took 0.22s
15:12:59 [DETECT] inference took 0.20s
15:13:00 [DETECT] inference took 0.20s
15:13:01 [DETECT] inference took 0.20s
15:13:02 [DETECT] inference took 0.22s
15:13:03 [DETECT] inference took 0.20s
15:13:04 [DETECT] inference took 0.20s
15:13:05 [DETECT] inference took 0.20s
15:13:06 [DETECT] inference took 0.28s
15:13:07 [DETECT] inference took 0.30s
15:13:08 [DETECT] inference took 0.30s
15:13:09 [DETECT] inference took 0.31s
15:13:10 [DETECT] inference took 0.30s
15:13:11 [DETECT] inference took 0.28s
15:13:12 [DETECT] inference took 0.30s
15:13:13 [DETECT] inference took 0.30s
15:13:14 [DETECT] inference took 0.28s
15:13:15 [DETECT] inference took 0.28s
15:13:16 [DETECT] inference took 0.28s
15:13:17 [DETECT] inference took 0.28s
15:13:18 [DETECT] inference took 0.30s
15:13:19 [DETECT] inference took 0.28s
15:13:20 [DETECT] inference took 0.27s
15:13:21 [DETECT] inference took 0.28s
15:13:22 [DETECT] inference took 0.31s
15:13:23 [DETECT] inference took 0.30s
15:13:24 [DETECT] inference took 0.27s
15:13:25 [DETECT] inference took 0.33s
15:13:26 [DETECT] inference took 0.30s
15:13:27 [DETECT] inference took 0.30s
15:13:28 [DETECT] inference took 0.30s
15:13:29 [DETECT] inference took 0.30s
15:13:30 [DETECT] inference took 0.22s
15:13:31 [DETECT] inference took 0.20s
15:13:32 [DETECT] inference took 0.20s
15:13:33 [DETECT] inference took 0.20s
15:13:34 [DETECT] inference took 0.20s
15:13:35 [DETECT] inference took 0.22s
15:13:36 [DETECT] inference took 0.22s
15:13:37 [DETECT] inference took 0.20s
15:13:38 [DETECT] inference took 0.20s
15:13:39 [DETECT] inference took 0.20s
15:13:40 [DETECT] inference took 0.22s
15:13:41 [DETECT] inference took 0.20s
15:13:42 [DETECT] inference took 0.22s
15:13:43 [DETECT] inference took 0.22s
15:13:44 [DETECT] inference took 0.22s
15:13:45 [DETECT] inference took 0.22s
15:13:46 [DETECT] inference took 0.20s
15:13:47 [DETECT] inference took 0.22s
15:13:48 [DETECT] inference took 0.22s
15:13:49 [DETECT] inference took 0.22s
15:13:50 [DETECT] inference took 0.22s
15:13:51 [DETECT] inference took 0.30s
15:13:51 [DETECT] inference took 0.33s
15:13:52 [DETECT] inference took 0.31s
15:13:53 [DETECT] inference took 0.31s
15:13:54 [DETECT] inference took 0.31s
15:13:55 [DETECT] inference took 0.30s
15:13:56 [DETECT] inference took 0.28s
15:13:57 [DETECT] inference took 0.27s
15:13:58 [DETECT] inference took 0.30s
15:13:59 [DETECT] inference took 0.30s
15:14:00 [DETECT] inference took 0.28s
15:14:01 [DETECT] inference took 0.28s
15:14:02 [DETECT] inference took 0.28s
15:14:03 [DETECT] inference took 0.28s
15:14:04 [DETECT] inference took 0.28s
15:14:05 [DETECT] inference took 0.28s
15:14:06 [DETECT] inference took 0.27s
15:14:07 [DETECT] inference took 0.28s
15:14:08 [DETECT] inference took 0.28s
15:14:09 [DETECT] inference took 0.28s
15:14:10 [DETECT] inference took 0.28s
15:14:11 [DETECT] inference took 0.34s
15:14:12 [DETECT] inference took 0.28s
15:14:13 [DETECT] inference took 0.28s
15:14:14 [DETECT] inference took 0.28s
15:14:15 [DETECT] inference took 0.28s
15:14:16 [DETECT] inference took 0.28s
15:14:17 [DETECT] inference took 0.27s
15:14:18 [DETECT] inference took 0.30s
15:14:19 [DETECT] inference took 0.22s
15:14:20 [DETECT] inference took 0.22s
15:14:21 [DETECT] inference took 0.22s
15:14:22 [DETECT] inference took 0.20s
15:14:23 [DETECT] inference took 0.22s
15:14:24 [DETECT] inference took 0.20s
15:14:25 [DETECT] inference took 0.20s
15:14:26 [DETECT] inference took 0.22s
15:14:27 [DETECT] inference took 0.20s
15:14:28 [DETECT] inference took 0.22s
15:14:29 [DETECT] inference took 0.20s
15:14:30 [DETECT] inference took 0.22s
15:14:31 [DETECT] inference took 0.20s
15:14:32 [DETECT] inference took 0.22s
15:14:33 [DETECT] inference took 0.20s
15:14:34 [DETECT] inference took 0.20s
15:14:35 [DETECT] inference took 0.22s
15:14:36 [DETECT] inference took 0.20s
15:14:37 [DETECT] inference took 0.31s
15:14:38 [DETECT] inference took 0.30s
15:14:39 [DETECT] inference took 0.28s
15:14:40 [DETECT] inference took 0.28s
15:14:41 [DETECT] inference took 0.31s
15:14:42 [DETECT] inference took 0.22s
15:14:43 [DETECT] inference took 0.20s
15:14:44 [DETECT] inference took 0.22s
15:14:45 [DETECT] inference took 0.26s
15:14:46 [DETECT] inference took 0.31s
15:14:47 [DETECT] inference took 0.30s
15:14:48 [DETECT] inference took 0.31s
15:14:49 [DETECT] inference took 0.28s
15:14:50 [DETECT] inference took 0.20s
15:14:51 [DETECT] inference took 0.22s
15:14:52 [DETECT] inference took 0.22s
15:14:53 [DETECT] inference took 0.20s
15:14:54 [DETECT] inference took 0.20s
15:14:55 [DETECT] inference took 0.22s
15:14:56 [DETECT] inference took 0.20s
15:14:57 [DETECT] inference took 0.20s
15:14:58 [DETECT] inference took 0.20s
15:14:59 [DETECT] inference took 0.22s
15:15:00 [DETECT] inference took 0.30s
15:15:01 [DETECT] inference took 0.28s
15:15:02 [DETECT] inference took 0.28s
15:15:03 [DETECT] inference took 0.28s
15:15:04 [DETECT] inference took 0.26s
15:15:05 [DETECT] inference took 0.20s
15:15:06 [DETECT] inference took 0.22s
15:15:07 [DETECT] inference took 0.22s
15:15:08 [DETECT] inference took 0.30s
15:15:09 [DETECT] inference took 0.28s
15:15:10 [DETECT] inference took 0.26s
15:15:11 [DETECT] inference took 0.30s
15:15:12 [DETECT] inference took 0.28s
15:15:13 [DETECT] inference took 0.22s
15:15:14 [DETECT] inference took 0.20s
15:15:15 [DETECT] inference took 0.20s
15:15:16 [DETECT] inference took 0.22s
15:15:17 [DETECT] inference took 0.20s
15:15:18 [DETECT] inference took 0.22s
15:15:19 [DETECT] inference took 0.22s
15:15:20 [DETECT] inference took 0.20s
15:15:21 [DETECT] inference took 0.20s
15:15:22 [DETECT] inference took 0.22s
15:15:23 [DETECT] inference took 0.20s
15:15:24 [DETECT] inference took 0.20s
15:15:25 [DETECT] inference took 0.20s
15:15:26 [DETECT] inference took 0.22s
15:15:27 [DETECT] inference took 0.22s
15:15:28 [DETECT] inference took 0.20s
15:15:29 [DETECT] inference took 0.22s
15:15:30 [DETECT] inference took 0.22s
15:15:31 [DETECT] inference took 0.22s
15:15:32 [DETECT] inference took 0.22s
15:15:33 [DETECT] inference took 0.22s
15:15:34 [DETECT] inference took 0.20s
15:15:35 [DETECT] inference took 0.22s
15:15:36 [DETECT] inference took 0.20s
15:15:37 [DETECT] inference took 0.20s
15:15:38 [DETECT] inference took 0.22s
15:15:39 [DETECT] inference took 0.22s
15:15:40 [DETECT] inference took 0.20s
15:15:41 [DETECT] inference took 0.22s
15:15:42 [DETECT] inference took 0.20s
15:15:43 [DETECT] inference took 0.23s
15:15:44 [DETECT] inference took 0.31s
15:15:45 [DETECT] inference took 0.33s
15:15:46 [DETECT] inference took 0.34s
15:15:47 [DETECT] inference took 0.33s
15:15:48 [DETECT] inference took 0.33s
15:15:49 [DETECT] inference took 0.34s
15:15:50 [DETECT] inference took 0.31s
15:15:51 [DETECT] inference took 0.30s
15:15:52 [DETECT] inference took 0.30s
15:15:53 [DETECT] inference took 0.28s
15:15:54 [DETECT] inference took 0.31s
15:15:55 [DETECT] inference took 0.36s
15:15:56 [DETECT] inference took 0.30s
15:15:57 [DETECT] inference took 0.30s
15:15:58 [DETECT] inference took 0.30s
15:15:59 [DETECT] inference took 0.30s
15:16:00 [DETECT] inference took 0.33s
15:16:01 [DETECT] inference took 0.34s
15:16:02 [DETECT] inference took 0.31s
15:16:03 [DETECT] inference took 0.31s
15:16:04 [DETECT] inference took 0.38s
15:16:05 [DETECT] inference took 0.34s
15:16:06 [DETECT] inference took 0.41s
15:16:06 [DETECT] inference took 0.33s
15:16:06 [DETECT] inference took 0.39s
15:16:07 [DETECT] inference took 0.36s
15:16:07 [DETECT] inference took 0.36s
15:16:08 [DETECT] inference took 0.33s
15:16:08 [DETECT] inference took 0.36s
15:16:09 [DETECT] inference took 0.34s
15:16:09 [DETECT] inference took 0.34s
15:16:10 [DETECT] inference took 0.31s
15:16:10 [DETECT] inference took 0.34s
15:16:11 [DETECT] inference took 0.30s
15:16:11 [DETECT] inference took 0.34s
15:16:12 [DETECT] inference took 0.30s
15:16:12 [DETECT] inference took 0.34s
15:16:13 [DETECT] inference took 0.31s
15:16:13 [DETECT] inference took 0.34s
15:16:14 [DETECT] inference took 0.33s
15:16:14 [DETECT] inference took 0.34s
15:16:15 [DETECT] inference took 0.33s
15:16:15 [DETECT] inference took 0.36s
15:16:16 [DETECT] inference took 0.31s
15:16:16 [DETECT] inference took 0.34s
15:16:17 [DETECT] inference took 0.30s
15:16:17 [DETECT] inference took 0.34s
15:16:18 [DETECT] inference took 0.31s
15:16:18 [DETECT] inference took 0.34s
15:16:19 [DETECT] inference took 0.31s
15:16:19 [DETECT] inference took 0.36s
15:16:20 [DETECT] inference took 0.31s
15:16:20 [DETECT] inference took 0.34s
15:16:21 [DETECT] inference took 0.30s
15:16:21 [DETECT] inference took 0.34s
15:16:22 [DETECT] inference took 0.31s
15:16:22 [DETECT] inference took 0.34s
15:16:23 [DETECT] inference took 0.33s
15:16:23 [DETECT] inference took 0.34s
15:16:24 [DETECT] inference took 0.30s
15:16:24 [DETECT] inference took 0.36s
15:16:25 [DETECT] inference took 0.31s
15:16:25 [DETECT] inference took 0.34s
15:16:26 [DETECT] inference took 0.38s
15:16:27 [DETECT] inference took 0.41s
15:16:27 [DETECT] inference took 0.36s
15:16:28 [DETECT] inference took 0.41s
15:16:28 [DETECT] inference took 0.34s
15:16:29 [DETECT] inference took 0.31s
15:16:29 [DETECT] inference took 0.36s
15:16:30 [DETECT] inference took 0.34s
15:16:30 [DETECT] inference took 0.38s
15:16:31 [DETECT] inference took 0.22s
15:16:31 [DETECT] inference took 0.24s
15:16:32 [DETECT] inference took 0.22s
15:16:32 [DETECT] inference took 0.25s
15:16:33 [DETECT] inference took 0.20s
15:16:33 [DETECT] inference took 0.24s
15:16:34 [DETECT] inference took 0.22s
15:16:34 [DETECT] inference took 0.23s
15:16:35 [DETECT] inference took 0.22s
15:16:35 [DETECT] inference took 0.23s
15:16:36 [DETECT] inference took 0.20s
15:16:36 [DETECT] inference took 0.24s
15:16:37 [DETECT] inference took 0.20s
15:16:37 [DETECT] inference took 0.24s
15:16:38 [DETECT] inference took 0.20s
15:16:38 [DETECT] inference took 0.24s
15:16:39 [DETECT] inference took 0.20s
15:16:39 [DETECT] inference took 0.27s
15:16:40 [DETECT] inference took 0.20s
15:16:40 [DETECT] inference took 0.24s
15:16:41 [DETECT] inference took 0.28s
15:16:42 [DETECT] inference took 0.31s
15:16:43 [DETECT] inference took 0.34s
15:16:44 [DETECT] inference took 0.31s
15:16:44 [DETECT] inference took 0.38s
15:16:45 [DETECT] inference took 0.31s
15:16:45 [DETECT] inference took 0.36s
15:16:46 [DETECT] inference took 0.33s
15:16:46 [DETECT] inference took 0.34s
15:16:47 [DETECT] inference took 0.33s
15:16:48 [DETECT] inference took 0.44s
15:16:48 [DETECT] inference took 0.20s
15:16:48 [DETECT] inference took 0.24s
15:16:49 [DETECT] inference took 0.20s
15:16:49 [DETECT] inference took 0.28s
15:16:50 [DETECT] inference took 0.38s
15:16:51 [DETECT] inference took 0.34s
15:16:52 [DETECT] inference took 0.34s
15:16:53 [DETECT] inference took 0.36s
15:16:54 [DETECT] inference took 0.34s
15:16:55 [DETECT] inference took 0.34s
15:16:56 [DETECT] inference took 0.38s
15:16:57 [DETECT] inference took 0.33s
15:16:58 [DETECT] inference took 0.33s
15:16:59 [DETECT] inference took 0.31s
15:17:00 [DETECT] inference took 0.34s
15:17:01 [DETECT] inference took 0.34s
15:17:02 [DETECT] inference took 0.33s
15:17:03 [DETECT] inference took 0.34s
15:17:04 [DETECT] inference took 0.36s
15:17:05 [DETECT] inference took 0.34s
15:17:06 [DETECT] inference took 0.33s
15:17:07 [DETECT] inference took 0.34s
15:17:08 [DETECT] inference took 0.34s
15:17:09 [DETECT] inference took 0.38s
15:17:10 [DETECT] inference took 0.36s
15:17:11 [DETECT] inference took 0.36s
15:17:12 [DETECT] inference took 0.36s
15:17:13 [DETECT] inference took 0.33s
15:17:14 [DETECT] inference took 0.23s
15:17:15 [DETECT] inference took 0.20s
15:17:16 [DETECT] inference took 0.20s
15:17:17 [DETECT] inference took 0.22s
15:17:18 [DETECT] inference took 0.20s
15:17:19 [DETECT] inference took 0.22s
15:17:20 [DETECT] inference took 0.22s
15:17:21 [DETECT] inference took 0.20s
15:17:22 [DETECT] inference took 0.22s
15:17:23 [DETECT] inference took 0.22s
15:17:24 [DETECT] inference took 0.22s
15:17:25 [DETECT] inference took 0.20s
15:17:26 [DETECT] inference took 0.20s
15:17:27 [DETECT] inference took 0.22s
15:17:28 [DETECT] inference took 0.22s
15:17:29 [DETECT] inference took 0.20s
15:17:30 [DETECT] inference took 0.22s
15:17:31 [DETECT] inference took 0.22s
15:17:32 [DETECT] inference took 0.20s
15:17:33 [DETECT] inference took 0.22s
15:17:34 [DETECT] inference took 0.22s
15:17:35 [DETECT] inference took 0.34s
15:17:36 [DETECT] inference took 0.31s
15:17:37 [DETECT] inference took 0.34s
15:17:38 [DETECT] inference took 0.30s
15:17:39 [DETECT] inference took 0.33s
15:17:40 [DETECT] inference took 0.31s
15:17:41 [DETECT] inference took 0.28s
15:17:42 [DETECT] inference took 0.31s
15:17:43 [DETECT] inference took 0.31s
15:17:44 [DETECT] inference took 0.33s
15:17:45 [DETECT] inference took 0.30s
15:17:46 [DETECT] inference took 0.31s
15:17:47 [DETECT] inference took 0.33s
15:17:48 [DETECT] inference took 0.33s
15:17:49 [DETECT] inference took 0.28s
15:17:50 [DETECT] inference took 0.31s
15:17:51 [DETECT] inference took 0.33s
15:17:52 [DETECT] inference took 0.34s
15:17:53 [DETECT] inference took 0.31s
15:17:54 [DETECT] inference took 0.42s
15:17:55 [DETECT] inference took 0.34s
15:17:56 [DETECT] inference took 0.33s
15:17:57 [DETECT] inference took 0.33s
15:17:58 [DETECT] inference took 0.36s
15:17:59 [DETECT] inference took 0.33s
15:18:00 [DETECT] inference took 0.33s
15:18:01 [DETECT] inference took 0.33s
15:18:02 [DETECT] inference took 0.33s
15:18:03 [DETECT] inference took 0.30s
15:18:04 [DETECT] inference took 0.33s
15:18:05 [DETECT] inference took 0.38s
15:18:06 [DETECT] inference took 0.31s
15:18:07 [DETECT] inference took 0.38s
15:18:08 [DETECT] inference took 0.22s
15:18:09 [DETECT] inference took 0.22s
15:18:10 [DETECT] inference took 0.20s
15:18:11 [DETECT] inference took 0.22s
15:18:12 [DETECT] inference took 0.20s
15:18:13 [DETECT] inference took 0.22s
15:18:14 [DETECT] inference took 0.20s
15:18:15 [DETECT] inference took 0.34s
15:18:16 [DETECT] inference took 0.44s
15:18:17 [DETECT] inference took 0.36s
15:18:18 [DETECT] inference took 0.39s
15:18:19 [DETECT] inference took 0.38s
15:18:20 [DETECT] inference took 0.33s
15:18:21 [DETECT] inference took 0.26s
15:18:22 [DETECT] inference took 0.22s
15:18:23 [DETECT] inference took 0.20s
15:18:24 [DETECT] inference took 0.22s
15:18:25 [DETECT] inference took 0.20s
15:18:26 [DETECT] inference took 0.22s
15:18:26 [DETECT] inference took 0.24s
15:18:27 [DETECT] inference took 0.22s
15:18:27 [DETECT] inference took 0.25s
15:18:28 [DETECT] inference took 0.22s
15:18:28 [DETECT] inference took 0.24s
15:18:29 [DETECT] inference took 0.20s
15:18:29 [DETECT] inference took 0.25s
15:18:30 [DETECT] inference took 0.20s
15:18:30 [DETECT] inference took 0.25s
15:18:31 [DETECT] inference took 0.22s
15:18:31 [DETECT] inference took 0.25s
15:18:32 [DETECT] inference took 0.22s
15:18:33 [DETECT] inference took 0.22s
15:18:33 [DETECT] inference took 0.24s
15:18:34 [DETECT] inference took 0.22s
15:18:34 [DETECT] inference took 0.25s
15:18:35 [DETECT] inference took 0.20s
15:18:36 [DETECT] inference took 0.22s
15:18:36 [DETECT] inference took 0.25s
15:18:37 [DETECT] inference took 0.22s
15:18:37 [DETECT] inference took 0.25s
15:18:38 [DETECT] inference took 0.20s
15:18:38 [DETECT] inference took 0.25s
15:18:39 [DETECT] inference took 0.22s
15:18:39 [DETECT] inference took 0.25s
15:18:40 [DETECT] inference took 0.22s
15:18:40 [DETECT] inference took 0.25s
15:18:41 [DETECT] inference took 0.20s
15:18:41 [DETECT] inference took 0.25s
15:18:42 [DETECT] inference took 0.22s
15:18:43 [DETECT] inference took 0.34s
15:18:44 [DETECT] inference took 0.34s
15:18:45 [DETECT] inference took 0.34s
15:18:46 [DETECT] inference took 0.33s
15:18:47 [DETECT] inference took 0.33s
15:18:48 [DETECT] inference took 0.34s
15:18:49 [DETECT] inference took 0.33s
15:18:50 [DETECT] inference took 0.34s
15:18:51 [DETECT] inference took 0.36s
15:18:52 [DETECT] inference took 0.34s
15:18:53 [DETECT] inference took 0.34s
15:18:54 [DETECT] inference took 0.36s
15:18:55 [DETECT] inference took 0.34s
15:18:56 [DETECT] inference took 0.34s
15:18:57 [DETECT] inference took 0.34s
15:18:58 [DETECT] inference took 0.36s
15:18:59 [DETECT] inference took 0.31s
15:19:00 [DETECT] inference took 0.36s
15:19:01 [DETECT] inference took 0.33s
15:19:02 [DETECT] inference took 0.38s
15:19:03 [DETECT] inference took 0.34s
15:19:04 [DETECT] inference took 0.31s
15:19:05 [DETECT] inference took 0.33s
15:19:06 [DETECT] inference took 0.31s
15:19:07 [DETECT] inference took 0.30s
15:19:08 [DETECT] inference took 0.30s
15:19:09 [DETECT] inference took 0.28s
15:19:10 [DETECT] inference took 0.22s
15:19:11 [DETECT] inference took 0.24s
15:19:12 [DETECT] inference took 0.22s
15:19:13 [DETECT] inference took 0.22s
15:19:14 [DETECT] inference took 0.20s
15:19:15 [DETECT] inference took 0.20s
15:19:16 [DETECT] inference took 0.20s
15:19:17 [DETECT] inference took 0.28s
15:19:18 [DETECT] inference took 0.31s
15:19:19 [DETECT] inference took 0.31s
15:19:20 [DETECT] inference took 0.28s
15:19:21 [DETECT] inference took 0.30s
15:19:22 [DETECT] inference took 0.30s
15:19:23 [DETECT] inference took 0.20s
15:19:24 [DETECT] inference took 0.22s
15:19:25 [DETECT] inference took 0.20s
15:19:26 [DETECT] inference took 0.22s
15:19:27 [DETECT] inference took 0.22s
15:19:28 [DETECT] inference took 0.20s
15:19:29 [DETECT] inference took 0.22s
15:19:30 [DETECT] inference took 0.22s
15:19:31 [DETECT] inference took 0.22s
15:19:32 [DETECT] inference took 0.22s
15:19:33 [DETECT] inference took 0.22s
15:19:34 [DETECT] inference took 0.20s
15:19:35 [DETECT] inference took 0.22s
15:19:36 [DETECT] inference took 0.22s
15:19:37 [DETECT] inference took 0.22s
15:19:38 [DETECT] inference took 0.22s
15:19:39 [DETECT] inference took 0.24s
15:19:40 [DETECT] inference took 0.22s
15:19:41 [DETECT] inference took 0.22s
15:19:42 [DETECT] inference took 0.20s
15:19:43 [DETECT] inference took 0.24s
15:19:44 [DETECT] inference took 0.20s
15:19:45 [DETECT] inference took 0.22s
15:19:46 [DETECT] inference took 0.22s
15:19:47 [DETECT] inference took 0.22s
15:19:48 [DETECT] inference took 0.20s
15:19:49 [DETECT] inference took 0.24s
15:19:50 [DETECT] inference took 0.20s
15:19:51 [DETECT] inference took 0.22s
15:19:52 [DETECT] inference took 0.24s
15:19:53 [DETECT] inference took 0.22s
15:19:54 [DETECT] inference took 0.22s
15:19:55 [DETECT] inference took 0.22s
15:19:56 [DETECT] inference took 0.22s
15:19:57 [DETECT] inference took 0.20s
15:19:58 [DETECT] inference took 0.22s
15:19:59 [DETECT] inference took 0.24s
15:20:00 [DETECT] inference took 0.22s
15:20:01 [DETECT] inference took 0.22s
15:20:02 [DETECT] inference took 0.22s
15:20:03 [DETECT] inference took 0.22s
15:20:04 [DETECT] inference took 0.22s
15:20:05 [DETECT] inference took 0.22s
15:20:06 [DETECT] inference took 0.20s
15:20:07 [DETECT] inference took 0.22s
15:20:08 [DETECT] inference took 0.22s
15:20:09 [DETECT] inference took 0.22s
15:20:10 [DETECT] inference took 0.22s
15:20:11 [DETECT] inference took 0.24s
15:20:12 [DETECT] inference took 0.22s
15:20:13 [DETECT] inference took 0.22s
15:20:14 [DETECT] inference took 0.23s
15:20:15 [DETECT] inference took 0.23s
15:20:16 [DETECT] inference took 0.24s
15:20:16 [DETECT] inference took 0.22s
15:20:17 [DETECT] inference took 0.22s
15:20:18 [DETECT] inference took 0.23s
15:20:19 [DETECT] inference took 0.22s
15:20:20 [DETECT] inference took 0.22s
15:20:21 [DETECT] inference took 0.23s
15:20:22 [DETECT] inference took 0.22s
15:20:23 [DETECT] inference took 0.22s
15:20:24 [DETECT] inference took 0.22s
15:20:25 [DETECT] inference took 0.22s
15:20:26 [DETECT] inference took 0.22s
15:20:27 [DETECT] inference took 0.22s
15:20:28 [DETECT] inference took 0.22s
15:20:29 [DETECT] inference took 0.20s
15:20:30 [DETECT] inference took 0.22s
15:20:31 [DETECT] inference took 0.22s
15:20:32 [DETECT] inference took 0.22s
15:20:33 [DETECT] inference took 0.22s
15:20:34 [DETECT] inference took 0.22s
15:20:35 [DETECT] inference took 0.22s
15:20:36 [DETECT] inference took 0.22s
15:20:37 [DETECT] inference took 0.23s
15:20:38 [DETECT] inference took 0.22s
15:20:39 [DETECT] inference took 0.22s
15:20:40 [DETECT] inference took 0.23s
15:20:41 [DETECT] inference took 0.22s
15:20:42 [DETECT] inference took 0.22s
15:20:43 [DETECT] inference took 0.22s
15:20:44 [DETECT] inference took 0.23s
15:20:45 [DETECT] inference took 0.28s
15:20:46 [DETECT] inference took 0.28s
15:20:47 [DETECT] inference took 0.28s
15:20:48 [DETECT] inference took 0.28s
15:20:49 [DETECT] inference took 0.28s
15:20:50 [DETECT] inference took 0.20s
15:20:51 [DETECT] inference took 0.22s
15:20:52 [DETECT] inference took 0.22s
15:20:53 [DETECT] inference took 0.22s
15:20:54 [DETECT] inference took 0.22s
15:20:55 [DETECT] inference took 0.22s
15:20:56 [DETECT] inference took 0.20s
15:20:57 [DETECT] inference took 0.22s
15:20:58 [DETECT] inference took 0.22s
15:20:59 [DETECT] inference took 0.23s
15:21:00 [DETECT] inference took 0.20s
15:21:01 [DETECT] inference took 0.23s
15:21:02 [DETECT] inference took 0.20s
15:21:03 [DETECT] inference took 0.22s
15:21:05 [DETECT] inference took 0.22s
15:21:05 [DETECT] inference took 0.22s
15:21:06 [DETECT] inference took 0.20s
15:21:07 [DETECT] inference took 0.22s
15:21:08 [DETECT] inference took 0.22s
15:21:09 [DETECT] inference took 0.20s
15:21:10 [DETECT] inference took 0.22s
15:21:11 [DETECT] inference took 0.22s
15:21:12 [DETECT] inference took 0.20s
15:21:13 [DETECT] inference took 0.22s
15:21:14 [DETECT] inference took 0.22s
15:21:15 [DETECT] inference took 0.22s
15:21:16 [DETECT] inference took 0.22s
15:21:18 [DETECT] inference took 0.22s
15:21:19 [DETECT] inference took 0.20s
15:21:20 [DETECT] inference took 0.22s
15:21:21 [DETECT] inference took 0.22s
15:21:22 [DETECT] inference took 0.30s
15:21:23 [DETECT] inference took 0.31s
15:21:24 [DETECT] inference took 0.30s
15:21:25 [DETECT] inference took 0.31s
15:21:26 [DETECT] inference took 0.30s
15:21:27 [DETECT] inference took 0.28s
15:21:28 [DETECT] inference took 0.28s
15:21:29 [DETECT] inference took 0.28s
15:21:30 [DETECT] inference took 0.28s
15:21:31 [DETECT] inference took 0.30s
15:21:32 [DETECT] inference took 0.30s
15:21:33 [DETECT] inference took 0.30s
15:21:34 [DETECT] inference took 0.33s
15:21:35 [DETECT] inference took 0.33s
15:21:36 [DETECT] inference took 0.30s
15:21:37 [DETECT] inference took 0.30s
15:21:38 [DETECT] inference took 0.31s
15:21:39 [DETECT] inference took 0.30s
15:21:40 [DETECT] inference took 0.31s
15:21:41 [DETECT] inference took 0.38s
15:21:42 [DETECT] inference took 0.30s
15:21:43 [DETECT] inference took 0.31s
15:21:44 [DETECT] inference took 0.33s
15:21:45 [DETECT] inference took 0.30s
15:21:46 [DETECT] inference took 0.20s
15:21:47 [DETECT] inference took 0.22s
15:21:48 [DETECT] inference took 0.20s
15:21:49 [DETECT] inference took 0.22s
15:21:50 [DETECT] inference took 0.22s
15:21:51 [DETECT] inference took 0.20s
15:21:52 [DETECT] inference took 0.22s
15:21:53 [DETECT] inference took 0.20s
15:21:54 [DETECT] inference took 0.22s
15:21:55 [DETECT] inference took 0.20s
15:21:56 [DETECT] inference took 0.22s
15:21:57 [DETECT] inference took 0.22s
15:21:58 [DETECT] inference took 0.20s
15:21:59 [DETECT] inference took 0.22s
15:22:00 [DETECT] inference took 0.20s
15:22:01 [DETECT] inference took 0.22s
15:22:02 [DETECT] inference took 0.22s
15:22:03 [DETECT] inference took 0.20s
15:22:04 [DETECT] inference took 0.22s
15:22:05 [DETECT] inference took 0.20s
15:22:06 [DETECT] inference took 0.22s
15:22:07 [DETECT] inference took 0.31s
15:22:08 [DETECT] inference took 0.30s
15:22:09 [DETECT] inference took 0.33s
15:22:10 [DETECT] inference took 0.31s
15:22:11 [DETECT] inference took 0.31s
15:22:12 [DETECT] inference took 0.30s
15:22:13 [DETECT] inference took 0.27s
15:22:14 [DETECT] inference took 0.30s
15:22:15 [DETECT] inference took 0.28s
15:22:16 [DETECT] inference took 0.28s
15:22:17 [DETECT] inference took 0.27s
15:22:18 [DETECT] inference took 0.28s
15:22:19 [DETECT] inference took 0.31s
15:22:20 [DETECT] inference took 0.31s
15:22:21 [DETECT] inference took 0.33s
15:22:22 [DETECT] inference took 0.30s
15:22:23 [DETECT] inference took 0.27s
15:22:24 [DETECT] inference took 0.27s
15:22:25 [DETECT] inference took 0.31s
15:22:26 [DETECT] inference took 0.38s
15:22:27 [DETECT] inference took 0.33s
15:22:28 [DETECT] inference took 0.30s
15:22:29 [DETECT] inference took 0.28s
15:22:30 [DETECT] inference took 0.30s
15:22:31 [DETECT] inference took 0.28s
15:22:32 [DETECT] inference took 0.30s
15:22:33 [DETECT] inference took 0.30s
15:22:34 [DETECT] inference took 0.28s
15:22:35 [DETECT] inference took 0.31s
15:22:36 [DETECT] inference took 0.22s
15:22:37 [DETECT] inference took 0.22s
15:22:38 [DETECT] inference took 0.20s
15:22:39 [DETECT] inference took 0.22s
15:22:40 [DETECT] inference took 0.20s
15:22:41 [DETECT] inference took 0.22s
15:22:42 [DETECT] inference took 0.20s
15:22:43 [DETECT] inference took 0.20s
15:22:44 [DETECT] inference took 0.22s
15:22:45 [DETECT] inference took 0.20s
15:22:46 [DETECT] inference took 0.27s
15:22:47 [DETECT] inference took 0.30s
15:22:48 [DETECT] inference took 0.39s
15:22:49 [DETECT] inference took 0.33s
15:22:50 [DETECT] inference took 0.30s
15:22:51 [DETECT] inference took 0.30s
15:22:52 [DETECT] inference took 0.30s
15:22:53 [DETECT] inference took 0.28s
15:22:54 [DETECT] inference took 0.30s
15:22:55 [DETECT] inference took 0.30s
15:22:56 [DETECT] inference took 0.30s
15:22:57 [DETECT] inference took 0.28s
15:22:58 [DETECT] inference took 0.28s
15:22:59 [DETECT] inference took 0.30s
15:23:00 [DETECT] inference took 0.30s
15:23:01 [DETECT] inference took 0.28s
15:23:02 [DETECT] inference took 0.30s
15:23:03 [DETECT] inference took 0.30s
15:23:04 [DETECT] inference took 0.31s
15:23:05 [DETECT] inference took 0.31s
15:23:06 [DETECT] inference took 0.30s
15:23:07 [DETECT] inference took 0.30s
15:23:08 [DETECT] inference took 0.30s
15:23:09 [DETECT] inference took 0.30s
15:23:10 [DETECT] inference took 0.36s
15:23:11 [DETECT] inference took 0.38s
15:23:12 [DETECT] inference took 0.22s
15:23:12 [DETECT] inference took 0.24s
15:23:13 [DETECT] inference took 0.22s
15:23:13 [DETECT] inference took 0.24s
15:23:14 [DETECT] inference took 0.22s
15:23:14 [DETECT] inference took 0.24s
15:23:15 [DETECT] inference took 0.20s
15:23:15 [DETECT] inference took 0.23s
15:23:16 [DETECT] inference took 0.20s
15:23:16 [DETECT] inference took 0.23s
15:23:17 [DETECT] inference took 0.22s
15:23:18 [DETECT] inference took 0.22s
15:23:19 [DETECT] inference took 0.20s
15:23:20 [DETECT] inference took 0.22s
15:23:21 [DETECT] inference took 0.20s
15:23:22 [DETECT] inference took 0.20s
15:23:23 [DETECT] inference took 0.22s
15:23:24 [DETECT] inference took 0.22s
15:23:25 [DETECT] inference took 0.20s
15:23:26 [DETECT] inference took 0.20s
15:23:27 [DETECT] inference took 0.22s
15:23:28 [DETECT] inference took 0.22s
15:23:29 [DETECT] inference took 0.27s
15:23:30 [DETECT] inference took 0.27s
15:23:31 [DETECT] inference took 0.27s
15:23:32 [DETECT] inference took 0.31s
15:23:33 [DETECT] inference took 0.31s
15:23:34 [DETECT] inference took 0.22s
15:23:35 [DETECT] inference took 0.22s
15:23:36 [DETECT] inference took 0.22s
15:23:37 [DETECT] inference took 0.20s
15:23:38 [DETECT] inference took 0.20s
15:23:39 [DETECT] inference took 0.22s
15:23:40 [DETECT] inference took 0.22s
15:23:41 [DETECT] inference took 0.20s
15:23:42 [DETECT] inference took 0.22s
15:23:43 [DETECT] inference took 0.20s
15:23:44 [DETECT] inference took 0.22s
15:23:45 [DETECT] inference took 0.20s
15:23:46 [DETECT] inference took 0.20s
15:23:47 [DETECT] inference took 0.20s
15:23:48 [DETECT] inference took 0.22s
15:23:49 [DETECT] inference took 0.22s
15:23:50 [DETECT] inference took 0.20s
15:23:51 [DETECT] inference took 0.22s
15:23:52 [DETECT] inference took 0.22s
15:23:53 [DETECT] inference took 0.20s
15:23:54 [DETECT] inference took 0.20s
15:23:55 [DETECT] inference took 0.22s
15:23:56 [DETECT] inference took 0.20s
15:23:57 [DETECT] inference took 0.20s
15:23:58 [DETECT] inference took 0.22s
15:23:59 [DETECT] inference took 0.30s
15:24:00 [DETECT] inference took 0.34s
15:24:01 [DETECT] inference took 0.33s
15:24:02 [DETECT] inference took 0.33s
15:24:03 [DETECT] inference took 0.31s
15:24:04 [DETECT] inference took 0.30s
15:24:05 [DETECT] inference took 0.31s
15:24:06 [DETECT] inference took 0.31s
15:24:07 [DETECT] inference took 0.31s
15:24:08 [DETECT] inference took 0.31s
15:24:09 [DETECT] inference took 0.31s
15:24:10 [DETECT] inference took 0.33s
15:24:11 [DETECT] inference took 0.33s
15:24:12 [DETECT] inference took 0.33s
15:24:13 [DETECT] inference took 0.31s
15:24:14 [DETECT] inference took 0.31s
15:24:15 [DETECT] inference took 0.31s
15:24:16 [DETECT] inference took 0.33s
15:24:17 [DETECT] inference took 0.31s
15:24:18 [DETECT] inference took 0.36s
15:24:19 [DETECT] inference took 0.41s
15:24:20 [DETECT] inference took 0.36s
15:24:20 [DETECT] inference took 0.38s
15:24:21 [DETECT] inference took 0.33s
15:24:21 [DETECT] inference took 0.36s
15:24:22 [DETECT] inference took 0.30s
15:24:22 [DETECT] inference took 0.36s
15:24:23 [DETECT] inference took 0.33s
15:24:23 [DETECT] inference took 0.33s
15:24:24 [DETECT] inference took 0.30s
15:24:24 [DETECT] inference took 0.34s
15:24:25 [DETECT] inference took 0.31s
15:24:25 [DETECT] inference took 0.33s
15:24:26 [DETECT] inference took 0.33s
15:24:26 [DETECT] inference took 0.34s
15:24:27 [DETECT] inference took 0.30s
15:24:27 [DETECT] inference took 0.36s
15:24:28 [DETECT] inference took 0.31s
15:24:28 [DETECT] inference took 0.33s
15:24:29 [DETECT] inference took 0.34s
15:24:29 [DETECT] inference took 0.36s
15:24:30 [DETECT] inference took 0.38s
15:24:30 [DETECT] inference took 0.38s
15:24:31 [DETECT] inference took 0.34s
15:24:31 [DETECT] inference took 0.38s
15:24:32 [DETECT] inference took 0.30s
15:24:32 [DETECT] inference took 0.34s
15:24:33 [DETECT] inference took 0.31s
15:24:33 [DETECT] inference took 0.33s
15:24:34 [DETECT] inference took 0.31s
15:24:34 [DETECT] inference took 0.34s
15:24:35 [DETECT] inference took 0.30s
15:24:35 [DETECT] inference took 0.34s
15:24:36 [DETECT] inference took 0.30s
15:24:36 [DETECT] inference took 0.33s
15:24:37 [DETECT] inference took 0.31s
15:24:37 [DETECT] inference took 0.33s
15:24:38 [DETECT] inference took 0.31s
15:24:38 [DETECT] inference took 0.34s
15:24:39 [DETECT] inference took 0.31s
15:24:39 [DETECT] inference took 0.31s
15:24:40 [DETECT] inference took 0.31s
15:24:40 [DETECT] inference took 0.34s
15:24:41 [DETECT] inference took 0.38s
15:24:41 [DETECT] inference took 0.36s
15:24:42 [DETECT] inference took 0.38s
15:24:43 [DETECT] inference took 0.34s
15:24:44 [DETECT] inference took 0.31s
15:24:45 [DETECT] inference took 0.33s
15:24:46 [DETECT] inference took 0.20s
15:24:47 [DETECT] inference took 0.22s
15:24:48 [DETECT] inference took 0.20s
15:24:49 [DETECT] inference took 0.20s
15:24:50 [DETECT] inference took 0.22s
15:24:51 [DETECT] inference took 0.22s
15:24:52 [DETECT] inference took 0.20s
15:24:53 [DETECT] inference took 0.20s
15:24:54 [DETECT] inference took 0.22s
15:24:55 [DETECT] inference took 0.20s
15:24:56 [DETECT] inference took 0.22s
15:24:57 [DETECT] inference took 0.22s
15:24:58 [DETECT] inference took 0.20s
15:24:59 [DETECT] inference took 0.20s
15:25:00 [DETECT] inference took 0.22s
15:25:01 [DETECT] inference took 0.22s
15:25:02 [DETECT] inference took 0.22s
15:25:03 [DETECT] inference took 0.20s
15:25:04 [DETECT] inference took 0.22s
15:25:05 [DETECT] inference took 0.34s
15:25:06 [DETECT] inference took 0.39s
15:25:07 [DETECT] inference took 0.31s
15:25:08 [DETECT] inference took 0.31s
15:25:09 [DETECT] inference took 0.38s
15:25:10 [DETECT] inference took 0.31s
15:25:11 [DETECT] inference took 0.33s
15:25:12 [DETECT] inference took 0.31s
15:25:13 [DETECT] inference took 0.31s
15:25:14 [DETECT] inference took 0.34s
15:25:15 [DETECT] inference took 0.34s
15:25:16 [DETECT] inference took 0.30s
15:25:17 [DETECT] inference took 0.34s
15:25:18 [DETECT] inference took 0.31s
15:25:19 [DETECT] inference took 0.33s
15:25:20 [DETECT] inference took 0.31s
15:25:21 [DETECT] inference took 0.33s
15:25:22 [DETECT] inference took 0.34s
15:25:23 [DETECT] inference took 0.31s
15:25:24 [DETECT] inference took 0.34s
15:25:25 [DETECT] inference took 0.36s
15:25:26 [DETECT] inference took 0.36s
15:25:27 [DETECT] inference took 0.36s
15:25:28 [DETECT] inference took 0.36s
15:25:29 [DETECT] inference took 0.27s
15:25:30 [DETECT] inference took 0.24s
15:25:31 [DETECT] inference took 0.22s
15:25:32 [DETECT] inference took 0.24s
15:25:33 [DETECT] inference took 0.24s
15:25:34 [DETECT] inference took 0.22s
15:25:35 [DETECT] inference took 0.24s
15:25:36 [DETECT] inference took 0.24s
15:25:37 [DETECT] inference took 0.22s
15:25:38 [DETECT] inference took 0.22s
15:25:39 [DETECT] inference took 0.24s
15:25:40 [DETECT] inference took 0.25s
15:25:41 [DETECT] inference took 0.24s
15:25:42 [DETECT] inference took 0.24s
15:25:43 [DETECT] inference took 0.24s
15:25:44 [DETECT] inference took 0.24s
15:25:45 [DETECT] inference took 0.22s
15:25:46 [DETECT] inference took 0.22s
15:25:47 [DETECT] inference took 0.24s
15:25:48 [DETECT] inference took 0.22s
15:25:49 [DETECT] inference took 0.24s
15:25:50 [DETECT] inference took 0.31s
15:25:51 [DETECT] inference took 0.33s
15:25:52 [DETECT] inference took 0.33s
15:25:53 [DETECT] inference took 0.34s
15:25:54 [DETECT] inference took 0.33s
15:25:55 [DETECT] inference took 0.30s
15:25:56 [DETECT] inference took 0.33s
15:25:57 [DETECT] inference took 0.30s
15:25:58 [DETECT] inference took 0.34s
15:25:59 [DETECT] inference took 0.33s
15:26:00 [DETECT] inference took 0.33s
15:26:01 [DETECT] inference took 0.30s
15:26:02 [DETECT] inference took 0.31s
15:26:03 [DETECT] inference took 0.33s
15:26:04 [DETECT] inference took 0.33s
15:26:05 [DETECT] inference took 0.31s
15:26:06 [DETECT] inference took 0.31s
15:26:07 [DETECT] inference took 0.34s
15:26:08 [DETECT] inference took 0.30s
15:26:09 [DETECT] inference took 0.33s
15:26:10 [DETECT] inference took 0.34s
15:26:11 [DETECT] inference took 0.34s
15:26:12 [DETECT] inference took 0.33s
15:26:13 [DETECT] inference took 0.33s
15:26:14 [DETECT] inference took 0.24s
15:26:15 [DETECT] inference took 0.22s
15:26:16 [DETECT] inference took 0.22s
15:26:17 [DETECT] inference took 0.20s
15:26:18 [DETECT] inference took 0.20s
15:26:19 [DETECT] inference took 0.22s
15:26:20 [DETECT] inference took 0.22s
15:26:21 [DETECT] inference took 0.22s
15:26:22 [DETECT] inference took 0.22s
15:26:23 [DETECT] inference took 0.20s
15:26:24 [DETECT] inference took 0.36s
15:26:25 [DETECT] inference took 0.31s
15:26:26 [DETECT] inference took 0.33s
15:26:27 [DETECT] inference took 0.33s
15:26:28 [DETECT] inference took 0.31s
15:26:29 [DETECT] inference took 0.33s
15:26:30 [DETECT] inference took 0.34s
15:26:31 [DETECT] inference took 0.34s
15:26:32 [DETECT] inference took 0.38s
15:26:33 [DETECT] inference took 0.36s
15:26:34 [DETECT] inference took 0.33s
15:26:35 [DETECT] inference took 0.30s
15:26:35 [DETECT] inference took 0.34s
15:26:35 [DETECT] rejected drone candidate (confidence=0.29) -- overlaps a confidently-classified non-drone object
15:26:35 [DETECT] rejected drone candidate (confidence=0.26) -- same region was rejected moments ago (memory)
15:26:36 [DETECT] inference took 0.22s
15:26:37 [DETECT] inference took 0.20s
15:26:38 [DETECT] inference took 0.22s
15:26:39 [DETECT] inference took 0.20s
15:26:40 [DETECT] inference took 0.20s
15:26:41 [DETECT] inference took 0.20s
15:26:42 [DETECT] inference took 0.22s
15:26:43 [DETECT] inference took 0.22s
15:26:44 [DETECT] inference took 0.22s
15:26:45 [DETECT] inference took 0.20s
15:26:45 [DETECT] inference took 0.25s
15:26:46 [DETECT] inference took 0.22s
15:26:46 [DETECT] inference took 0.23s
15:26:47 [DETECT] inference took 0.20s
15:26:48 [DETECT] inference took 0.22s
15:26:48 [DETECT] inference took 0.23s
15:26:49 [DETECT] inference took 0.20s
15:26:49 [DETECT] inference took 0.23s
15:26:50 [DETECT] inference took 0.20s
15:26:51 [DETECT] inference took 0.22s
15:26:52 [DETECT] inference took 0.20s
15:26:52 [DETECT] inference took 0.23s
15:26:53 [DETECT] inference took 0.20s
15:26:53 [DETECT] inference took 0.23s
15:26:54 [DETECT] inference took 0.20s
15:26:54 [DETECT] inference took 0.25s
15:26:55 [DETECT] inference took 0.22s
15:26:55 [DETECT] inference took 0.24s
15:26:56 [DETECT] inference took 0.22s
15:26:56 [DETECT] inference took 0.24s
15:26:57 [DETECT] inference took 0.33s
15:26:58 [DETECT] inference took 0.34s
15:26:59 [DETECT] inference took 0.33s
15:27:00 [DETECT] inference took 0.34s
15:27:01 [DETECT] inference took 0.34s
15:27:02 [DETECT] inference took 0.31s
15:27:03 [DETECT] inference took 0.33s
15:27:04 [DETECT] inference took 0.33s
15:27:05 [DETECT] inference took 0.30s
15:27:06 [DETECT] inference took 0.33s
15:27:07 [DETECT] inference took 0.33s
15:27:08 [DETECT] inference took 0.34s
15:27:09 [DETECT] inference took 0.31s
15:27:10 [DETECT] inference took 0.33s
15:27:11 [DETECT] inference took 0.33s
15:27:12 [DETECT] inference took 0.31s
15:27:13 [DETECT] inference took 0.34s
15:27:14 [DETECT] inference took 0.31s
15:27:15 [DETECT] inference took 0.31s
15:27:16 [DETECT] inference took 0.34s
15:27:17 [DETECT] inference took 0.34s
15:27:18 [DETECT] inference took 0.34s
15:27:19 [DETECT] inference took 0.31s
15:27:20 [DETECT] inference took 0.30s
15:27:21 [DETECT] inference took 0.30s
15:27:22 [DETECT] inference took 0.30s
15:27:23 [DETECT] inference took 0.30s
15:27:24 [DETECT] inference took 0.22s
15:27:25 [DETECT] inference took 0.22s
15:27:26 [DETECT] inference took 0.22s
15:27:27 [DETECT] inference took 0.22s
15:27:28 [DETECT] inference took 0.22s
15:27:29 [DETECT] inference took 0.22s
15:27:30 [DETECT] inference took 0.20s
15:27:31 [DETECT] inference took 0.20s
15:27:32 [DETECT] inference took 0.22s
15:27:33 [DETECT] inference took 0.22s
15:27:34 [DETECT] inference took 0.20s
15:27:35 [DETECT] inference took 0.20s
15:27:36 [DETECT] inference took 0.22s
15:27:37 [DETECT] inference took 0.22s
15:27:38 [DETECT] inference took 0.20s
15:27:39 [DETECT] inference took 0.20s
15:27:40 [DETECT] inference took 0.20s
15:27:41 [DETECT] inference took 0.22s
15:27:42 [DETECT] inference took 0.20s
15:27:43 [DETECT] inference took 0.20s
15:27:44 [DETECT] inference took 0.20s
15:27:45 [DETECT] inference took 0.22s
15:27:46 [DETECT] inference took 0.20s
15:27:47 [DETECT] inference took 0.20s
15:27:48 [DETECT] inference took 0.22s
15:27:49 [DETECT] inference took 0.20s
15:27:50 [DETECT] inference took 0.20s
15:27:51 [DETECT] inference took 0.22s
15:27:52 [DETECT] inference took 0.22s
15:27:53 [DETECT] inference took 0.20s
15:27:54 [DETECT] inference took 0.22s
15:27:55 [DETECT] inference took 0.20s
15:27:56 [DETECT] inference took 0.20s
15:27:57 [DETECT] inference took 0.22s
15:27:58 [DETECT] inference took 0.22s
15:27:59 [DETECT] inference took 0.20s
15:28:00 [DETECT] inference took 0.20s
15:28:01 [DETECT] inference took 0.22s
15:28:02 [DETECT] inference took 0.20s
15:28:03 [DETECT] inference took 0.20s
15:28:04 [DETECT] inference took 0.20s
15:28:05 [DETECT] inference took 0.20s
15:28:06 [DETECT] inference took 0.22s
15:28:07 [DETECT] inference took 0.20s
15:28:08 [DETECT] inference took 0.20s
15:28:09 [DETECT] inference took 0.22s
15:28:10 [DETECT] inference took 0.22s
15:28:11 [DETECT] inference took 0.20s
15:28:12 [DETECT] inference took 0.20s
15:28:13 [DETECT] inference took 0.22s
15:28:14 [DETECT] inference took 0.20s
15:28:15 [DETECT] inference took 0.20s
15:28:16 [DETECT] inference took 0.22s
15:28:17 [DETECT] inference took 0.20s
15:28:18 [DETECT] inference took 0.20s
15:28:19 [DETECT] inference took 0.22s
15:28:20 [DETECT] inference took 0.20s
15:28:21 [DETECT] inference took 0.20s
15:28:22 [DETECT] inference took 0.22s
15:28:23 [DETECT] inference took 0.22s
15:28:24 [DETECT] inference took 0.30s
15:28:25 [DETECT] inference took 0.20s
15:28:26 [DETECT] inference took 0.20s
15:28:27 [DETECT] inference took 0.22s
15:28:28 [DETECT] inference took 0.22s
15:28:29 [DETECT] inference took 0.20s
15:28:29 [DETECT] inference took 0.24s
15:28:30 [DETECT] inference took 0.22s
15:28:31 [DETECT] inference took 0.20s
15:28:32 [DETECT] inference took 0.22s
15:28:33 [DETECT] inference took 0.22s
15:28:34 [DETECT] inference took 0.22s
15:28:35 [DETECT] inference took 0.22s
15:28:36 [DETECT] inference took 0.22s
15:28:37 [DETECT] inference took 0.20s
15:28:38 [DETECT] inference took 0.20s
15:28:39 [DETECT] inference took 0.22s
15:28:40 [DETECT] inference took 0.22s
15:28:41 [DETECT] inference took 0.20s
15:28:42 [DETECT] inference took 0.20s
15:28:43 [DETECT] inference took 0.20s
15:28:44 [DETECT] inference took 0.22s
15:28:45 [DETECT] inference took 0.22s
15:28:46 [DETECT] inference took 0.20s
15:28:47 [DETECT] inference took 0.20s
15:28:48 [DETECT] inference took 0.22s
15:28:49 [DETECT] inference took 0.22s
15:28:50 [DETECT] inference took 0.20s
15:28:51 [DETECT] inference took 0.20s
15:28:52 [DETECT] inference took 0.22s
15:28:53 [DETECT] inference took 0.22s
15:28:54 [DETECT] inference took 0.20s
15:28:55 [DETECT] inference took 0.22s
15:28:56 [DETECT] inference took 0.20s
15:28:57 [DETECT] inference took 0.20s
15:28:58 [DETECT] inference took 0.20s
15:28:59 [DETECT] inference took 0.22s
15:29:00 [DETECT] inference took 0.20s
15:29:01 [DETECT] inference took 0.20s
15:29:02 [DETECT] inference took 0.20s
15:29:03 [DETECT] inference took 0.20s
15:29:04 [DETECT] inference took 0.20s
15:29:05 [DETECT] inference took 0.22s
15:29:06 [DETECT] inference took 0.20s
15:29:07 [DETECT] inference took 0.20s
15:29:08 [DETECT] inference took 0.22s
15:29:09 [DETECT] inference took 0.20s
15:29:10 [DETECT] inference took 0.22s
15:29:11 [DETECT] inference took 0.22s
15:29:12 [DETECT] inference took 0.20s
15:29:13 [DETECT] inference took 0.22s
15:29:14 [DETECT] inference took 0.22s
15:29:15 [DETECT] inference took 0.20s
15:29:16 [DETECT] inference took 0.20s
15:29:17 [DETECT] inference took 0.22s
15:29:18 [DETECT] inference took 0.20s
15:29:19 [DETECT] inference took 0.20s
15:29:20 [DETECT] inference took 0.22s
15:29:21 [DETECT] inference took 0.20s
15:29:22 [DETECT] inference took 0.20s
15:29:23 [DETECT] inference took 0.22s
15:29:24 [DETECT] inference took 0.22s
15:29:25 [DETECT] inference took 0.20s
15:29:26 [DETECT] inference took 0.20s
15:29:27 [DETECT] inference took 0.20s
15:29:28 [DETECT] inference took 0.22s
15:29:29 [DETECT] inference took 0.20s
15:29:30 [DETECT] inference took 0.20s
15:29:31 [DETECT] inference took 0.22s
15:29:32 [DETECT] inference took 0.22s
15:29:33 [DETECT] inference took 0.20s
15:29:34 [DETECT] inference took 0.22s
15:29:35 [DETECT] inference took 0.31s
15:29:36 [DETECT] inference took 0.30s
15:29:37 [DETECT] inference took 0.30s
15:29:38 [DETECT] inference took 0.28s
15:29:39 [DETECT] inference took 0.28s
15:29:40 [DETECT] inference took 0.31s
15:29:41 [DETECT] inference took 0.28s
15:29:42 [DETECT] inference took 0.28s
15:29:43 [DETECT] inference took 0.30s
15:29:44 [DETECT] inference took 0.30s
15:29:45 [DETECT] inference took 0.31s
15:29:46 [DETECT] inference took 0.28s
15:29:47 [DETECT] inference took 0.27s
15:29:48 [DETECT] inference took 0.31s
15:29:49 [DETECT] inference took 0.28s
15:29:50 [DETECT] inference took 0.28s
15:29:51 [DETECT] inference took 0.30s
15:29:52 [DETECT] inference took 0.30s
15:29:53 [DETECT] inference took 0.30s
15:29:54 [DETECT] inference took 0.30s
15:29:55 [DETECT] inference took 0.33s
15:29:55 [DETECT] inference took 0.34s
15:29:56 [DETECT] inference took 0.30s
15:29:57 [DETECT] inference took 0.30s
15:29:58 [DETECT] inference took 0.31s
15:29:59 [DETECT] inference took 0.25s
15:30:00 [DETECT] inference took 0.22s
15:30:01 [DETECT] inference took 0.22s
15:30:02 [DETECT] inference took 0.22s
15:30:03 [DETECT] inference took 0.22s
15:30:04 [DETECT] inference took 0.22s
15:30:05 [DETECT] inference took 0.22s
15:30:06 [DETECT] inference took 0.22s
15:30:07 [DETECT] inference took 0.22s
15:30:08 [DETECT] inference took 0.22s
15:30:09 [DETECT] inference took 0.22s
15:30:10 [DETECT] inference took 0.22s
15:30:11 [DETECT] inference took 0.22s
15:30:12 [DETECT] inference took 0.22s
15:30:13 [DETECT] inference took 0.22s
15:30:14 [DETECT] inference took 0.22s
15:30:15 [DETECT] inference took 0.24s
15:30:16 [DETECT] inference took 0.22s
15:30:17 [DETECT] inference took 0.22s
15:30:18 [DETECT] inference took 0.22s
15:30:19 [DETECT] inference took 0.22s
15:30:20 [DETECT] inference took 0.28s
15:30:21 [DETECT] inference took 0.31s
15:30:22 [DETECT] inference took 0.30s
15:30:23 [DETECT] inference took 0.28s
15:30:24 [DETECT] inference took 0.30s
15:30:25 [DETECT] inference took 0.30s
15:30:26 [DETECT] inference took 0.28s
15:30:27 [DETECT] inference took 0.30s
15:30:28 [DETECT] inference took 0.30s
15:30:29 [DETECT] inference took 0.30s
15:30:30 [DETECT] inference took 0.28s
15:30:31 [DETECT] inference took 0.28s
15:30:32 [DETECT] inference took 0.30s
15:30:33 [DETECT] inference took 0.28s
15:30:34 [DETECT] inference took 0.28s
15:30:35 [DETECT] inference took 0.28s
15:30:36 [DETECT] inference took 0.28s
15:30:37 [DETECT] inference took 0.30s
15:30:38 [DETECT] inference took 0.30s
15:30:39 [DETECT] inference took 0.30s
15:30:40 [DETECT] inference took 0.36s
15:30:41 [DETECT] inference took 0.31s
15:30:42 [DETECT] inference took 0.30s
15:30:43 [DETECT] inference took 0.28s
15:30:44 [DETECT] inference took 0.22s
15:30:45 [DETECT] inference took 0.28s
15:30:46 [DETECT] inference took 0.30s
15:30:47 [DETECT] inference took 0.28s
15:30:48 [DETECT] inference took 0.27s
15:30:49 [DETECT] inference took 0.28s
15:30:50 [DETECT] inference took 0.28s
15:30:51 [DETECT] inference took 0.30s
15:30:52 [DETECT] inference took 0.31s
15:30:53 [DETECT] inference took 0.28s
15:30:54 [DETECT] inference took 0.30s
15:30:55 [DETECT] inference took 0.28s
15:30:56 [DETECT] inference took 0.30s
15:30:57 [DETECT] inference took 0.30s
15:30:58 [DETECT] inference took 0.31s
15:30:59 [DETECT] inference took 0.33s
15:31:00 [DETECT] inference took 0.30s
15:31:01 [DETECT] inference took 0.31s
15:31:02 [DETECT] inference took 0.33s
15:31:03 [DETECT] inference took 0.28s
15:31:04 [DETECT] inference took 0.30s
15:31:05 [DETECT] inference took 0.31s
15:31:06 [DETECT] inference took 0.28s
15:31:07 [DETECT] inference took 0.30s
15:31:08 [DETECT] inference took 0.28s
15:31:09 [DETECT] inference took 0.27s
15:31:10 [DETECT] inference took 0.27s
15:31:11 [DETECT] inference took 0.30s
15:31:12 [DETECT] inference took 0.28s
15:31:13 [DETECT] inference took 0.30s
15:31:14 [DETECT] inference took 0.30s
15:31:15 [DETECT] inference took 0.30s
15:31:16 [DETECT] inference took 0.28s
15:31:17 [DETECT] inference took 0.28s
15:31:18 [DETECT] inference took 0.31s
15:31:19 [DETECT] inference took 0.30s
15:31:20 [DETECT] inference took 0.30s
15:31:21 [DETECT] inference took 0.28s
15:31:22 [DETECT] inference took 0.30s
15:31:23 [DETECT] inference took 0.30s
15:31:24 [DETECT] inference took 0.24s
15:31:25 [DETECT] inference took 0.24s
15:31:26 [DETECT] inference took 0.22s
15:31:27 [DETECT] inference took 0.22s
15:31:28 [DETECT] inference took 0.22s
15:31:29 [DETECT] inference took 0.24s
15:31:30 [DETECT] inference took 0.22s
15:31:30 [DETECT] inference took 0.24s
15:31:31 [DETECT] inference took 0.24s
15:31:32 [DETECT] inference took 0.24s
15:31:33 [DETECT] inference took 0.22s
15:31:34 [DETECT] inference took 0.22s
15:31:35 [DETECT] inference took 0.22s
15:31:36 [DETECT] inference took 0.24s
15:31:37 [DETECT] inference took 0.22s
15:31:38 [DETECT] inference took 0.22s
15:31:39 [DETECT] inference took 0.22s
15:31:40 [DETECT] inference took 0.22s
15:31:41 [DETECT] inference took 0.22s
15:31:42 [DETECT] inference took 0.20s
15:31:43 [DETECT] inference took 0.22s
15:31:44 [DETECT] inference took 0.22s
15:31:45 [DETECT] inference took 0.22s
15:31:46 [DETECT] inference took 0.20s
15:31:47 [DETECT] inference took 0.22s
15:31:48 [DETECT] inference took 0.22s
15:31:49 [DETECT] inference took 0.22s
15:31:50 [DETECT] inference took 0.20s
15:31:51 [DETECT] inference took 0.23s
15:31:52 [DETECT] inference took 0.23s
15:31:53 [DETECT] inference took 0.22s
15:31:54 [DETECT] inference took 0.22s
15:31:55 [DETECT] inference took 0.22s
15:31:56 [DETECT] inference took 0.22s
15:31:57 [DETECT] inference took 0.23s
15:31:58 [DETECT] inference took 0.22s
15:31:59 [DETECT] inference took 0.20s
15:32:00 [DETECT] inference took 0.22s
15:32:01 [DETECT] inference took 0.22s
15:32:02 [DETECT] inference took 0.22s
15:32:03 [DETECT] inference took 0.22s
15:32:04 [DETECT] inference took 0.22s
15:32:05 [DETECT] inference took 0.23s
15:32:06 [DETECT] inference took 0.22s
15:32:07 [DETECT] inference took 0.22s
15:32:08 [DETECT] inference took 0.20s
15:32:09 [DETECT] inference took 0.22s
15:32:10 [DETECT] inference took 0.22s
15:32:11 [DETECT] inference took 0.22s
15:32:12 [DETECT] inference took 0.22s
15:32:13 [DETECT] inference took 0.22s
15:32:14 [DETECT] inference took 0.22s
15:32:15 [DETECT] inference took 0.22s
15:32:16 [DETECT] inference took 0.20s
15:32:17 [DETECT] inference took 0.30s
15:32:18 [DETECT] inference took 0.30s
15:32:19 [DETECT] inference took 0.30s
15:32:20 [DETECT] inference took 0.28s
15:32:21 [DETECT] inference took 0.30s
15:32:22 [DETECT] inference took 0.30s
15:32:23 [DETECT] inference took 0.30s
15:32:24 [DETECT] inference took 0.30s
15:32:25 [DETECT] inference took 0.22s
15:32:26 [DETECT] inference took 0.22s
15:32:27 [DETECT] inference took 0.20s
15:32:28 [DETECT] inference took 0.22s
15:32:29 [DETECT] inference took 0.20s
15:32:30 [DETECT] inference took 0.22s
15:32:31 [DETECT] inference took 0.20s
15:32:32 [DETECT] inference took 0.20s
15:32:33 [DETECT] inference took 0.22s
15:32:34 [DETECT] inference took 0.30s
15:32:34 [DETECT] inference took 0.36s
15:32:35 [DETECT] inference took 0.30s
15:32:35 [DETECT] inference took 0.36s
15:32:36 [DETECT] inference took 0.33s
15:32:36 [DETECT] inference took 0.38s
15:32:37 [DETECT] inference took 0.33s
15:32:37 [DETECT] inference took 0.34s
15:32:38 [DETECT] inference took 0.31s
15:32:38 [DETECT] inference took 0.36s
15:32:39 [DETECT] inference took 0.28s
15:32:39 [DETECT] inference took 0.36s
15:32:40 [DETECT] inference took 0.33s
15:32:40 [DETECT] inference took 0.33s
15:32:41 [DETECT] inference took 0.31s
15:32:41 [DETECT] inference took 0.34s
15:32:42 [DETECT] inference took 0.30s
15:32:42 [DETECT] inference took 0.36s
15:32:43 [DETECT] inference took 0.30s
15:32:43 [DETECT] inference took 0.33s
15:32:44 [DETECT] inference took 0.30s
15:32:44 [DETECT] inference took 0.31s
15:32:45 [DETECT] inference took 0.33s
15:32:45 [DETECT] inference took 0.34s
15:32:46 [DETECT] inference took 0.30s
15:32:46 [DETECT] inference took 0.36s
15:32:47 [DETECT] inference took 0.31s
15:32:47 [DETECT] inference took 0.34s
15:32:48 [DETECT] inference took 0.31s
15:32:48 [DETECT] inference took 0.36s
15:32:49 [DETECT] inference took 0.30s
15:32:49 [DETECT] inference took 0.36s
15:32:50 [DETECT] inference took 0.31s
15:32:50 [DETECT] inference took 0.36s
15:32:51 [DETECT] inference took 0.30s
15:32:51 [DETECT] inference took 0.33s
15:32:52 [DETECT] inference took 0.30s
15:32:52 [DETECT] inference took 0.33s
15:32:53 [DETECT] inference took 0.31s
15:32:53 [DETECT] inference took 0.42s
15:32:54 [DETECT] inference took 0.34s
15:32:55 [DETECT] inference took 0.31s
15:32:56 [DETECT] inference took 0.31s
15:32:57 [DETECT] inference took 0.31s
15:32:58 [DETECT] inference took 0.30s
15:32:58 [DETECT] inference took 0.36s
15:32:59 [DETECT] inference took 0.30s
15:33:00 [DETECT] inference took 0.31s
15:33:01 [DETECT] inference took 0.22s
15:33:02 [DETECT] inference took 0.22s
15:33:03 [DETECT] inference took 0.20s
15:33:04 [DETECT] inference took 0.22s
15:33:05 [DETECT] inference took 0.20s
15:33:06 [DETECT] inference took 0.20s
15:33:06 [DETECT] inference took 0.25s
15:33:07 [DETECT] inference took 0.22s
15:33:07 [DETECT] inference took 0.23s
15:33:08 [DETECT] inference took 0.20s
15:33:08 [DETECT] inference took 0.25s
15:33:09 [DETECT] inference took 0.22s
15:33:10 [DETECT] inference took 0.20s
15:33:10 [DETECT] inference took 0.24s
15:33:11 [DETECT] inference took 0.22s
15:33:11 [DETECT] inference took 0.23s
15:33:12 [DETECT] inference took 0.22s
15:33:12 [DETECT] inference took 0.23s
15:33:13 [DETECT] inference took 0.20s
15:33:13 [DETECT] inference took 0.25s
15:33:14 [DETECT] inference took 0.22s
15:33:14 [DETECT] inference took 0.23s
15:33:15 [DETECT] inference took 0.20s
15:33:16 [DETECT] inference took 0.20s
15:33:17 [DETECT] inference took 0.34s
15:33:17 [DETECT] inference took 0.36s
15:33:18 [DETECT] inference took 0.33s
15:33:19 [DETECT] inference took 0.30s
15:33:20 [DETECT] inference took 0.31s
15:33:21 [DETECT] inference took 0.30s
15:33:22 [DETECT] inference took 0.30s
15:33:23 [DETECT] inference took 0.34s
15:33:24 [DETECT] inference took 0.28s
15:33:25 [DETECT] inference took 0.30s
15:33:26 [DETECT] inference took 0.31s
15:33:27 [DETECT] inference took 0.28s
15:33:28 [DETECT] inference took 0.30s
15:33:29 [DETECT] inference took 0.28s
15:33:30 [DETECT] inference took 0.31s
15:33:31 [DETECT] inference took 0.33s
15:33:32 [DETECT] inference took 0.30s
15:33:33 [DETECT] inference took 0.30s
15:33:34 [DETECT] inference took 0.31s
15:33:35 [DETECT] inference took 0.34s
15:33:36 [DETECT] inference took 0.31s
15:33:37 [DETECT] inference took 0.38s
15:33:38 [DETECT] inference took 0.41s
15:33:38 [DETECT] inference took 0.38s
15:33:39 [DETECT] inference took 0.36s
15:33:40 [DETECT] inference took 0.34s
15:33:41 [DETECT] inference took 0.36s
15:33:42 [DETECT] inference took 0.22s
15:33:43 [DETECT] inference took 0.20s
15:33:44 [DETECT] inference took 0.20s
15:33:45 [DETECT] inference took 0.20s
15:33:46 [DETECT] inference took 0.22s
15:33:47 [DETECT] inference took 0.20s
15:33:48 [DETECT] inference took 0.22s
15:33:49 [DETECT] inference took 0.20s
15:33:50 [DETECT] inference took 0.22s
15:33:51 [DETECT] inference took 0.22s
15:33:52 [DETECT] inference took 0.20s
15:33:53 [DETECT] inference took 0.22s
15:33:54 [DETECT] inference took 0.22s
15:33:55 [DETECT] inference took 0.20s
15:33:56 [DETECT] inference took 0.22s
15:33:57 [DETECT] inference took 0.20s
15:33:58 [DETECT] inference took 0.22s
15:33:59 [DETECT] inference took 0.20s
15:34:00 [DETECT] inference took 0.22s
15:34:01 [DETECT] inference took 0.22s
15:34:02 [DETECT] inference took 0.33s
15:34:03 [DETECT] inference took 0.33s
15:34:04 [DETECT] inference took 0.31s
15:34:05 [DETECT] inference took 0.34s
15:34:06 [DETECT] inference took 0.31s
15:34:07 [DETECT] inference took 0.33s
15:34:08 [DETECT] inference took 0.33s
15:34:09 [DETECT] inference took 0.31s
15:34:10 [DETECT] inference took 0.31s
15:34:11 [DETECT] inference took 0.33s
15:34:12 [DETECT] inference took 0.31s
15:34:13 [DETECT] inference took 0.30s
15:34:14 [DETECT] inference took 0.31s
15:34:15 [DETECT] inference took 0.31s
15:34:16 [DETECT] inference took 0.33s
15:34:17 [DETECT] inference took 0.33s
15:34:18 [DETECT] inference took 0.31s
15:34:19 [DETECT] inference took 0.30s
15:34:20 [DETECT] inference took 0.34s
15:34:21 [DETECT] inference took 0.33s
15:34:22 [DETECT] inference took 0.36s
15:34:23 [DETECT] inference took 0.38s
15:34:24 [DETECT] inference took 0.38s
15:34:24 [DETECT] inference took 0.34s
15:34:25 [DETECT] inference took 0.42s
15:34:25 [DETECT] inference took 0.31s
15:34:26 [DETECT] inference took 0.34s
15:34:27 [DETECT] inference took 0.33s
15:34:28 [DETECT] inference took 0.34s
15:34:29 [DETECT] inference took 0.34s
15:34:30 [DETECT] inference took 0.34s
15:34:31 [DETECT] inference took 0.36s
15:34:32 [DETECT] inference took 0.33s
15:34:33 [DETECT] inference took 0.33s
15:34:34 [DETECT] inference took 0.34s
15:34:35 [DETECT] inference took 0.33s
15:34:36 [DETECT] inference took 0.36s
15:34:37 [DETECT] inference took 0.31s
15:34:38 [DETECT] inference took 0.34s
15:34:39 [DETECT] inference took 0.31s
15:34:40 [DETECT] inference took 0.34s
15:34:41 [DETECT] inference took 0.34s
15:34:42 [DETECT] inference took 0.33s
15:34:43 [DETECT] inference took 0.34s
15:34:44 [DETECT] inference took 0.38s
15:34:45 [DETECT] inference took 0.36s
15:34:46 [DETECT] inference took 0.34s
15:34:47 [DETECT] inference took 0.34s
15:34:48 [DETECT] inference took 0.38s
15:34:48 [DETECT] inference took 0.31s
15:34:48 [DETECT] inference took 0.36s
15:34:48 [DETECT] rejected drone candidate (confidence=0.33) -- overlaps a confidently-classified non-drone object
15:34:49 [DETECT] inference took 0.20s
15:34:50 [DETECT] inference took 0.22s
15:34:51 [DETECT] inference took 0.22s
15:34:52 [DETECT] inference took 0.30s
15:34:53 [DETECT] inference took 0.28s
15:34:54 [DETECT] inference took 0.31s
15:34:55 [DETECT] inference took 0.31s
15:34:56 [DETECT] inference took 0.30s
15:34:57 [DETECT] inference took 0.31s
15:34:58 [DETECT] inference took 0.30s
15:34:58 [DETECT] inference took 0.34s
15:34:59 [DETECT] inference took 0.28s
15:35:00 [DETECT] inference took 0.20s
15:35:01 [DETECT] inference took 0.22s
15:35:02 [DETECT] inference took 0.30s
15:35:02 [DETECT] inference took 0.34s
15:35:03 [DETECT] inference took 0.28s
15:35:04 [DETECT] inference took 0.31s
15:35:05 [DETECT] inference took 0.28s
15:35:06 [DETECT] inference took 0.30s
15:35:07 [DETECT] inference took 0.25s
15:35:08 [DETECT] inference took 0.22s
15:35:09 [DETECT] inference took 0.22s
15:35:10 [DETECT] inference took 0.34s
15:35:11 [DETECT] inference took 0.33s
15:35:12 [DETECT] inference took 0.33s
15:35:13 [DETECT] inference took 0.34s
15:35:14 [DETECT] inference took 0.31s
15:35:15 [DETECT] inference took 0.33s
15:35:16 [DETECT] inference took 0.33s
15:35:17 [DETECT] inference took 0.33s
15:35:18 [DETECT] inference took 0.33s
15:35:19 [DETECT] inference took 0.33s
15:35:20 [DETECT] inference took 0.34s
15:35:21 [DETECT] inference took 0.31s
15:35:22 [DETECT] inference took 0.31s
15:35:23 [DETECT] inference took 0.33s
15:35:24 [DETECT] inference took 0.31s
15:35:25 [DETECT] inference took 0.36s
15:35:26 [DETECT] inference took 0.36s
15:35:27 [DETECT] inference took 0.31s
15:35:28 [DETECT] inference took 0.34s
15:35:29 [DETECT] inference took 0.36s
15:35:30 [DETECT] inference took 0.34s
15:35:31 [DETECT] inference took 0.34s
15:35:32 [DETECT] inference took 0.39s
15:35:32 [DETECT] inference took 0.33s
15:35:33 [DETECT] inference took 0.33s
15:35:34 [DETECT] inference took 0.30s
15:35:35 [DETECT] inference took 0.30s
15:35:36 [DETECT] inference took 0.31s
15:35:37 [DETECT] inference took 0.28s
15:35:38 [DETECT] inference took 0.27s
15:35:39 [DETECT] inference took 0.22s
15:35:40 [DETECT] inference took 0.22s
15:35:41 [DETECT] inference took 0.22s
15:35:42 [DETECT] inference took 0.22s
15:35:43 [DETECT] inference took 0.22s
15:35:44 [DETECT] inference took 0.22s
15:35:45 [DETECT] inference took 0.28s
15:35:46 [DETECT] inference took 0.28s
15:35:47 [DETECT] inference took 0.28s
15:35:48 [DETECT] inference took 0.28s
15:35:49 [DETECT] inference took 0.28s
15:35:50 [DETECT] inference took 0.27s
15:35:51 [DETECT] inference took 0.28s
15:35:52 [DETECT] inference took 0.36s
15:35:53 [DETECT] inference took 0.42s
15:35:53 [DETECT] inference took 0.36s
15:35:54 [DETECT] inference took 0.30s
15:35:55 [DETECT] inference took 0.20s
15:35:55 [DETECT] inference took 0.23s
15:35:56 [DETECT] inference took 0.22s
15:35:56 [DETECT] inference took 0.24s
15:35:57 [DETECT] inference took 0.22s
15:35:58 [DETECT] inference took 0.22s
15:35:59 [DETECT] inference took 0.20s
15:36:00 [DETECT] inference took 0.22s
15:36:01 [DETECT] inference took 0.20s
15:36:02 [DETECT] inference took 0.22s
15:36:03 [DETECT] inference took 0.22s
15:36:04 [DETECT] inference took 0.20s
15:36:05 [DETECT] inference took 0.22s
15:36:06 [DETECT] inference took 0.22s
15:36:07 [DETECT] inference took 0.20s
15:36:08 [DETECT] inference took 0.22s
15:36:09 [DETECT] inference took 0.20s
15:36:10 [DETECT] inference took 0.22s
15:36:11 [DETECT] inference took 0.20s
15:36:12 [DETECT] inference took 0.20s
15:36:13 [DETECT] inference took 0.20s
15:36:14 [DETECT] inference took 0.22s
15:36:15 [DETECT] inference took 0.20s
15:36:16 [DETECT] inference took 0.20s
15:36:17 [DETECT] inference took 0.22s
15:36:18 [DETECT] inference took 0.20s
15:36:19 [DETECT] inference took 0.22s
15:36:20 [DETECT] inference took 0.22s
15:36:21 [DETECT] inference took 0.20s
15:36:22 [DETECT] inference took 0.22s
15:36:23 [DETECT] inference took 0.20s
15:36:24 [DETECT] inference took 0.22s
15:36:25 [DETECT] inference took 0.20s
15:36:26 [DETECT] inference took 0.22s
15:36:27 [DETECT] inference took 0.20s
15:36:28 [DETECT] inference took 0.22s
15:36:29 [DETECT] inference took 0.22s
15:36:30 [DETECT] inference took 0.20s
15:36:31 [DETECT] inference took 0.22s
15:36:32 [DETECT] inference took 0.20s
15:36:33 [DETECT] inference took 0.20s
15:36:34 [DETECT] inference took 0.22s
15:36:35 [DETECT] inference took 0.20s
15:36:36 [DETECT] inference took 0.20s
15:36:37 [DETECT] inference took 0.22s
15:36:38 [DETECT] inference took 0.20s
15:36:39 [DETECT] inference took 0.20s
15:36:40 [DETECT] inference took 0.20s
15:36:41 [DETECT] inference took 0.20s
15:36:42 [DETECT] inference took 0.22s
15:36:43 [DETECT] inference took 0.20s
15:36:44 [DETECT] inference took 0.22s
15:36:45 [DETECT] inference took 0.22s
15:36:46 [DETECT] inference took 0.22s
15:36:47 [DETECT] inference took 0.22s
15:36:48 [DETECT] inference took 0.20s
15:36:49 [DETECT] inference took 0.20s
15:36:50 [DETECT] inference took 0.22s
15:36:51 [DETECT] inference took 0.20s
15:36:52 [DETECT] inference took 0.22s
15:36:53 [DETECT] inference took 0.20s
15:36:54 [DETECT] inference took 0.20s
15:36:55 [DETECT] inference took 0.22s
15:36:56 [DETECT] inference took 0.20s
15:36:57 [DETECT] inference took 0.20s
15:36:58 [DETECT] inference took 0.20s
15:36:59 [DETECT] inference took 0.22s
15:37:00 [DETECT] inference took 0.20s
15:37:01 [DETECT] inference took 0.20s
15:37:02 [DETECT] inference took 0.22s
15:37:03 [DETECT] inference took 0.20s
15:37:04 [DETECT] inference took 0.20s
15:37:05 [DETECT] inference took 0.22s
15:37:06 [DETECT] inference took 0.20s
15:37:07 [DETECT] inference took 0.20s
15:37:08 [DETECT] inference took 0.22s
15:37:09 [DETECT] inference took 0.22s
15:37:10 [DETECT] inference took 0.20s
15:37:11 [DETECT] inference took 0.20s
15:37:12 [DETECT] inference took 0.20s
15:37:13 [DETECT] inference took 0.22s
15:37:14 [DETECT] inference took 0.20s
15:37:15 [DETECT] inference took 0.20s
15:37:16 [DETECT] inference took 0.22s
15:37:17 [DETECT] inference took 0.20s
15:37:18 [DETECT] inference took 0.20s
15:37:19 [DETECT] inference took 0.20s
15:37:20 [DETECT] inference took 0.22s
15:37:21 [DETECT] inference took 0.20s
15:37:22 [DETECT] inference took 0.22s
15:37:23 [DETECT] inference took 0.20s
15:37:24 [DETECT] inference took 0.20s
15:37:25 [DETECT] inference took 0.22s
15:37:26 [DETECT] inference took 0.20s
15:37:27 [DETECT] inference took 0.20s
15:37:28 [DETECT] inference took 0.22s
15:37:29 [DETECT] inference took 0.20s
15:37:30 [DETECT] inference took 0.22s
15:37:31 [DETECT] inference took 0.20s
15:37:32 [DETECT] inference took 0.20s
15:37:33 [DETECT] inference took 0.22s
15:37:34 [DETECT] inference took 0.20s
15:37:35 [DETECT] inference took 0.22s
15:37:36 [DETECT] inference took 0.22s
15:37:37 [DETECT] inference took 0.20s
15:37:38 [DETECT] inference took 0.20s
15:37:39 [DETECT] inference took 0.22s
15:37:40 [DETECT] inference took 0.20s
15:37:41 [DETECT] inference took 0.20s
15:37:42 [DETECT] inference took 0.22s
15:37:43 [DETECT] inference took 0.22s
15:37:44 [DETECT] inference took 0.20s
15:37:45 [DETECT] inference took 0.20s
15:37:46 [DETECT] inference took 0.22s
15:37:47 [DETECT] inference took 0.20s
15:37:48 [DETECT] inference took 0.28s
15:37:49 [DETECT] inference took 0.31s
15:37:50 [DETECT] inference took 0.30s
15:37:51 [DETECT] inference took 0.30s
15:37:52 [DETECT] inference took 0.31s
15:37:53 [DETECT] inference took 0.31s
15:37:54 [DETECT] inference took 0.28s
15:37:55 [DETECT] inference took 0.28s
15:37:56 [DETECT] inference took 0.27s
15:37:57 [DETECT] inference took 0.39s
15:37:58 [DETECT] inference took 0.30s
15:37:59 [DETECT] inference took 0.28s
15:38:00 [DETECT] inference took 0.28s
15:38:01 [DETECT] inference took 0.30s
15:38:02 [DETECT] inference took 0.30s
15:38:03 [DETECT] inference took 0.28s
15:38:04 [DETECT] inference took 0.27s
15:38:05 [DETECT] inference took 0.30s
15:38:06 [DETECT] inference took 0.28s
15:38:07 [DETECT] inference took 0.34s
15:38:08 [DETECT] inference took 0.30s
15:38:09 [DETECT] inference took 0.31s
15:38:10 [DETECT] inference took 0.31s
15:38:11 [DETECT] inference took 0.30s
15:38:12 [DETECT] inference took 0.20s
15:38:13 [DETECT] inference took 0.20s
15:38:14 [DETECT] inference took 0.22s
15:38:15 [DETECT] inference took 0.20s
15:38:16 [DETECT] inference took 0.20s
15:38:17 [DETECT] inference took 0.22s
15:38:18 [DETECT] inference took 0.20s
15:38:19 [DETECT] inference took 0.22s
15:38:20 [DETECT] inference took 0.22s
15:38:21 [DETECT] inference took 0.20s
15:38:22 [DETECT] inference took 0.22s
15:38:23 [DETECT] inference took 0.20s
15:38:24 [DETECT] inference took 0.22s
15:38:25 [DETECT] inference took 0.22s
15:38:26 [DETECT] inference took 0.20s
15:38:27 [DETECT] inference took 0.22s
15:38:28 [DETECT] inference took 0.22s
15:38:29 [DETECT] inference took 0.20s
15:38:30 [DETECT] inference took 0.20s
15:38:31 [DETECT] inference took 0.22s
15:38:32 [DETECT] inference took 0.20s
15:38:33 [DETECT] inference took 0.30s
15:38:34 [DETECT] inference took 0.36s
15:38:34 [DETECT] inference took 0.33s
15:38:35 [DETECT] inference took 0.31s
15:38:36 [DETECT] inference took 0.30s
15:38:37 [DETECT] inference took 0.28s
15:38:38 [DETECT] inference took 0.30s
15:38:39 [DETECT] inference took 0.30s
15:38:40 [DETECT] inference took 0.28s
15:38:41 [DETECT] inference took 0.28s
15:38:42 [DETECT] inference took 0.28s
15:38:43 [DETECT] inference took 0.33s
15:38:44 [DETECT] inference took 0.28s
15:38:45 [DETECT] inference took 0.30s
15:38:46 [DETECT] inference took 0.28s
15:38:47 [DETECT] inference took 0.30s
15:38:48 [DETECT] inference took 0.28s
15:38:49 [DETECT] inference took 0.27s
15:38:50 [DETECT] inference took 0.30s
15:38:51 [DETECT] inference took 0.28s
15:38:52 [DETECT] inference took 0.36s
15:38:53 [DETECT] inference took 0.31s
15:38:54 [DETECT] inference took 0.30s
15:38:55 [DETECT] inference took 0.30s
15:38:56 [DETECT] inference took 0.30s
15:38:57 [DETECT] inference took 0.30s
15:38:58 [DETECT] inference took 0.28s
15:38:59 [DETECT] inference took 0.28s
15:39:00 [DETECT] inference took 0.28s
15:39:01 [DETECT] inference took 0.28s
15:39:02 [DETECT] inference took 0.28s
15:39:03 [DETECT] inference took 0.27s
15:39:04 [DETECT] inference took 0.30s
15:39:05 [DETECT] inference took 0.28s
15:39:06 [DETECT] inference took 0.28s
15:39:07 [DETECT] inference took 0.31s
15:39:08 [DETECT] inference took 0.30s
15:39:09 [DETECT] inference took 0.30s
15:39:10 [DETECT] inference took 0.30s
15:39:11 [DETECT] inference took 0.30s
15:39:12 [DETECT] inference took 0.22s
15:39:13 [DETECT] inference took 0.20s
15:39:14 [DETECT] inference took 0.20s
15:39:15 [DETECT] inference took 0.22s
15:39:16 [DETECT] inference took 0.20s
15:39:17 [DETECT] inference took 0.20s
15:39:18 [DETECT] inference took 0.22s
15:39:19 [DETECT] inference took 0.22s
15:39:20 [DETECT] inference took 0.20s
15:39:21 [DETECT] inference took 0.20s
15:39:22 [DETECT] inference took 0.28s
15:39:23 [DETECT] inference took 0.28s
15:39:24 [DETECT] inference took 0.28s
15:39:25 [DETECT] inference took 0.30s
15:39:26 [DETECT] inference took 0.28s
15:39:27 [DETECT] inference took 0.28s
15:39:28 [DETECT] inference took 0.31s
15:39:29 [DETECT] inference took 0.30s
15:39:30 [DETECT] inference took 0.30s
15:39:31 [DETECT] inference took 0.30s
15:39:32 [DETECT] inference took 0.28s
15:39:33 [DETECT] inference took 0.28s
15:39:34 [DETECT] inference took 0.30s
15:39:35 [DETECT] inference took 0.30s
15:39:36 [DETECT] inference took 0.36s
15:39:37 [DETECT] inference took 0.38s
15:39:38 [DETECT] inference took 0.33s
15:39:39 [DETECT] inference took 0.20s
15:39:39 [DETECT] inference took 0.27s
15:39:40 [DETECT] inference took 0.20s
15:39:40 [DETECT] inference took 0.27s
15:39:41 [DETECT] inference took 0.20s
15:39:41 [DETECT] inference took 0.27s
15:39:42 [DETECT] inference took 0.20s
15:39:43 [DETECT] inference took 0.20s
15:39:44 [DETECT] inference took 0.22s
15:39:45 [DETECT] inference took 0.20s
15:39:46 [DETECT] inference took 0.28s
15:39:47 [DETECT] inference took 0.28s
15:39:48 [DETECT] inference took 0.31s
15:39:49 [DETECT] inference took 0.28s
15:39:50 [DETECT] inference took 0.28s
15:39:51 [DETECT] inference took 0.28s
15:39:52 [DETECT] inference took 0.20s
15:39:53 [DETECT] inference took 0.20s
15:39:54 [DETECT] inference took 0.22s
15:39:55 [DETECT] inference took 0.20s
15:39:56 [DETECT] inference took 0.20s
15:39:57 [DETECT] inference took 0.22s
15:39:58 [DETECT] inference took 0.22s
15:39:59 [DETECT] inference took 0.20s
15:40:00 [DETECT] inference took 0.20s
15:40:01 [DETECT] inference took 0.22s
15:40:02 [DETECT] inference took 0.20s
15:40:03 [DETECT] inference took 0.20s
15:40:04 [DETECT] inference took 0.20s
15:40:05 [DETECT] inference took 0.22s
15:40:06 [DETECT] inference took 0.20s
15:40:07 [DETECT] inference took 0.22s
15:40:08 [DETECT] inference took 0.20s
15:40:09 [DETECT] inference took 0.20s
15:40:10 [DETECT] inference took 0.22s
15:40:11 [DETECT] inference took 0.20s
15:40:12 [DETECT] inference took 0.20s
15:40:13 [DETECT] inference took 0.22s
15:40:14 [DETECT] inference took 0.20s
15:40:15 [DETECT] inference took 0.20s
15:40:16 [DETECT] inference took 0.22s
15:40:17 [DETECT] inference took 0.22s
15:40:18 [DETECT] inference took 0.20s
15:40:19 [DETECT] inference took 0.20s
15:40:20 [DETECT] inference took 0.22s
15:40:21 [DETECT] inference took 0.22s
15:40:22 [DETECT] inference took 0.20s
15:40:23 [DETECT] inference took 0.20s
15:40:24 [DETECT] inference took 0.22s
15:40:25 [DETECT] inference took 0.20s
15:40:26 [DETECT] inference took 0.34s
15:40:27 [DETECT] inference took 0.33s
15:40:28 [DETECT] inference took 0.31s
15:40:29 [DETECT] inference took 0.31s
15:40:30 [DETECT] inference took 0.33s
15:40:31 [DETECT] inference took 0.34s
15:40:32 [DETECT] inference took 0.33s
15:40:33 [DETECT] inference took 0.34s
15:40:34 [DETECT] inference took 0.31s
15:40:35 [DETECT] inference took 0.30s
15:40:36 [DETECT] inference took 0.31s
15:40:37 [DETECT] inference took 0.34s
15:40:38 [DETECT] inference took 0.30s
15:40:39 [DETECT] inference took 0.33s
15:40:40 [DETECT] inference took 0.33s
15:40:41 [DETECT] inference took 0.33s
15:40:42 [DETECT] inference took 0.31s
15:40:43 [DETECT] inference took 0.30s
15:40:44 [DETECT] inference took 0.36s
15:40:45 [DETECT] inference took 0.33s
15:40:46 [DETECT] inference took 0.38s
15:40:46 [DETECT] inference took 0.36s
15:40:47 [DETECT] inference took 0.38s
15:40:47 [DETECT] inference took 0.34s
15:40:48 [DETECT] inference took 0.38s
15:40:48 [DETECT] inference took 0.45s
15:40:49 [DETECT] inference took 0.38s
15:40:49 [DETECT] inference took 0.33s
15:40:50 [DETECT] inference took 0.38s
15:40:50 [DETECT] inference took 0.30s
15:40:51 [DETECT] inference took 0.38s
15:40:51 [DETECT] inference took 0.30s
15:40:52 [DETECT] inference took 0.34s
15:40:52 [DETECT] inference took 0.30s
15:40:53 [DETECT] inference took 0.36s
15:40:53 [DETECT] inference took 0.30s
15:40:54 [DETECT] inference took 0.36s
15:40:54 [DETECT] inference took 0.28s
15:40:55 [DETECT] inference took 0.34s
15:40:55 [DETECT] inference took 0.28s
15:40:56 [DETECT] inference took 0.34s
15:40:56 [DETECT] inference took 0.31s
15:40:57 [DETECT] inference took 0.31s
15:40:57 [DETECT] inference took 0.31s
15:40:58 [DETECT] inference took 0.33s
15:40:58 [DETECT] inference took 0.30s
15:40:59 [DETECT] inference took 0.34s
15:40:59 [DETECT] inference took 0.28s
15:41:00 [DETECT] inference took 0.36s
15:41:00 [DETECT] inference took 0.30s
15:41:01 [DETECT] inference took 0.36s
15:41:01 [DETECT] inference took 0.33s
15:41:02 [DETECT] inference took 0.33s
15:41:02 [DETECT] inference took 0.30s
15:41:03 [DETECT] inference took 0.34s
15:41:03 [DETECT] inference took 0.31s
15:41:04 [DETECT] inference took 0.34s
15:41:04 [DETECT] inference took 0.30s
15:41:05 [DETECT] inference took 0.36s
15:41:05 [DETECT] inference took 0.30s
15:41:06 [DETECT] inference took 0.34s
15:41:06 [DETECT] inference took 0.39s
15:41:07 [DETECT] inference took 0.39s
15:41:07 [DETECT] inference took 0.38s
15:41:08 [DETECT] inference took 0.38s
15:41:08 [DETECT] inference took 0.30s
15:41:09 [DETECT] inference took 0.31s
15:41:10 [DETECT] inference took 0.31s
15:41:11 [DETECT] inference took 0.33s
15:41:12 [DETECT] inference took 0.31s
15:41:13 [DETECT] inference took 0.22s
15:41:14 [DETECT] inference took 0.20s
15:41:15 [DETECT] inference took 0.22s
15:41:16 [DETECT] inference took 0.20s
15:41:17 [DETECT] inference took 0.20s
15:41:18 [DETECT] inference took 0.22s
15:41:19 [DETECT] inference took 0.20s
15:41:20 [DETECT] inference took 0.22s
15:41:21 [DETECT] inference took 0.20s
15:41:22 [DETECT] inference took 0.22s
15:41:23 [DETECT] inference took 0.20s
15:41:24 [DETECT] inference took 0.22s
15:41:25 [DETECT] inference took 0.20s
15:41:26 [DETECT] inference took 0.22s
15:41:27 [DETECT] inference took 0.20s
15:41:28 [DETECT] inference took 0.22s
15:41:29 [DETECT] inference took 0.20s
15:41:30 [DETECT] inference took 0.31s
15:41:31 [DETECT] inference took 0.34s
15:41:32 [DETECT] inference took 0.34s
15:41:33 [DETECT] inference took 0.31s
15:41:34 [DETECT] inference took 0.33s
15:41:35 [DETECT] inference took 0.31s
15:41:36 [DETECT] inference took 0.34s
15:41:37 [DETECT] inference took 0.30s
15:41:38 [DETECT] inference took 0.33s
15:41:39 [DETECT] inference took 0.34s
15:41:40 [DETECT] inference took 0.33s
15:41:41 [DETECT] inference took 0.33s
15:41:42 [DETECT] inference took 0.31s
15:41:43 [DETECT] inference took 0.34s
15:41:44 [DETECT] inference took 0.33s
15:41:45 [DETECT] inference took 0.33s
15:41:46 [DETECT] inference took 0.33s
15:41:47 [DETECT] inference took 0.34s
15:41:48 [DETECT] inference took 0.31s
15:41:49 [DETECT] inference took 0.33s
15:41:50 [DETECT] inference took 0.36s
15:41:51 [DETECT] inference took 0.38s
15:41:52 [DETECT] inference took 0.34s
15:41:53 [DETECT] inference took 0.38s
15:41:54 [DETECT] inference took 0.22s
15:41:55 [DETECT] inference took 0.20s
15:41:56 [DETECT] inference took 0.22s
15:41:57 [DETECT] inference took 0.20s
15:41:58 [DETECT] inference took 0.20s
15:41:59 [DETECT] inference took 0.22s
15:42:00 [DETECT] inference took 0.22s
15:42:01 [DETECT] inference took 0.20s
15:42:02 [DETECT] inference took 0.22s
15:42:03 [DETECT] inference took 0.20s
15:42:04 [DETECT] inference took 0.22s
15:42:05 [DETECT] inference took 0.20s
15:42:06 [DETECT] inference took 0.20s
15:42:07 [DETECT] inference took 0.25s
15:42:08 [DETECT] inference took 0.33s
15:42:09 [DETECT] inference took 0.33s
15:42:10 [DETECT] inference took 0.36s
15:42:11 [DETECT] inference took 0.33s
15:42:12 [DETECT] inference took 0.36s
15:42:13 [DETECT] inference took 0.33s
15:42:14 [DETECT] inference took 0.22s
15:42:15 [DETECT] inference took 0.34s
15:42:16 [DETECT] inference took 0.34s
15:42:17 [DETECT] inference took 0.30s
15:42:18 [DETECT] inference took 0.31s
15:42:19 [DETECT] inference took 0.34s
15:42:20 [DETECT] inference took 0.31s
15:42:21 [DETECT] inference took 0.31s
15:42:22 [DETECT] inference took 0.33s
15:42:24 [DETECT] inference took 0.34s
15:42:25 [DETECT] inference took 0.33s
15:42:26 [DETECT] inference took 0.33s
15:42:26 [DETECT] inference took 0.28s
15:42:28 [DETECT] inference took 0.36s
15:42:28 [DETECT] inference took 0.33s
15:42:30 [DETECT] inference took 0.36s
15:42:30 [DETECT] inference took 0.30s
15:42:32 [DETECT] inference took 0.34s
15:42:33 [DETECT] inference took 0.34s
15:42:34 [DETECT] inference took 0.34s
15:42:35 [DETECT] inference took 0.41s
15:42:36 [DETECT] inference took 0.38s
15:42:37 [DETECT] inference took 0.38s
15:42:37 [DETECT] inference took 0.42s
15:42:38 [DETECT] inference took 0.38s
15:42:39 [DETECT] inference took 0.34s
15:42:39 [DETECT] inference took 0.22s
15:42:40 [DETECT] inference took 0.22s
15:42:41 [DETECT] inference took 0.20s
15:42:42 [DETECT] inference took 0.22s
15:42:43 [DETECT] inference took 0.20s
15:42:44 [DETECT] inference took 0.22s
15:42:45 [DETECT] inference took 0.33s
15:42:46 [DETECT] inference took 0.33s
15:42:48 [DETECT] inference took 0.33s
15:42:48 [DETECT] inference took 0.33s
15:42:50 [DETECT] inference took 0.34s
15:42:50 [DETECT] inference took 0.33s
15:42:52 [DETECT] inference took 0.36s
15:42:53 [DETECT] inference took 0.34s
15:42:54 [DETECT] inference took 0.33s
15:42:55 [DETECT] inference took 0.38s
15:42:56 [DETECT] inference took 0.44s
15:42:57 [DETECT] inference took 0.36s
15:42:58 [DETECT] inference took 0.38s
15:42:59 [DETECT] inference took 0.36s
15:43:00 [DETECT] inference took 0.38s
15:43:00 [DETECT] inference took 0.34s
15:43:00 [DETECT] rejected drone candidate (confidence=0.29) -- overlaps a confidently-classified non-drone object
15:43:01 [DETECT] inference took 0.31s
15:43:01 [DETECT] inference took 0.36s
15:43:01 [DETECT] rejected drone candidate (confidence=0.25) -- overlaps a confidently-classified non-drone object
15:43:01 [DETECT] inference took 0.22s
15:43:02 [DETECT] inference took 0.20s
15:43:03 [DETECT] inference took 0.22s
15:43:04 [DETECT] inference took 0.22s
15:43:05 [DETECT] inference took 0.22s
15:43:06 [DETECT] inference took 0.20s
15:43:07 [DETECT] inference took 0.24s
15:43:08 [DETECT] inference took 0.22s
15:43:09 [DETECT] inference took 0.27s
15:43:11 [DETECT] inference took 0.28s
15:43:12 [DETECT] inference took 0.30s
15:43:12 [DETECT] inference took 0.33s
15:43:13 [DETECT] inference took 0.34s
15:43:14 [DETECT] inference took 0.30s
15:43:15 [DETECT] inference took 0.28s
15:43:15 [DETECT] inference took 0.22s
15:43:17 [DETECT] inference took 0.31s
15:43:17 [DETECT] inference took 0.33s
15:43:18 [DETECT] inference took 0.31s
15:43:19 [DETECT] inference took 0.30s
15:43:20 [DETECT] inference took 0.30s
15:43:21 [DETECT] inference took 0.41s
15:43:22 [DETECT] inference took 0.36s
15:43:23 [DETECT] inference took 0.34s
15:43:24 [DETECT] inference took 0.34s
15:43:25 [DETECT] inference took 0.34s
15:43:26 [DETECT] inference took 0.34s
15:43:27 [DETECT] inference took 0.36s
15:43:28 [DETECT] inference took 0.36s
15:43:29 [DETECT] inference took 0.38s
15:43:30 [DETECT] inference took 0.38s
15:43:31 [DETECT] inference took 0.36s
15:43:32 [DETECT] inference took 0.38s
15:43:33 [DETECT] inference took 0.34s
15:43:34 [DETECT] inference took 0.33s
15:43:35 [DETECT] inference took 0.36s
15:43:36 [DETECT] inference took 0.34s
15:43:37 [DETECT] inference took 0.34s
15:43:38 [DETECT] inference took 0.34s
15:43:39 [DETECT] inference took 0.34s
15:43:40 [DETECT] inference took 0.36s
15:43:41 [DETECT] inference took 0.36s
15:43:42 [DETECT] inference took 0.34s
15:43:43 [DETECT] inference took 0.36s
15:43:44 [DETECT] inference took 0.34s
15:43:45 [DETECT] inference took 0.33s
15:43:46 [DETECT] inference took 0.31s
15:43:47 [DETECT] inference took 0.33s
15:43:48 [DETECT] inference took 0.33s
15:43:49 [DETECT] inference took 0.31s
15:43:50 [DETECT] inference took 0.30s
15:43:51 [DETECT] inference took 0.31s
15:43:52 [DETECT] inference took 0.30s
15:43:53 [DETECT] inference took 0.33s
15:43:54 [DETECT] inference took 0.28s
15:43:55 [DETECT] inference took 0.31s
15:43:56 [DETECT] inference took 0.30s
15:43:57 [DETECT] inference took 0.31s
15:43:58 [DETECT] inference took 0.33s
15:43:59 [DETECT] inference took 0.30s
15:44:00 [DETECT] inference took 0.30s
15:44:01 [DETECT] inference took 0.30s
15:44:02 [DETECT] inference took 0.33s
15:44:03 [DETECT] inference took 0.33s
15:44:04 [DETECT] inference took 0.33s
15:44:05 [DETECT] inference took 0.39s
15:44:06 [DETECT] inference took 0.34s
15:44:07 [DETECT] inference took 0.34s
15:44:08 [DETECT] inference took 0.33s
15:44:08 [DETECT] inference took 0.31s
15:44:09 [DETECT] inference took 0.30s
15:44:09 [DETECT] inference took 0.22s
15:44:10 [DETECT] inference took 0.22s
15:44:11 [DETECT] inference took 0.22s
15:44:12 [DETECT] inference took 0.22s
15:44:13 [DETECT] inference took 0.23s
15:44:14 [DETECT] inference took 0.22s
15:44:15 [DETECT] inference took 0.22s
15:44:16 [DETECT] inference took 0.22s
15:44:17 [DETECT] inference took 0.22s
15:44:18 [DETECT] inference took 0.22s
15:44:19 [DETECT] inference took 0.22s
15:44:20 [DETECT] inference took 0.22s
15:44:21 [DETECT] inference took 0.22s
15:44:22 [DETECT] inference took 0.22s
15:44:23 [DETECT] inference took 0.22s
15:44:24 [DETECT] inference took 0.22s
15:44:25 [DETECT] inference took 0.22s
15:44:26 [DETECT] inference took 0.22s
15:44:27 [DETECT] inference took 0.22s
15:44:28 [DETECT] inference took 0.22s
15:44:29 [DETECT] inference took 0.20s
15:44:30 [DETECT] inference took 0.22s
15:44:31 [DETECT] inference took 0.22s
15:44:32 [DETECT] inference took 0.22s
15:44:33 [DETECT] inference took 0.22s
15:44:34 [DETECT] inference took 0.20s
15:44:35 [DETECT] inference took 0.22s
15:44:36 [DETECT] inference took 0.22s
15:44:37 [DETECT] inference took 0.22s
15:44:39 [DETECT] inference took 0.22s
15:44:40 [DETECT] inference took 0.22s
15:44:40 [DETECT] inference took 0.22s
15:44:41 [DETECT] inference took 0.22s
15:44:42 [DETECT] inference took 0.20s
15:44:44 [DETECT] inference took 0.22s
15:44:45 [DETECT] inference took 0.22s
15:44:46 [DETECT] inference took 0.20s
15:44:47 [DETECT] inference took 0.22s
15:44:48 [DETECT] inference took 0.22s
15:44:49 [DETECT] inference took 0.20s
15:44:50 [DETECT] inference took 0.22s
15:44:51 [DETECT] inference took 0.22s
15:44:52 [DETECT] inference took 0.20s
15:44:53 [DETECT] inference took 0.22s
15:44:54 [DETECT] inference took 0.22s
15:44:55 [DETECT] inference took 0.22s
15:44:55 [DETECT] inference took 0.23s
15:44:56 [DETECT] inference took 0.22s
15:44:57 [DETECT] inference took 0.22s
15:44:58 [DETECT] inference took 0.22s
15:44:59 [DETECT] inference took 0.20s
15:45:00 [DETECT] inference took 0.22s
15:45:01 [DETECT] inference took 0.20s
15:45:02 [DETECT] inference took 0.22s
15:45:03 [DETECT] inference took 0.22s
15:45:03 [DETECT] inference took 0.20s
15:45:05 [DETECT] inference took 0.22s
15:45:06 [DETECT] inference took 0.22s
15:45:06 [DETECT] inference took 0.20s
15:45:08 [DETECT] inference took 0.22s
15:45:09 [DETECT] inference took 0.22s
15:45:10 [DETECT] inference took 0.20s
15:45:11 [DETECT] inference took 0.22s
15:45:12 [DETECT] inference took 0.20s
15:45:13 [DETECT] inference took 0.22s
15:45:14 [DETECT] inference took 0.22s
15:45:15 [DETECT] inference took 0.22s
15:45:16 [DETECT] inference took 0.22s
15:45:17 [DETECT] inference took 0.22s
15:45:18 [DETECT] inference took 0.22s
15:45:19 [DETECT] inference took 0.22s
15:45:20 [DETECT] inference took 0.22s
15:45:21 [DETECT] inference took 0.22s
15:45:22 [DETECT] inference took 0.20s
15:45:23 [DETECT] inference took 0.22s
15:45:24 [DETECT] inference took 0.22s
15:45:25 [DETECT] inference took 0.22s
15:45:26 [DETECT] inference took 0.22s
15:45:27 [DETECT] inference took 0.22s
15:45:28 [DETECT] inference took 0.22s
15:45:29 [DETECT] inference took 0.22s
15:45:29 [DETECT] inference took 0.20s
15:45:31 [DETECT] inference took 0.22s
15:45:32 [DETECT] inference took 0.20s
15:45:33 [DETECT] inference took 0.22s
15:45:34 [DETECT] inference took 0.20s
15:45:35 [DETECT] inference took 0.22s
15:45:36 [DETECT] inference took 0.22s
15:45:37 [DETECT] inference took 0.20s
15:45:38 [DETECT] inference took 0.22s
15:45:39 [DETECT] inference took 0.22s
15:45:40 [DETECT] inference took 0.22s
15:45:41 [DETECT] inference took 0.22s
15:45:42 [DETECT] inference took 0.22s
15:45:43 [DETECT] inference took 0.22s
15:45:44 [DETECT] inference took 0.22s
15:45:45 [DETECT] inference took 0.22s
15:45:46 [DETECT] inference took 0.20s
15:45:47 [DETECT] inference took 0.22s
15:45:48 [DETECT] inference took 0.20s
15:45:49 [DETECT] inference took 0.22s
15:45:50 [DETECT] inference took 0.22s
15:45:51 [DETECT] inference took 0.20s
15:45:52 [DETECT] inference took 0.20s
15:45:53 [DETECT] inference took 0.24s
15:45:54 [DETECT] inference took 0.22s
15:45:55 [DETECT] inference took 0.20s
15:45:56 [DETECT] inference took 0.22s
15:45:57 [DETECT] inference took 0.20s
15:45:58 [DETECT] inference took 0.22s
15:45:59 [DETECT] inference took 0.22s
15:46:00 [DETECT] inference took 0.22s
15:46:01 [DETECT] inference took 0.20s
15:46:02 [DETECT] inference took 0.22s
15:46:03 [DETECT] inference took 0.28s
15:46:04 [DETECT] inference took 0.31s
15:46:05 [DETECT] inference took 0.30s
15:46:06 [DETECT] inference took 0.31s
15:46:07 [DETECT] inference took 0.30s
15:46:08 [DETECT] inference took 0.30s
15:46:09 [DETECT] inference took 0.30s
15:46:10 [DETECT] inference took 0.30s
15:46:11 [DETECT] inference took 0.30s
15:46:12 [DETECT] inference took 0.28s
15:46:13 [DETECT] inference took 0.30s
15:46:14 [DETECT] inference took 0.30s
15:46:15 [DETECT] inference took 0.22s
15:46:16 [DETECT] inference took 0.20s
15:46:17 [DETECT] inference took 0.22s
15:46:18 [DETECT] inference took 0.20s
15:46:18 [DETECT] inference took 0.24s
15:46:19 [DETECT] inference took 0.22s
15:46:20 [DETECT] inference took 0.24s
15:46:21 [DETECT] inference took 0.22s
15:46:22 [DETECT] inference took 0.20s
15:46:23 [DETECT] inference took 0.22s
15:46:24 [DETECT] inference took 0.20s
15:46:25 [DETECT] inference took 0.22s
15:46:26 [DETECT] inference took 0.20s
15:46:27 [DETECT] inference took 0.22s
15:46:28 [DETECT] inference took 0.22s
15:46:29 [DETECT] inference took 0.20s
15:46:30 [DETECT] inference took 0.20s
15:46:31 [DETECT] inference took 0.22s
15:46:32 [DETECT] inference took 0.20s
15:46:33 [DETECT] inference took 0.20s
15:46:34 [DETECT] inference took 0.20s
15:46:35 [DETECT] inference took 0.22s
15:46:36 [DETECT] inference took 0.20s
15:46:37 [DETECT] inference took 0.20s
15:46:38 [DETECT] inference took 0.22s
15:46:39 [DETECT] inference took 0.20s
15:46:40 [DETECT] inference took 0.22s
15:46:41 [DETECT] inference took 0.22s
15:46:42 [DETECT] inference took 0.20s
15:46:43 [DETECT] inference took 0.22s
15:46:44 [DETECT] inference took 0.20s
15:46:45 [DETECT] inference took 0.22s
15:46:46 [DETECT] inference took 0.31s
15:46:46 [DETECT] inference took 0.38s
15:46:47 [DETECT] inference took 0.34s
15:46:48 [DETECT] inference took 0.30s
15:46:49 [DETECT] inference took 0.28s
15:46:50 [DETECT] inference took 0.30s
15:46:51 [DETECT] inference took 0.30s
15:46:52 [DETECT] inference took 0.30s
15:46:53 [DETECT] inference took 0.25s
15:46:54 [DETECT] inference took 0.22s
15:46:55 [DETECT] inference took 0.22s
15:46:56 [DETECT] inference took 0.22s
15:46:57 [DETECT] inference took 0.24s
15:46:58 [DETECT] inference took 0.20s
15:46:59 [DETECT] inference took 0.24s
15:47:00 [DETECT] inference took 0.24s
15:47:01 [DETECT] inference took 0.22s
15:47:02 [DETECT] inference took 0.22s
15:47:03 [DETECT] inference took 0.22s
15:47:04 [DETECT] inference took 0.22s
15:47:05 [DETECT] inference took 0.22s
15:47:06 [DETECT] inference took 0.22s
15:47:07 [DETECT] inference took 0.22s
15:47:08 [DETECT] inference took 0.22s
15:47:09 [DETECT] inference took 0.22s
15:47:10 [DETECT] inference took 0.22s
15:47:11 [DETECT] inference took 0.24s
15:47:12 [DETECT] inference took 0.22s
15:47:13 [DETECT] inference took 0.22s
15:47:14 [DETECT] inference took 0.30s
15:47:15 [DETECT] inference took 0.30s
15:47:16 [DETECT] inference took 0.30s
15:47:17 [DETECT] inference took 0.30s
15:47:18 [DETECT] inference took 0.30s
15:47:19 [DETECT] inference took 0.30s
15:47:20 [DETECT] inference took 0.30s
15:47:21 [DETECT] inference took 0.31s
15:47:22 [DETECT] inference took 0.31s
15:47:23 [DETECT] inference took 0.30s
15:47:24 [DETECT] inference took 0.28s
15:47:25 [DETECT] inference took 0.28s
15:47:26 [DETECT] inference took 0.30s
15:47:27 [DETECT] inference took 0.39s
15:47:28 [DETECT] inference took 0.33s
15:47:29 [DETECT] inference took 0.30s
15:47:30 [DETECT] inference took 0.30s
15:47:31 [DETECT] inference took 0.28s
15:47:32 [DETECT] inference took 0.27s
15:47:33 [DETECT] inference took 0.30s
15:47:34 [DETECT] inference took 0.28s
15:47:35 [DETECT] inference took 0.30s
15:47:36 [DETECT] inference took 0.28s
15:47:37 [DETECT] inference took 0.30s
15:47:38 [DETECT] inference took 0.30s
15:47:39 [DETECT] inference took 0.30s
15:47:40 [DETECT] inference took 0.28s
15:47:41 [DETECT] inference took 0.28s
15:47:42 [DETECT] inference took 0.28s
15:47:43 [DETECT] inference took 0.30s
15:47:44 [DETECT] inference took 0.30s
15:47:45 [DETECT] inference took 0.22s
15:47:46 [DETECT] inference took 0.20s
15:47:47 [DETECT] inference took 0.20s
15:47:48 [DETECT] inference took 0.22s
15:47:49 [DETECT] inference took 0.22s
15:47:50 [DETECT] inference took 0.20s
15:47:51 [DETECT] inference took 0.22s
15:47:52 [DETECT] inference took 0.20s
15:47:53 [DETECT] inference took 0.20s
15:47:54 [DETECT] inference took 0.22s
15:47:55 [DETECT] inference took 0.22s
15:47:55 [DETECT] inference took 0.24s
15:47:56 [DETECT] inference took 0.22s
15:47:57 [DETECT] inference took 0.22s
15:47:58 [DETECT] inference took 0.22s
15:47:59 [DETECT] inference took 0.25s
15:48:00 [DETECT] inference took 0.31s
15:48:01 [DETECT] inference took 0.28s
15:48:02 [DETECT] inference took 0.27s
15:48:03 [DETECT] inference took 0.30s
15:48:04 [DETECT] inference took 0.30s
15:48:05 [DETECT] inference took 0.30s
15:48:06 [DETECT] inference took 0.28s
15:48:07 [DETECT] inference took 0.28s
15:48:08 [DETECT] inference took 0.20s
15:48:09 [DETECT] inference took 0.22s
15:48:10 [DETECT] inference took 0.20s
15:48:11 [DETECT] inference took 0.20s
15:48:12 [DETECT] inference took 0.20s
15:48:12 [DETECT] inference took 0.24s
15:48:13 [DETECT] inference took 0.22s
15:48:13 [DETECT] inference took 0.25s
15:48:14 [DETECT] inference took 0.22s
15:48:14 [DETECT] inference took 0.25s
15:48:15 [DETECT] inference took 0.20s
15:48:15 [DETECT] inference took 0.25s
15:48:16 [DETECT] inference took 0.22s
15:48:16 [DETECT] inference took 0.24s
15:48:17 [DETECT] inference took 0.22s
15:48:18 [DETECT] inference took 0.22s
15:48:19 [DETECT] inference took 0.22s
15:48:20 [DETECT] inference took 0.22s
15:48:21 [DETECT] inference took 0.22s
15:48:22 [DETECT] inference took 0.20s
15:48:23 [DETECT] inference took 0.22s
15:48:24 [DETECT] inference took 0.20s
15:48:25 [DETECT] inference took 0.22s
15:48:26 [DETECT] inference took 0.20s
15:48:27 [DETECT] inference took 0.22s
15:48:28 [DETECT] inference took 0.20s
15:48:29 [DETECT] inference took 0.22s
15:48:30 [DETECT] inference took 0.20s
15:48:31 [DETECT] inference took 0.20s
15:48:32 [DETECT] inference took 0.22s
15:48:33 [DETECT] inference took 0.20s
15:48:34 [DETECT] inference took 0.22s
15:48:35 [DETECT] inference took 0.22s
15:48:36 [DETECT] inference took 0.20s
15:48:37 [DETECT] inference took 0.20s
15:48:38 [DETECT] inference took 0.20s
15:48:39 [DETECT] inference took 0.30s
15:48:40 [DETECT] inference took 0.30s
15:48:41 [DETECT] inference took 0.28s
15:48:42 [DETECT] inference took 0.28s
15:48:43 [DETECT] inference took 0.30s
15:48:44 [DETECT] inference took 0.38s
15:48:45 [DETECT] inference took 0.31s
15:48:46 [DETECT] inference took 0.30s
15:48:47 [DETECT] inference took 0.30s
15:48:48 [DETECT] inference took 0.31s
15:48:49 [DETECT] inference took 0.33s
15:48:50 [DETECT] inference took 0.31s
15:48:51 [DETECT] inference took 0.31s
15:48:52 [DETECT] inference took 0.31s
15:48:53 [DETECT] inference took 0.31s
15:48:54 [DETECT] inference took 0.34s
15:48:55 [DETECT] inference took 0.34s
15:48:56 [DETECT] inference took 0.33s
15:48:57 [DETECT] inference took 0.31s
15:48:58 [DETECT] inference took 0.39s
15:48:59 [DETECT] inference took 0.34s
15:48:59 [DETECT] inference took 0.38s
15:49:00 [DETECT] inference took 0.34s
15:49:00 [DETECT] inference took 0.34s
15:49:01 [DETECT] inference took 0.31s
15:49:01 [DETECT] inference took 0.36s
15:49:02 [DETECT] inference took 0.33s
15:49:02 [DETECT] inference took 0.34s
15:49:03 [DETECT] inference took 0.34s
15:49:03 [DETECT] inference took 0.34s
15:49:04 [DETECT] inference took 0.30s
15:49:04 [DETECT] inference took 0.36s
15:49:05 [DETECT] inference took 0.30s
15:49:05 [DETECT] inference took 0.36s
15:49:06 [DETECT] inference took 0.31s
15:49:06 [DETECT] inference took 0.33s
15:49:07 [DETECT] inference took 0.30s
15:49:07 [DETECT] inference took 0.34s
15:49:08 [DETECT] inference took 0.28s
15:49:08 [DETECT] inference took 0.36s
15:49:09 [DETECT] inference took 0.30s
15:49:09 [DETECT] inference took 0.33s
15:49:10 [DETECT] inference took 0.30s
15:49:10 [DETECT] inference took 0.33s
15:49:11 [DETECT] inference took 0.31s
15:49:11 [DETECT] inference took 0.34s
15:49:12 [DETECT] inference took 0.31s
15:49:12 [DETECT] inference took 0.34s
15:49:13 [DETECT] inference took 0.31s
15:49:13 [DETECT] inference took 0.33s
15:49:14 [DETECT] inference took 0.28s
15:49:14 [DETECT] inference took 0.34s
15:49:15 [DETECT] inference took 0.30s
15:49:15 [DETECT] inference took 0.31s
15:49:16 [DETECT] inference took 0.31s
15:49:16 [DETECT] inference took 0.33s
15:49:17 [DETECT] inference took 0.27s
15:49:17 [DETECT] inference took 0.23s
15:49:18 [DETECT] inference took 0.22s
15:49:18 [DETECT] inference took 0.27s
15:49:19 [DETECT] inference took 0.30s
15:49:19 [DETECT] inference took 0.36s
15:49:20 [DETECT] inference took 0.38s
15:49:20 [DETECT] inference took 0.39s
15:49:21 [DETECT] inference took 0.36s
15:49:22 [DETECT] inference took 0.36s
15:49:22 [DETECT] inference took 0.38s
15:49:23 [DETECT] inference took 0.34s
15:49:24 [DETECT] inference took 0.34s
15:49:25 [DETECT] inference took 0.22s
15:49:26 [DETECT] inference took 0.20s
15:49:27 [DETECT] inference took 0.22s
15:49:28 [DETECT] inference took 0.20s
15:49:29 [DETECT] inference took 0.20s
15:49:30 [DETECT] inference took 0.22s
15:49:31 [DETECT] inference took 0.20s
15:49:32 [DETECT] inference took 0.24s
15:49:33 [DETECT] inference took 0.24s
15:49:34 [DETECT] inference took 0.20s
15:49:35 [DETECT] inference took 0.22s
15:49:36 [DETECT] inference took 0.20s
15:49:37 [DETECT] inference took 0.20s
15:49:38 [DETECT] inference took 0.22s
15:49:39 [DETECT] inference took 0.20s
15:49:40 [DETECT] inference took 0.22s
15:49:41 [DETECT] inference took 0.22s
15:49:42 [DETECT] inference took 0.20s
15:49:43 [DETECT] inference took 0.22s
15:49:44 [DETECT] inference took 0.33s
15:49:45 [DETECT] inference took 0.33s
15:49:46 [DETECT] inference took 0.33s
15:49:47 [DETECT] inference took 0.33s
15:49:48 [DETECT] inference took 0.33s
15:49:49 [DETECT] inference took 0.30s
15:49:50 [DETECT] inference took 0.30s
15:49:51 [DETECT] inference took 0.34s
15:49:52 [DETECT] inference took 0.28s
15:49:53 [DETECT] inference took 0.31s
15:49:54 [DETECT] inference took 0.33s
15:49:55 [DETECT] inference took 0.31s
15:49:56 [DETECT] inference took 0.33s
15:49:57 [DETECT] inference took 0.33s
15:49:58 [DETECT] inference took 0.33s
15:49:59 [DETECT] inference took 0.33s
15:50:00 [DETECT] inference took 0.33s
15:50:01 [DETECT] inference took 0.31s
15:50:02 [DETECT] inference took 0.31s
15:50:03 [DETECT] inference took 0.38s
15:50:04 [DETECT] inference took 0.36s
15:50:05 [DETECT] inference took 0.33s
15:50:06 [DETECT] inference took 0.39s
15:50:07 [DETECT] inference took 0.34s
15:50:08 [DETECT] inference took 0.34s
15:50:09 [DETECT] inference took 0.33s
15:50:10 [DETECT] inference took 0.34s
15:50:11 [DETECT] inference took 0.22s
15:50:12 [DETECT] inference took 0.22s
15:50:13 [DETECT] inference took 0.22s
15:50:14 [DETECT] inference took 0.20s
15:50:15 [DETECT] inference took 0.22s
15:50:16 [DETECT] inference took 0.22s
15:50:17 [DETECT] inference took 0.22s
15:50:18 [DETECT] inference took 0.22s
15:50:19 [DETECT] inference took 0.22s
15:50:20 [DETECT] inference took 0.20s
15:50:21 [DETECT] inference took 0.22s
15:50:22 [DETECT] inference took 0.20s
15:50:23 [DETECT] inference took 0.20s
15:50:24 [DETECT] inference took 0.22s
15:50:25 [DETECT] inference took 0.20s
15:50:26 [DETECT] inference took 0.22s
15:50:27 [DETECT] inference took 0.20s
15:50:28 [DETECT] inference took 0.20s
15:50:29 [DETECT] inference took 0.31s
15:50:30 [DETECT] inference took 0.31s
15:50:31 [DETECT] inference took 0.33s
15:50:32 [DETECT] inference took 0.31s
15:50:33 [DETECT] inference took 0.31s
15:50:34 [DETECT] inference took 0.30s
15:50:35 [DETECT] inference took 0.31s
15:50:36 [DETECT] inference took 0.30s
15:50:37 [DETECT] inference took 0.31s
15:50:38 [DETECT] inference took 0.31s
15:50:39 [DETECT] inference took 0.33s
15:50:40 [DETECT] inference took 0.31s
15:50:41 [DETECT] inference took 0.30s
15:50:42 [DETECT] inference took 0.31s
15:50:43 [DETECT] inference took 0.31s
15:50:44 [DETECT] inference took 0.33s
15:50:45 [DETECT] inference took 0.33s
15:50:46 [DETECT] inference took 0.34s
15:50:47 [DETECT] inference took 0.30s
15:50:48 [DETECT] inference took 0.36s
15:50:49 [DETECT] inference took 0.38s
15:50:50 [DETECT] inference took 0.38s
15:50:51 [DETECT] inference took 0.34s
15:50:52 [DETECT] inference took 0.36s
15:50:53 [DETECT] inference took 0.33s
15:50:54 [DETECT] inference took 0.36s
15:50:55 [DETECT] inference took 0.33s
15:50:56 [DETECT] inference took 0.34s
15:50:57 [DETECT] inference took 0.34s
15:50:58 [DETECT] inference took 0.33s
15:50:59 [DETECT] inference took 0.22s
15:51:00 [DETECT] inference took 0.22s
15:51:01 [DETECT] inference took 0.22s
15:51:02 [DETECT] inference took 0.20s
15:51:03 [DETECT] inference took 0.36s
15:51:04 [DETECT] inference took 0.33s
15:51:05 [DETECT] inference took 0.34s
15:51:06 [DETECT] inference took 0.33s
15:51:07 [DETECT] inference took 0.34s
15:51:08 [DETECT] inference took 0.34s
15:51:09 [DETECT] inference took 0.36s
15:51:10 [DETECT] inference took 0.38s
15:51:11 [DETECT] inference took 0.38s
15:51:12 [DETECT] inference took 0.34s
15:51:13 [DETECT] inference took 0.36s
15:51:14 [DETECT] inference took 0.30s
15:51:14 [DETECT] inference took 0.36s
15:51:15 [DETECT] inference took 0.31s
15:51:15 [DETECT] inference took 0.36s
15:51:15 [DETECT] rejected drone candidate (confidence=0.27) -- overlaps a confidently-classified non-drone object
15:51:16 [DETECT] inference took 0.34s
15:51:17 [DETECT] inference took 0.31s
15:51:18 [DETECT] inference took 0.30s
15:51:19 [DETECT] inference took 0.28s
15:51:20 [DETECT] inference took 0.31s
15:51:21 [DETECT] inference took 0.31s
15:51:22 [DETECT] inference took 0.31s
15:51:23 [DETECT] inference took 0.28s
15:51:24 [DETECT] inference took 0.28s
15:51:24 [DETECT] inference took 0.34s
15:51:25 [DETECT] inference took 0.31s
15:51:25 [DETECT] inference took 0.34s
15:51:26 [DETECT] inference took 0.27s
15:51:27 [DETECT] inference took 0.22s
15:51:28 [DETECT] inference took 0.20s
15:51:29 [DETECT] inference took 0.22s
15:51:30 [DETECT] inference took 0.22s
15:51:31 [DETECT] inference took 0.20s
15:51:31 [DETECT] inference took 0.27s
15:51:32 [DETECT] inference took 0.22s
15:51:32 [DETECT] inference took 0.25s
15:51:33 [DETECT] inference took 0.20s
15:51:33 [DETECT] inference took 0.25s
15:51:34 [DETECT] inference took 0.20s
15:51:34 [DETECT] inference took 0.25s
15:51:35 [DETECT] inference took 0.20s
15:51:36 [DETECT] inference took 0.34s
15:51:37 [DETECT] inference took 0.33s
15:51:38 [DETECT] inference took 0.33s
15:51:39 [DETECT] inference took 0.34s
15:51:40 [DETECT] inference took 0.33s
15:51:41 [DETECT] inference took 0.33s
15:51:42 [DETECT] inference took 0.33s
15:51:43 [DETECT] inference took 0.34s
15:51:44 [DETECT] inference took 0.34s
15:51:45 [DETECT] inference took 0.33s
15:51:46 [DETECT] inference took 0.34s
15:51:47 [DETECT] inference took 0.34s
15:51:48 [DETECT] inference took 0.33s
15:51:49 [DETECT] inference took 0.34s
15:51:50 [DETECT] inference took 0.33s
15:51:51 [DETECT] inference took 0.34s
15:51:52 [DETECT] inference took 0.34s
15:51:53 [DETECT] inference took 0.34s
15:51:54 [DETECT] inference took 0.33s
15:51:55 [DETECT] inference took 0.36s
15:51:56 [DETECT] inference took 0.34s
15:51:57 [DETECT] inference took 0.36s
15:51:58 [DETECT] inference took 0.34s
15:51:59 [DETECT] inference took 0.34s
15:52:00 [DETECT] inference took 0.31s
15:52:01 [DETECT] inference took 0.33s
15:52:02 [DETECT] inference took 0.33s
15:52:03 [DETECT] inference took 0.30s
15:52:04 [DETECT] inference took 0.30s
15:52:05 [DETECT] inference took 0.31s
15:52:06 [DETECT] inference took 0.28s
15:52:07 [DETECT] inference took 0.31s
15:52:08 [DETECT] inference took 0.30s
15:52:09 [DETECT] inference took 0.31s
15:52:10 [DETECT] inference took 0.30s
15:52:11 [DETECT] inference took 0.28s
15:52:12 [DETECT] inference took 0.28s
15:52:13 [DETECT] inference took 0.30s
15:52:14 [DETECT] inference took 0.30s
15:52:15 [DETECT] inference took 0.28s
15:52:16 [DETECT] inference took 0.28s
15:52:17 [DETECT] inference took 0.28s
15:52:18 [DETECT] inference took 0.38s
15:52:19 [DETECT] inference took 0.36s
15:52:20 [DETECT] inference took 0.28s
15:52:21 [DETECT] inference took 0.30s
15:52:22 [DETECT] inference took 0.20s
15:52:23 [DETECT] inference took 0.20s
15:52:24 [DETECT] inference took 0.22s
15:52:25 [DETECT] inference took 0.22s
15:52:26 [DETECT] inference took 0.22s
15:52:27 [DETECT] inference took 0.20s
15:52:28 [DETECT] inference took 0.20s
15:52:29 [DETECT] inference took 0.22s
15:52:30 [DETECT] inference took 0.20s
15:52:31 [DETECT] inference took 0.20s
15:52:32 [DETECT] inference took 0.22s
15:52:33 [DETECT] inference took 0.22s
15:52:34 [DETECT] inference took 0.20s
15:52:35 [DETECT] inference took 0.20s
15:52:36 [DETECT] inference took 0.20s
15:52:37 [DETECT] inference took 0.22s
15:52:38 [DETECT] inference took 0.20s
15:52:39 [DETECT] inference took 0.20s
15:52:40 [DETECT] inference took 0.20s
15:52:41 [DETECT] inference took 0.22s
15:52:42 [DETECT] inference took 0.20s
15:52:43 [DETECT] inference took 0.22s
15:52:44 [DETECT] inference took 0.20s
15:52:45 [DETECT] inference took 0.22s
15:52:46 [DETECT] inference took 0.22s
15:52:47 [DETECT] inference took 0.20s
15:52:48 [DETECT] inference took 0.20s
15:52:49 [DETECT] inference took 0.22s
15:52:50 [DETECT] inference took 0.20s
15:52:51 [DETECT] inference took 0.20s
15:52:52 [DETECT] inference took 0.20s
15:52:53 [DETECT] inference took 0.22s
15:52:54 [DETECT] inference took 0.20s
15:52:55 [DETECT] inference took 0.20s
15:52:56 [DETECT] inference took 0.20s
15:52:57 [DETECT] inference took 0.22s
15:52:58 [DETECT] inference took 0.20s
15:52:59 [DETECT] inference took 0.22s
15:53:00 [DETECT] inference took 0.20s
15:53:01 [DETECT] inference took 0.20s
15:53:02 [DETECT] inference took 0.22s
15:53:03 [DETECT] inference took 0.22s
15:53:04 [DETECT] inference took 0.20s
15:53:05 [DETECT] inference took 0.22s
15:53:06 [DETECT] inference took 0.22s
15:53:07 [DETECT] inference took 0.20s
15:53:08 [DETECT] inference took 0.20s
15:53:09 [DETECT] inference took 0.22s
15:53:10 [DETECT] inference took 0.22s
15:53:11 [DETECT] inference took 0.20s
15:53:12 [DETECT] inference took 0.22s
15:53:13 [DETECT] inference took 0.20s
15:53:14 [DETECT] inference took 0.22s
15:53:15 [DETECT] inference took 0.20s
15:53:16 [DETECT] inference took 0.22s
15:53:17 [DETECT] inference took 0.20s
15:53:18 [DETECT] inference took 0.22s
15:53:19 [DETECT] inference took 0.22s
15:53:20 [DETECT] inference took 0.20s
15:53:21 [DETECT] inference took 0.22s
15:53:22 [DETECT] inference took 0.20s
15:53:23 [DETECT] inference took 0.20s
15:53:24 [DETECT] inference took 0.20s
15:53:25 [DETECT] inference took 0.22s
15:53:26 [DETECT] inference took 0.22s
15:53:27 [DETECT] inference took 0.20s
15:53:28 [DETECT] inference took 0.20s
15:53:29 [DETECT] inference took 0.22s
15:53:30 [DETECT] inference took 0.20s
15:53:31 [DETECT] inference took 0.20s
15:53:32 [DETECT] inference took 0.20s
15:53:33 [DETECT] inference took 0.22s
15:53:34 [DETECT] inference took 0.20s
15:53:35 [DETECT] inference took 0.22s
15:53:36 [DETECT] inference took 0.22s
15:53:37 [DETECT] inference took 0.20s
15:53:38 [DETECT] inference took 0.20s
15:53:39 [DETECT] inference took 0.22s
15:53:40 [DETECT] inference took 0.20s
15:53:41 [DETECT] inference took 0.20s
15:53:42 [DETECT] inference took 0.22s
15:53:43 [DETECT] inference took 0.22s
15:53:44 [DETECT] inference took 0.20s
15:53:45 [DETECT] inference took 0.20s
15:53:46 [DETECT] inference took 0.20s
15:53:47 [DETECT] inference took 0.22s
15:53:48 [DETECT] inference took 0.20s
15:53:49 [DETECT] inference took 0.22s
15:53:50 [DETECT] inference took 0.20s
15:53:51 [DETECT] inference took 0.20s
15:53:52 [DETECT] inference took 0.20s
15:53:53 [DETECT] inference took 0.20s
15:53:54 [DETECT] inference took 0.22s
15:53:55 [DETECT] inference took 0.22s
15:53:56 [DETECT] inference took 0.22s
15:53:57 [DETECT] inference took 0.20s
15:53:58 [DETECT] inference took 0.20s
15:53:59 [DETECT] inference took 0.20s
15:54:00 [DETECT] inference took 0.22s
15:54:01 [DETECT] inference took 0.20s
15:54:02 [DETECT] inference took 0.20s
15:54:03 [DETECT] inference took 0.20s
15:54:04 [DETECT] inference took 0.22s
15:54:05 [DETECT] inference took 0.22s
15:54:06 [DETECT] inference took 0.20s
15:54:07 [DETECT] inference took 0.20s
15:54:08 [DETECT] inference took 0.20s
15:54:09 [DETECT] inference took 0.22s
15:54:10 [DETECT] inference took 0.20s
15:54:11 [DETECT] inference took 0.20s
15:54:12 [DETECT] inference took 0.22s
15:54:13 [DETECT] inference took 0.23s
15:54:14 [DETECT] inference took 0.33s
15:54:15 [DETECT] inference took 0.30s
15:54:16 [DETECT] inference took 0.30s
15:54:17 [DETECT] inference took 0.31s
15:54:18 [DETECT] inference took 0.31s
15:54:19 [DETECT] inference took 0.28s
15:54:20 [DETECT] inference took 0.28s
15:54:21 [DETECT] inference took 0.30s
15:54:22 [DETECT] inference took 0.31s
15:54:23 [DETECT] inference took 0.28s
15:54:24 [DETECT] inference took 0.28s
15:54:25 [DETECT] inference took 0.30s
15:54:26 [DETECT] inference took 0.28s
15:54:27 [DETECT] inference took 0.25s
15:54:28 [DETECT] inference took 0.30s
15:54:29 [DETECT] inference took 0.28s
15:54:30 [DETECT] inference took 0.30s
15:54:31 [DETECT] inference took 0.30s
15:54:32 [DETECT] inference took 0.28s
15:54:33 [DETECT] inference took 0.33s
15:54:34 [DETECT] inference took 0.30s
15:54:35 [DETECT] inference took 0.28s
15:54:36 [DETECT] inference took 0.30s
15:54:37 [DETECT] inference took 0.27s
15:54:38 [DETECT] inference took 0.20s
15:54:39 [DETECT] inference took 0.22s
15:54:40 [DETECT] inference took 0.20s
15:54:41 [DETECT] inference took 0.20s
15:54:42 [DETECT] inference took 0.22s
15:54:43 [DETECT] inference took 0.20s
15:54:44 [DETECT] inference took 0.22s
15:54:45 [DETECT] inference took 0.23s
15:54:46 [DETECT] inference took 0.20s
15:54:47 [DETECT] inference took 0.20s
15:54:48 [DETECT] inference took 0.22s
15:54:49 [DETECT] inference took 0.20s
15:54:50 [DETECT] inference took 0.22s
15:54:51 [DETECT] inference took 0.20s
15:54:52 [DETECT] inference took 0.20s
15:54:53 [DETECT] inference took 0.22s
15:54:54 [DETECT] inference took 0.22s
15:54:55 [DETECT] inference took 0.20s
15:54:56 [DETECT] inference took 0.20s
15:54:57 [DETECT] inference took 0.20s
15:54:58 [DETECT] inference took 0.30s
15:54:59 [DETECT] inference took 0.30s
15:55:00 [DETECT] inference took 0.31s
15:55:01 [DETECT] inference took 0.30s
15:55:02 [DETECT] inference took 0.31s
15:55:03 [DETECT] inference took 0.30s
15:55:04 [DETECT] inference took 0.30s
15:55:05 [DETECT] inference took 0.30s
15:55:06 [DETECT] inference took 0.26s
15:55:07 [DETECT] inference took 0.30s
15:55:08 [DETECT] inference took 0.28s
15:55:09 [DETECT] inference took 0.30s
15:55:10 [DETECT] inference took 0.28s
15:55:11 [DETECT] inference took 0.28s
15:55:12 [DETECT] inference took 0.30s
15:55:13 [DETECT] inference took 0.31s
15:55:14 [DETECT] inference took 0.31s
15:55:15 [DETECT] inference took 0.31s
15:55:16 [DETECT] inference took 0.30s
15:55:17 [DETECT] inference took 0.28s
15:55:18 [DETECT] inference took 0.34s
15:55:19 [DETECT] inference took 0.34s
15:55:20 [DETECT] inference took 0.30s
15:55:21 [DETECT] inference took 0.31s
15:55:22 [DETECT] inference took 0.30s
15:55:23 [DETECT] inference took 0.30s
15:55:24 [DETECT] inference took 0.30s
15:55:25 [DETECT] inference took 0.30s
15:55:26 [DETECT] inference took 0.30s
15:55:27 [DETECT] inference took 0.30s
15:55:28 [DETECT] inference took 0.30s
15:55:29 [DETECT] inference took 0.30s
15:55:30 [DETECT] inference took 0.30s
15:55:31 [DETECT] inference took 0.22s
15:55:32 [DETECT] inference took 0.31s
15:55:33 [DETECT] inference took 0.30s
15:55:34 [DETECT] inference took 0.31s
15:55:35 [DETECT] inference took 0.28s
15:55:36 [DETECT] inference took 0.30s
15:55:37 [DETECT] inference took 0.28s
15:55:38 [DETECT] inference took 0.30s
15:55:39 [DETECT] inference took 0.28s
15:55:40 [DETECT] inference took 0.33s
15:55:41 [DETECT] inference took 0.31s
15:55:42 [DETECT] inference took 0.28s
15:55:43 [DETECT] inference took 0.26s
15:55:44 [DETECT] inference took 0.30s
15:55:45 [DETECT] inference took 0.28s
15:55:46 [DETECT] inference took 0.23s
15:55:47 [DETECT] inference took 0.22s
15:55:48 [DETECT] inference took 0.22s
15:55:49 [DETECT] inference took 0.22s
15:55:50 [DETECT] inference took 0.25s
15:55:51 [DETECT] inference took 0.23s
15:55:52 [DETECT] inference took 0.23s
15:55:53 [DETECT] inference took 0.20s
15:55:54 [DETECT] inference took 0.22s
15:55:55 [DETECT] inference took 0.22s
15:55:56 [DETECT] inference took 0.22s
15:55:57 [DETECT] inference took 0.22s
15:55:58 [DETECT] inference took 0.22s
15:55:59 [DETECT] inference took 0.22s
15:56:00 [DETECT] inference took 0.22s
15:56:01 [DETECT] inference took 0.22s
15:56:02 [DETECT] inference took 0.23s
15:56:03 [DETECT] inference took 0.22s
15:56:04 [DETECT] inference took 0.22s
15:56:05 [DETECT] inference took 0.22s
15:56:06 [DETECT] inference took 0.23s
15:56:07 [DETECT] inference took 0.22s
15:56:08 [DETECT] inference took 0.22s
15:56:08 [DETECT] inference took 0.25s
15:56:09 [DETECT] inference took 0.23s
15:56:09 [DETECT] inference took 0.24s
15:56:10 [DETECT] inference took 0.22s
15:56:11 [DETECT] inference took 0.22s
15:56:12 [DETECT] inference took 0.22s
15:56:13 [DETECT] inference took 0.22s
15:56:14 [DETECT] inference took 0.23s
15:56:15 [DETECT] inference took 0.23s
15:56:16 [DETECT] inference took 0.22s
15:56:16 [DETECT] inference took 0.24s
15:56:17 [DETECT] inference took 0.22s
15:56:18 [DETECT] inference took 0.24s
15:56:19 [DETECT] inference took 0.22s
15:56:20 [DETECT] inference took 0.24s
15:56:20 [DETECT] inference took 0.23s
15:56:21 [DETECT] inference took 0.20s
15:56:22 [DETECT] inference took 0.24s
15:56:23 [DETECT] inference took 0.22s
15:56:24 [DETECT] inference took 0.22s
15:56:25 [DETECT] inference took 0.22s
15:56:26 [DETECT] inference took 0.24s
15:56:26 [DETECT] inference took 0.23s
15:56:27 [DETECT] inference took 0.22s
15:56:27 [DETECT] inference took 0.25s
15:56:28 [DETECT] inference took 0.22s
15:56:28 [DETECT] inference took 0.25s
15:56:29 [DETECT] inference took 0.22s
15:56:29 [DETECT] inference took 0.23s
15:56:29 [DETECT] rejected drone candidate (confidence=0.26) -- overlaps a confidently-classified non-drone object
15:56:30 [DETECT] inference took 0.22s
15:56:31 [DETECT] inference took 0.22s
15:56:32 [DETECT] inference took 0.22s
15:56:33 [DETECT] inference took 0.22s
15:56:34 [DETECT] inference took 0.22s
15:56:35 [DETECT] inference took 0.24s
15:56:36 [DETECT] inference took 0.24s
15:56:37 [DETECT] inference took 0.22s
15:56:38 [DETECT] inference took 0.22s
15:56:39 [DETECT] inference took 0.22s
15:56:40 [DETECT] inference took 0.20s
15:56:41 [DETECT] inference took 0.22s
15:56:42 [DETECT] inference took 0.20s
15:56:43 [DETECT] inference took 0.24s
15:56:44 [DETECT] inference took 0.20s
15:56:45 [DETECT] inference took 0.22s
15:56:46 [DETECT] inference took 0.22s
15:56:47 [DETECT] inference took 0.20s
15:56:48 [DETECT] inference took 0.22s
15:56:49 [DETECT] inference took 0.24s
15:56:50 [DETECT] inference took 0.31s
15:56:51 [DETECT] inference took 0.31s
15:56:52 [DETECT] inference took 0.30s
15:56:53 [DETECT] inference took 0.31s
15:56:54 [DETECT] inference took 0.33s
15:56:55 [DETECT] inference took 0.31s
15:56:56 [DETECT] inference took 0.30s
15:56:57 [DETECT] inference took 0.28s
15:56:58 [DETECT] inference took 0.33s
15:56:59 [DETECT] inference took 0.31s
15:57:00 [DETECT] inference took 0.30s
15:57:01 [DETECT] inference took 0.31s
15:57:02 [DETECT] inference took 0.31s
15:57:03 [DETECT] inference took 0.28s
15:57:04 [DETECT] inference took 0.30s
15:57:05 [DETECT] inference took 0.30s
15:57:06 [DETECT] inference took 0.30s
15:57:07 [DETECT] inference took 0.30s
15:57:08 [DETECT] inference took 0.33s
15:57:09 [DETECT] inference took 0.33s
15:57:10 [DETECT] inference took 0.36s
15:57:11 [DETECT] inference took 0.36s
15:57:11 [DETECT] inference took 0.39s
15:57:12 [DETECT] inference took 0.31s
15:57:12 [DETECT] inference took 0.38s
15:57:13 [DETECT] inference took 0.33s
15:57:13 [DETECT] inference took 0.38s
15:57:14 [DETECT] inference took 0.31s
15:57:14 [DETECT] inference took 0.38s
15:57:15 [DETECT] inference took 0.33s
15:57:15 [DETECT] inference took 0.34s
15:57:16 [DETECT] inference took 0.31s
15:57:16 [DETECT] inference took 0.34s
15:57:17 [DETECT] inference took 0.30s
15:57:17 [DETECT] inference took 0.34s
15:57:18 [DETECT] inference took 0.31s
15:57:18 [DETECT] inference took 0.33s
15:57:19 [DETECT] inference took 0.30s
15:57:19 [DETECT] inference took 0.34s
15:57:20 [DETECT] inference took 0.28s
15:57:20 [DETECT] inference took 0.36s
15:57:21 [DETECT] inference took 0.30s
15:57:21 [DETECT] inference took 0.36s
15:57:22 [DETECT] inference took 0.22s
15:57:22 [DETECT] inference took 0.24s
15:57:23 [DETECT] inference took 0.22s
15:57:23 [DETECT] inference took 0.24s
15:57:24 [DETECT] inference took 0.22s
15:57:24 [DETECT] inference took 0.24s
15:57:25 [DETECT] inference took 0.20s
15:57:25 [DETECT] inference took 0.25s
15:57:26 [DETECT] inference took 0.20s
15:57:26 [DETECT] inference took 0.25s
15:57:27 [DETECT] inference took 0.22s
15:57:27 [DETECT] inference took 0.24s
15:57:28 [DETECT] inference took 0.20s
15:57:28 [DETECT] inference took 0.23s
15:57:29 [DETECT] inference took 0.20s
15:57:29 [DETECT] inference took 0.25s
15:57:30 [DETECT] inference took 0.22s
15:57:30 [DETECT] inference took 0.24s
15:57:31 [DETECT] inference took 0.20s
15:57:31 [DETECT] inference took 0.25s
15:57:32 [DETECT] inference took 0.22s
15:57:32 [DETECT] inference took 0.24s
15:57:33 [DETECT] inference took 0.31s
15:57:34 [DETECT] inference took 0.49s
15:57:35 [DETECT] inference took 0.31s
15:57:36 [DETECT] inference took 0.30s
15:57:37 [DETECT] inference took 0.31s
15:57:38 [DETECT] inference took 0.22s
15:57:39 [DETECT] inference took 0.20s
15:57:40 [DETECT] inference took 0.20s
15:57:41 [DETECT] inference took 0.20s
15:57:42 [DETECT] inference took 0.22s
15:57:43 [DETECT] inference took 0.20s
15:57:44 [DETECT] inference took 0.20s
15:57:45 [DETECT] inference took 0.22s
15:57:46 [DETECT] inference took 0.20s
15:57:47 [DETECT] inference took 0.22s
15:57:48 [DETECT] inference took 0.20s
15:57:49 [DETECT] inference took 0.22s
15:57:50 [DETECT] inference took 0.22s
15:57:51 [DETECT] inference took 0.24s
15:57:52 [DETECT] inference took 0.20s
15:57:53 [DETECT] inference took 0.22s
15:57:54 [DETECT] inference took 0.20s
15:57:55 [DETECT] inference took 0.31s
15:57:55 [DETECT] inference took 0.38s
15:57:56 [DETECT] inference took 0.34s
15:57:57 [DETECT] inference took 0.31s
15:57:58 [DETECT] inference took 0.31s
15:57:59 [DETECT] inference took 0.30s
15:58:00 [DETECT] inference took 0.31s
15:58:01 [DETECT] inference took 0.33s
15:58:02 [DETECT] inference took 0.33s
15:58:03 [DETECT] inference took 0.33s
15:58:04 [DETECT] inference took 0.31s
15:58:05 [DETECT] inference took 0.33s
15:58:06 [DETECT] inference took 0.33s
15:58:07 [DETECT] inference took 0.36s
15:58:08 [DETECT] inference took 0.34s
15:58:09 [DETECT] inference took 0.38s
15:58:10 [DETECT] inference took 0.34s
15:58:11 [DETECT] inference took 0.31s
15:58:12 [DETECT] inference took 0.33s
15:58:13 [DETECT] inference took 0.34s
15:58:14 [DETECT] inference took 0.31s
15:58:15 [DETECT] inference took 0.38s
15:58:16 [DETECT] inference took 0.42s
15:58:16 [DETECT] inference took 0.38s
15:58:17 [DETECT] inference took 0.36s
15:58:18 [DETECT] inference took 0.33s
15:58:19 [DETECT] inference took 0.31s
15:58:20 [DETECT] inference took 0.20s
15:58:21 [DETECT] inference took 0.22s
15:58:22 [DETECT] inference took 0.20s
15:58:23 [DETECT] inference took 0.20s
15:58:24 [DETECT] inference took 0.22s
15:58:25 [DETECT] inference took 0.20s
15:58:25 [DETECT] inference took 0.23s
15:58:26 [DETECT] inference took 0.20s
15:58:26 [DETECT] inference took 0.23s
15:58:27 [DETECT] inference took 0.20s
15:58:28 [DETECT] inference took 0.20s
15:58:29 [DETECT] inference took 0.22s
15:58:30 [DETECT] inference took 0.20s
15:58:31 [DETECT] inference took 0.22s
15:58:32 [DETECT] inference took 0.20s
15:58:33 [DETECT] inference took 0.22s
15:58:34 [DETECT] inference took 0.20s
15:58:35 [DETECT] inference took 0.22s
15:58:36 [DETECT] inference took 0.20s
15:58:37 [DETECT] inference took 0.22s
15:58:38 [DETECT] inference took 0.20s
15:58:38 [DETECT] inference took 0.23s
15:58:39 [DETECT] inference took 0.20s
15:58:40 [DETECT] inference took 0.33s
15:58:41 [DETECT] inference took 0.33s
15:58:42 [DETECT] inference took 0.31s
15:58:42 [DETECT] inference took 0.38s
15:58:43 [DETECT] inference took 0.30s
15:58:44 [DETECT] inference took 0.31s
15:58:45 [DETECT] inference took 0.31s
15:58:46 [DETECT] inference took 0.30s
15:58:47 [DETECT] inference took 0.30s
15:58:47 [DETECT] inference took 0.36s
15:58:48 [DETECT] inference took 0.33s
15:58:49 [DETECT] inference took 0.31s
15:58:50 [DETECT] inference took 0.31s
15:58:51 [DETECT] inference took 0.33s
15:58:52 [DETECT] inference took 0.33s
15:58:53 [DETECT] inference took 0.33s
15:58:53 [DETECT] inference took 0.38s
15:58:54 [DETECT] inference took 0.33s
15:58:55 [DETECT] inference took 0.33s
15:58:56 [DETECT] inference took 0.34s
15:58:57 [DETECT] inference took 0.33s
15:58:58 [DETECT] inference took 0.30s
15:58:59 [DETECT] inference took 0.33s
15:59:00 [DETECT] inference took 0.34s
15:59:01 [DETECT] inference took 0.44s
15:59:01 [DETECT] inference took 0.33s
15:59:02 [DETECT] inference took 0.36s
15:59:03 [DETECT] inference took 0.33s
15:59:04 [DETECT] inference took 0.34s
15:59:05 [DETECT] inference took 0.20s
15:59:06 [DETECT] inference took 0.23s
15:59:07 [DETECT] inference took 0.20s
15:59:08 [DETECT] inference took 0.22s
15:59:09 [DETECT] inference took 0.22s
15:59:10 [DETECT] inference took 0.20s
15:59:11 [DETECT] inference took 0.22s
15:59:12 [DETECT] inference took 0.20s
15:59:13 [DETECT] inference took 0.22s
15:59:14 [DETECT] inference took 0.22s
15:59:15 [DETECT] inference took 0.22s
15:59:16 [DETECT] inference took 0.22s
15:59:17 [DETECT] inference took 0.20s
15:59:18 [DETECT] inference took 0.22s
15:59:19 [DETECT] inference took 0.20s
15:59:20 [DETECT] inference took 0.22s
15:59:21 [DETECT] inference took 0.25s
15:59:22 [DETECT] inference took 0.33s
15:59:23 [DETECT] inference took 0.34s
15:59:24 [DETECT] inference took 0.34s
15:59:25 [DETECT] inference took 0.34s
15:59:26 [DETECT] inference took 0.38s
15:59:26 [DETECT] inference took 0.28s
15:59:27 [DETECT] inference took 0.22s
15:59:28 [DETECT] inference took 0.22s
15:59:29 [DETECT] inference took 0.22s
15:59:30 [DETECT] inference took 0.22s
15:59:31 [DETECT] inference took 0.22s
15:59:32 [DETECT] inference took 0.22s
15:59:32 [DETECT] inference took 0.25s
15:59:33 [DETECT] inference took 0.22s
15:59:34 [DETECT] inference took 0.22s
15:59:34 [DETECT] inference took 0.23s
15:59:35 [DETECT] inference took 0.20s
15:59:36 [DETECT] inference took 0.24s
15:59:37 [DETECT] inference took 0.24s
15:59:38 [DETECT] inference took 0.24s
15:59:39 [DETECT] inference took 0.22s
15:59:40 [DETECT] inference took 0.22s
15:59:41 [DETECT] inference took 0.30s
15:59:42 [DETECT] inference took 0.28s
15:59:43 [DETECT] inference took 0.30s
15:59:44 [DETECT] inference took 0.30s
15:59:45 [DETECT] inference took 0.38s
15:59:46 [DETECT] inference took 0.36s
15:59:47 [DETECT] inference took 0.33s
15:59:48 [DETECT] inference took 0.34s
15:59:49 [DETECT] inference took 0.36s
15:59:50 [DETECT] inference took 0.31s
15:59:51 [DETECT] inference took 0.34s
15:59:52 [DETECT] inference took 0.34s
15:59:53 [DETECT] inference took 0.34s
15:59:54 [DETECT] inference took 0.41s
15:59:54 [DETECT] inference took 0.33s
15:59:55 [DETECT] inference took 0.33s
15:59:56 [DETECT] inference took 0.33s
15:59:57 [DETECT] inference took 0.39s
15:59:57 [DETECT] inference took 0.34s
15:59:58 [DETECT] inference took 0.39s
15:59:58 [DETECT] inference took 0.33s
15:59:59 [DETECT] inference took 0.33s
16:00:00 [DETECT] inference took 0.33s
16:00:01 [DETECT] inference took 0.31s
16:00:02 [DETECT] inference took 0.34s
16:00:03 [DETECT] inference took 0.33s
16:00:04 [DETECT] inference took 0.34s
16:00:05 [DETECT] inference took 0.36s
16:00:06 [DETECT] inference took 0.31s
16:00:07 [DETECT] inference took 0.38s
16:00:08 [DETECT] inference took 0.31s
16:00:09 [DETECT] inference took 0.41s
16:00:09 [DETECT] inference took 0.36s
16:00:10 [DETECT] inference took 0.30s
16:00:11 [DETECT] inference took 0.31s
16:00:12 [DETECT] inference took 0.30s
16:00:13 [DETECT] inference took 0.31s
16:00:14 [DETECT] inference took 0.28s
16:00:15 [DETECT] inference took 0.30s
16:00:16 [DETECT] inference took 0.30s
16:00:17 [DETECT] inference took 0.30s
16:00:18 [DETECT] inference took 0.28s
16:00:19 [DETECT] inference took 0.30s
16:00:20 [DETECT] inference took 0.28s
16:00:21 [DETECT] inference took 0.26s
16:00:22 [DETECT] inference took 0.30s
16:00:23 [DETECT] inference took 0.30s
16:00:24 [DETECT] inference took 0.30s
16:00:25 [DETECT] inference took 0.30s
16:00:26 [DETECT] inference took 0.26s
16:00:27 [DETECT] inference took 0.28s
16:00:28 [DETECT] inference took 0.30s
16:00:29 [DETECT] inference took 0.28s
16:00:30 [DETECT] inference took 0.36s
16:00:31 [DETECT] inference took 0.39s
16:00:31 [DETECT] inference took 0.34s
16:00:32 [DETECT] inference took 0.30s
16:00:33 [DETECT] inference took 0.27s
16:00:34 [DETECT] inference took 0.20s
16:00:35 [DETECT] inference took 0.22s
16:00:36 [DETECT] inference took 0.20s
16:00:37 [DETECT] inference took 0.20s
16:00:38 [DETECT] inference took 0.22s
16:00:39 [DETECT] inference took 0.20s
16:00:40 [DETECT] inference took 0.20s
16:00:41 [DETECT] inference took 0.22s
16:00:42 [DETECT] inference took 0.22s
16:00:43 [DETECT] inference took 0.20s
16:00:44 [DETECT] inference took 0.20s
16:00:45 [DETECT] inference took 0.20s
16:00:46 [DETECT] inference took 0.22s
16:00:47 [DETECT] inference took 0.20s
16:00:48 [DETECT] inference took 0.20s
16:00:49 [DETECT] inference took 0.20s
16:00:50 [DETECT] inference took 0.22s
16:00:51 [DETECT] inference took 0.20s
16:00:52 [DETECT] inference took 0.22s
16:00:53 [DETECT] inference took 0.20s
16:00:54 [DETECT] inference took 0.22s
16:00:55 [DETECT] inference took 0.22s
16:00:56 [DETECT] inference took 0.20s
16:00:57 [DETECT] inference took 0.20s
16:00:58 [DETECT] inference took 0.22s
16:00:59 [DETECT] inference took 0.20s
16:01:00 [DETECT] inference took 0.20s
16:01:01 [DETECT] inference took 0.20s
16:01:02 [DETECT] inference took 0.22s
16:01:03 [DETECT] inference took 0.20s
16:01:04 [DETECT] inference took 0.20s
16:01:05 [DETECT] inference took 0.20s
16:01:06 [DETECT] inference took 0.22s
16:01:07 [DETECT] inference took 0.20s
16:01:08 [DETECT] inference took 0.20s
16:01:09 [DETECT] inference took 0.22s
16:01:10 [DETECT] inference took 0.20s
16:01:11 [DETECT] inference took 0.22s
16:01:12 [DETECT] inference took 0.22s
16:01:13 [DETECT] inference took 0.20s
16:01:14 [DETECT] inference took 0.20s
16:01:15 [DETECT] inference took 0.22s
16:01:16 [DETECT] inference took 0.20s
16:01:17 [DETECT] inference took 0.22s
16:01:18 [DETECT] inference took 0.22s
16:01:19 [DETECT] inference took 0.22s
16:01:20 [DETECT] inference took 0.22s
16:01:21 [DETECT] inference took 0.20s
16:01:22 [DETECT] inference took 0.20s
16:01:23 [DETECT] inference took 0.22s
16:01:24 [DETECT] inference took 0.20s
16:01:25 [DETECT] inference took 0.22s
16:01:26 [DETECT] inference took 0.22s
16:01:27 [DETECT] inference took 0.20s
16:01:28 [DETECT] inference took 0.20s
16:01:29 [DETECT] inference took 0.22s
16:01:30 [DETECT] inference took 0.20s
16:01:31 [DETECT] inference took 0.20s
16:01:32 [DETECT] inference took 0.22s
16:01:33 [DETECT] inference took 0.20s
16:01:34 [DETECT] inference took 0.20s
16:01:35 [DETECT] inference took 0.22s
16:01:36 [DETECT] inference took 0.20s
16:01:37 [DETECT] inference took 0.22s
16:01:38 [DETECT] inference took 0.22s
16:01:39 [DETECT] inference took 0.20s
16:01:40 [DETECT] inference took 0.30s
16:01:41 [DETECT] inference took 0.28s
16:01:42 [DETECT] inference took 0.27s
16:01:43 [DETECT] inference took 0.27s
16:01:44 [DETECT] inference took 0.27s
16:01:45 [DETECT] inference took 0.20s
16:01:46 [DETECT] inference took 0.22s
16:01:47 [DETECT] inference took 0.22s
16:01:48 [DETECT] inference took 0.20s
16:01:49 [DETECT] inference took 0.20s
16:01:50 [DETECT] inference took 0.20s
16:01:51 [DETECT] inference took 0.22s
16:01:52 [DETECT] inference took 0.20s
16:01:53 [DETECT] inference took 0.20s
16:01:54 [DETECT] inference took 0.20s
16:01:55 [DETECT] inference took 0.22s
16:01:56 [DETECT] inference took 0.20s
16:01:57 [DETECT] inference took 0.22s
16:01:58 [DETECT] inference took 0.20s
16:01:59 [DETECT] inference took 0.22s
16:02:00 [DETECT] inference took 0.20s
16:02:01 [DETECT] inference took 0.22s
16:02:02 [DETECT] inference took 0.20s
16:02:03 [DETECT] inference took 0.22s
16:02:04 [DETECT] inference took 0.20s
16:02:05 [DETECT] inference took 0.22s
16:02:06 [DETECT] inference took 0.20s
16:02:07 [DETECT] inference took 0.20s
16:02:08 [DETECT] inference took 0.22s
16:02:09 [DETECT] inference took 0.20s
16:02:10 [DETECT] inference took 0.22s
16:02:11 [DETECT] inference took 0.22s
16:02:12 [DETECT] inference took 0.20s
16:02:13 [DETECT] inference took 0.20s
16:02:14 [DETECT] inference took 0.22s
16:02:15 [DETECT] inference took 0.22s
16:02:16 [DETECT] inference took 0.20s
16:02:17 [DETECT] inference took 0.20s
16:02:18 [DETECT] inference took 0.22s
16:02:19 [DETECT] inference took 0.20s
16:02:20 [DETECT] inference took 0.20s
16:02:21 [DETECT] inference took 0.20s
16:02:22 [DETECT] inference took 0.22s
16:02:23 [DETECT] inference took 0.20s
16:02:24 [DETECT] inference took 0.22s
16:02:25 [DETECT] inference took 0.30s
16:02:26 [DETECT] inference took 0.30s
16:02:27 [DETECT] inference took 0.30s
16:02:28 [DETECT] inference took 0.31s
16:02:29 [DETECT] inference took 0.30s
16:02:30 [DETECT] inference took 0.30s
16:02:31 [DETECT] inference took 0.30s
16:02:32 [DETECT] inference took 0.28s
16:02:33 [DETECT] inference took 0.28s
16:02:34 [DETECT] inference took 0.30s
16:02:35 [DETECT] inference took 0.28s
16:02:36 [DETECT] inference took 0.28s
16:02:37 [DETECT] inference took 0.28s
16:02:38 [DETECT] inference took 0.28s
16:02:39 [DETECT] inference took 0.30s
16:02:40 [DETECT] inference took 0.30s
16:02:41 [DETECT] inference took 0.28s
16:02:42 [DETECT] inference took 0.28s
16:02:43 [DETECT] inference took 0.30s
16:02:44 [DETECT] inference took 0.30s
16:02:45 [DETECT] inference took 0.31s
16:02:46 [DETECT] inference took 0.31s
16:02:47 [DETECT] inference took 0.30s
16:02:48 [DETECT] inference took 0.28s
16:02:49 [DETECT] inference took 0.22s
16:02:50 [DETECT] inference took 0.20s
16:02:51 [DETECT] inference took 0.20s
16:02:52 [DETECT] inference took 0.22s
16:02:53 [DETECT] inference took 0.20s
16:02:54 [DETECT] inference took 0.22s
16:02:55 [DETECT] inference took 0.20s
16:02:56 [DETECT] inference took 0.20s
16:02:57 [DETECT] inference took 0.22s
16:02:58 [DETECT] inference took 0.22s
16:02:59 [DETECT] inference took 0.22s
16:03:00 [DETECT] inference took 0.20s
16:03:01 [DETECT] inference took 0.22s
16:03:02 [DETECT] inference took 0.22s
16:03:03 [DETECT] inference took 0.20s
16:03:04 [DETECT] inference took 0.22s
16:03:05 [DETECT] inference took 0.22s
16:03:06 [DETECT] inference took 0.20s
16:03:07 [DETECT] inference took 0.20s
16:03:08 [DETECT] inference took 0.20s
16:03:09 [DETECT] inference took 0.22s
16:03:10 [DETECT] inference took 0.30s
16:03:11 [DETECT] inference took 0.33s
16:03:12 [DETECT] inference took 0.31s
16:03:13 [DETECT] inference took 0.31s
16:03:14 [DETECT] inference took 0.30s
16:03:15 [DETECT] inference took 0.30s
16:03:16 [DETECT] inference took 0.28s
16:03:17 [DETECT] inference took 0.28s
16:03:18 [DETECT] inference took 0.31s
16:03:19 [DETECT] inference took 0.30s
16:03:20 [DETECT] inference took 0.28s
16:03:21 [DETECT] inference took 0.31s
16:03:22 [DETECT] inference took 0.28s
16:03:23 [DETECT] inference took 0.28s
16:03:24 [DETECT] inference took 0.28s
16:03:25 [DETECT] inference took 0.36s
16:03:26 [DETECT] inference took 0.28s
16:03:27 [DETECT] inference took 0.27s
16:03:28 [DETECT] inference took 0.28s
16:03:29 [DETECT] inference took 0.31s
16:03:30 [DETECT] inference took 0.36s
16:03:31 [DETECT] inference took 0.31s
16:03:32 [DETECT] inference took 0.28s
16:03:33 [DETECT] inference took 0.28s
16:03:34 [DETECT] inference took 0.27s
16:03:35 [DETECT] inference took 0.30s
16:03:36 [DETECT] inference took 0.28s
16:03:37 [DETECT] inference took 0.28s
16:03:38 [DETECT] inference took 0.30s
16:03:39 [DETECT] inference took 0.31s
16:03:40 [DETECT] inference took 0.30s
16:03:41 [DETECT] inference took 0.23s
16:03:42 [DETECT] inference took 0.30s
16:03:43 [DETECT] inference took 0.30s
16:03:44 [DETECT] inference took 0.30s
16:03:45 [DETECT] inference took 0.28s
16:03:46 [DETECT] inference took 0.30s
16:03:47 [DETECT] inference took 0.31s
16:03:48 [DETECT] inference took 0.28s
16:03:49 [DETECT] inference took 0.28s
16:03:50 [DETECT] inference took 0.27s
16:03:51 [DETECT] inference took 0.38s
16:03:52 [DETECT] inference took 0.30s
16:03:53 [DETECT] inference took 0.28s
16:03:54 [DETECT] inference took 0.22s
16:03:55 [DETECT] inference took 0.25s
16:03:56 [DETECT] inference took 0.28s
16:03:57 [DETECT] inference took 0.31s
16:03:58 [DETECT] inference took 0.28s
16:03:59 [DETECT] inference took 0.28s
16:04:00 [DETECT] inference took 0.28s
16:04:01 [DETECT] inference took 0.28s
16:04:02 [DETECT] inference took 0.30s
16:04:03 [DETECT] inference took 0.22s
16:04:04 [DETECT] inference took 0.20s
16:04:05 [DETECT] inference took 0.22s
16:04:06 [DETECT] inference took 0.22s
16:04:07 [DETECT] inference took 0.20s
16:04:08 [DETECT] inference took 0.20s
16:04:09 [DETECT] inference took 0.20s
16:04:10 [DETECT] inference took 0.22s
16:04:11 [DETECT] inference took 0.20s
16:04:12 [DETECT] inference took 0.22s
16:04:13 [DETECT] inference took 0.22s
16:04:14 [DETECT] inference took 0.22s
16:04:15 [DETECT] inference took 0.20s
16:04:16 [DETECT] inference took 0.22s
16:04:17 [DETECT] inference took 0.20s
16:04:18 [DETECT] inference took 0.22s
16:04:19 [DETECT] inference took 0.20s
16:04:20 [DETECT] inference took 0.20s
16:04:21 [DETECT] inference took 0.22s
16:04:22 [DETECT] inference took 0.22s
16:04:23 [DETECT] inference took 0.20s
16:04:24 [DETECT] inference took 0.22s
16:04:25 [DETECT] inference took 0.20s
16:04:26 [DETECT] inference took 0.20s
16:04:27 [DETECT] inference took 0.22s
16:04:28 [DETECT] inference took 0.20s
16:04:29 [DETECT] inference took 0.22s
16:04:30 [DETECT] inference took 0.20s
16:04:31 [DETECT] inference took 0.20s
16:04:32 [DETECT] inference took 0.20s
16:04:33 [DETECT] inference took 0.22s
16:04:34 [DETECT] inference took 0.20s
16:04:35 [DETECT] inference took 0.20s
16:04:36 [DETECT] inference took 0.22s
16:04:37 [DETECT] inference took 0.20s
16:04:38 [DETECT] inference took 0.20s
16:04:39 [DETECT] inference took 0.22s
16:04:40 [DETECT] inference took 0.20s
16:04:41 [DETECT] inference took 0.20s
16:04:42 [DETECT] inference took 0.22s
16:04:43 [DETECT] inference took 0.22s
16:04:44 [DETECT] inference took 0.20s
16:04:45 [DETECT] inference took 0.22s
16:04:46 [DETECT] inference took 0.20s
16:04:47 [DETECT] inference took 0.20s
16:04:48 [DETECT] inference took 0.22s
16:04:49 [DETECT] inference took 0.22s
16:04:50 [DETECT] inference took 0.20s
16:04:51 [DETECT] inference took 0.22s
16:04:52 [DETECT] inference took 0.22s
16:04:53 [DETECT] inference took 0.20s
16:04:54 [DETECT] inference took 0.20s
16:04:55 [DETECT] inference took 0.20s
16:04:56 [DETECT] inference took 0.22s
16:04:57 [DETECT] inference took 0.20s
16:04:58 [DETECT] inference took 0.22s
16:04:59 [DETECT] inference took 0.20s
16:05:00 [DETECT] inference took 0.22s
16:05:01 [DETECT] inference took 0.22s
16:05:02 [DETECT] inference took 0.31s
16:05:03 [DETECT] inference took 0.36s
16:05:04 [DETECT] inference took 0.36s
16:05:05 [DETECT] inference took 0.33s
16:05:06 [DETECT] inference took 0.34s
16:05:07 [DETECT] inference took 0.31s
16:05:08 [DETECT] inference took 0.33s
16:05:09 [DETECT] inference took 0.34s
16:05:10 [DETECT] inference took 0.33s
16:05:11 [DETECT] inference took 0.31s
16:05:12 [DETECT] inference took 0.31s
16:05:13 [DETECT] inference took 0.34s
16:05:14 [DETECT] inference took 0.33s
16:05:15 [DETECT] inference took 0.31s
16:05:16 [DETECT] inference took 0.31s
16:05:17 [DETECT] inference took 0.33s
16:05:18 [DETECT] inference took 0.33s
16:05:19 [DETECT] inference took 0.36s
16:05:20 [DETECT] inference took 0.30s
16:05:21 [DETECT] inference took 0.33s
16:05:22 [DETECT] inference took 0.38s
16:05:23 [DETECT] inference took 0.36s
16:05:24 [DETECT] inference took 0.36s
16:05:24 [DETECT] inference took 0.33s
16:05:25 [DETECT] inference took 0.38s
16:05:25 [DETECT] inference took 0.34s
16:05:26 [DETECT] inference took 0.36s
16:05:26 [DETECT] inference took 0.31s
16:05:27 [DETECT] inference took 0.34s
16:05:27 [DETECT] inference took 0.31s
16:05:28 [DETECT] inference took 0.34s
16:05:28 [DETECT] inference took 0.33s
16:05:29 [DETECT] inference took 0.34s
16:05:29 [DETECT] inference took 0.30s
16:05:30 [DETECT] inference took 0.36s
16:05:30 [DETECT] inference took 0.31s
16:05:31 [DETECT] inference took 0.33s
16:05:31 [DETECT] inference took 0.31s
16:05:32 [DETECT] inference took 0.36s
16:05:32 [DETECT] inference took 0.34s
16:05:33 [DETECT] inference took 0.33s
16:05:33 [DETECT] inference took 0.30s
16:05:34 [DETECT] inference took 0.34s
16:05:34 [DETECT] inference took 0.33s
16:05:35 [DETECT] inference took 0.33s
16:05:35 [DETECT] inference took 0.31s
16:05:36 [DETECT] inference took 0.34s
16:05:36 [DETECT] inference took 0.30s
16:05:37 [DETECT] inference took 0.34s
16:05:37 [DETECT] inference took 0.33s
16:05:38 [DETECT] inference took 0.33s
16:05:38 [DETECT] inference took 0.30s
16:05:39 [DETECT] inference took 0.36s
16:05:39 [DETECT] inference took 0.30s
16:05:40 [DETECT] inference took 0.34s
16:05:40 [DETECT] inference took 0.31s
16:05:41 [DETECT] inference took 0.36s
16:05:41 [DETECT] inference took 0.30s
16:05:42 [DETECT] inference took 0.34s
16:05:42 [DETECT] inference took 0.31s
16:05:43 [DETECT] inference took 0.36s
16:05:43 [DETECT] inference took 0.33s
16:05:44 [DETECT] inference took 0.44s
16:05:44 [DETECT] inference took 0.39s
16:05:45 [DETECT] inference took 0.39s
16:05:45 [DETECT] inference took 0.33s
16:05:46 [DETECT] inference took 0.34s
16:05:47 [DETECT] inference took 0.34s
16:05:47 [DETECT] inference took 0.30s
16:05:48 [DETECT] inference took 0.36s
16:05:48 [DETECT] inference took 0.20s
16:05:49 [DETECT] inference took 0.25s
16:05:49 [DETECT] inference took 0.22s
16:05:50 [DETECT] inference took 0.25s
16:05:50 [DETECT] inference took 0.20s
16:05:51 [DETECT] inference took 0.25s
16:05:51 [DETECT] inference took 0.22s
16:05:52 [DETECT] inference took 0.25s
16:05:52 [DETECT] inference took 0.22s
16:05:53 [DETECT] inference took 0.22s
16:05:54 [DETECT] inference took 0.22s
16:05:55 [DETECT] inference took 0.22s
16:05:56 [DETECT] inference took 0.20s
16:05:57 [DETECT] inference took 0.22s
16:05:58 [DETECT] inference took 0.22s
16:05:59 [DETECT] inference took 0.20s
16:06:00 [DETECT] inference took 0.25s
16:06:00 [DETECT] inference took 0.20s
16:06:01 [DETECT] inference took 0.25s
16:06:01 [DETECT] inference took 0.22s
16:06:02 [DETECT] inference took 0.24s
16:06:02 [DETECT] inference took 0.22s
16:06:03 [DETECT] inference took 0.24s
16:06:03 [DETECT] inference took 0.22s
16:06:04 [DETECT] inference took 0.24s
16:06:04 [DETECT] inference took 0.22s
16:06:05 [DETECT] inference took 0.25s
16:06:05 [DETECT] inference took 0.22s
16:06:06 [DETECT] inference took 0.24s
16:06:06 [DETECT] inference took 0.20s
16:06:07 [DETECT] inference took 0.25s
16:06:07 [DETECT] inference took 0.36s
16:06:08 [DETECT] inference took 0.34s
16:06:09 [DETECT] inference took 0.34s
16:06:10 [DETECT] inference took 0.34s
16:06:11 [DETECT] inference took 0.31s
16:06:12 [DETECT] inference took 0.34s
16:06:13 [DETECT] inference took 0.38s
16:06:14 [DETECT] inference took 0.36s
16:06:15 [DETECT] inference took 0.34s
16:06:16 [DETECT] inference took 0.36s
16:06:17 [DETECT] inference took 0.33s
16:06:18 [DETECT] inference took 0.36s
16:06:19 [DETECT] inference took 0.34s
16:06:20 [DETECT] inference took 0.33s
16:06:21 [DETECT] inference took 0.30s
16:06:22 [DETECT] inference took 0.36s
16:06:23 [DETECT] inference took 0.33s
16:06:24 [DETECT] inference took 0.31s
16:06:25 [DETECT] inference took 0.33s
16:06:26 [DETECT] inference took 0.30s
16:06:27 [DETECT] inference took 0.36s
16:06:28 [DETECT] inference took 0.41s
16:06:29 [DETECT] inference took 0.39s
16:06:29 [DETECT] inference took 0.36s
16:06:30 [DETECT] inference took 0.31s
16:06:31 [DETECT] inference took 0.34s
16:06:32 [DETECT] inference took 0.22s
16:06:33 [DETECT] inference took 0.22s
16:06:34 [DETECT] inference took 0.22s
16:06:35 [DETECT] inference took 0.20s
16:06:36 [DETECT] inference took 0.22s
16:06:37 [DETECT] inference took 0.22s
16:06:38 [DETECT] inference took 0.22s
16:06:39 [DETECT] inference took 0.20s
16:06:40 [DETECT] inference took 0.22s
16:06:41 [DETECT] inference took 0.22s
16:06:42 [DETECT] inference took 0.22s
16:06:43 [DETECT] inference took 0.22s
16:06:44 [DETECT] inference took 0.20s
16:06:45 [DETECT] inference took 0.22s
16:06:46 [DETECT] inference took 0.22s
16:06:47 [DETECT] inference took 0.22s
16:06:48 [DETECT] inference took 0.20s
16:06:49 [DETECT] inference took 0.22s
16:06:50 [DETECT] inference took 0.27s
16:06:51 [DETECT] inference took 0.22s
16:06:52 [DETECT] inference took 0.34s
16:06:53 [DETECT] inference took 0.33s
16:06:54 [DETECT] inference took 0.34s
16:06:56 [DETECT] inference took 0.52s
16:06:56 [DETECT] inference took 0.38s
16:06:56 [DETECT] inference took 0.33s
16:06:57 [DETECT] inference took 0.31s
16:06:58 [DETECT] inference took 0.31s
16:06:59 [DETECT] inference took 0.31s
16:07:00 [DETECT] inference took 0.33s
16:07:01 [DETECT] inference took 0.33s
16:07:02 [DETECT] inference took 0.33s
16:07:03 [DETECT] inference took 0.31s
16:07:04 [DETECT] inference took 0.31s
16:07:06 [DETECT] inference took 0.34s
16:07:07 [DETECT] inference took 0.34s
16:07:07 [DETECT] inference took 0.31s
16:07:09 [DETECT] inference took 0.34s
16:07:09 [DETECT] inference took 0.31s
16:07:11 [DETECT] inference took 0.34s
16:07:12 [DETECT] inference took 0.36s
16:07:13 [DETECT] inference took 0.38s
16:07:14 [DETECT] inference took 0.33s
16:07:15 [DETECT] inference took 0.34s
16:07:16 [DETECT] inference took 0.33s
16:07:17 [DETECT] inference took 0.34s
16:07:18 [DETECT] inference took 0.38s
16:07:19 [DETECT] inference took 0.36s
16:07:20 [DETECT] inference took 0.33s
16:07:21 [DETECT] inference took 0.34s
16:07:22 [DETECT] inference took 0.34s
16:07:23 [DETECT] inference took 0.34s
16:07:24 [DETECT] inference took 0.36s
16:07:25 [DETECT] inference took 0.36s
16:07:26 [DETECT] inference took 0.36s
16:07:27 [DETECT] inference took 0.33s
16:07:28 [DETECT] inference took 0.33s
16:07:29 [DETECT] inference took 0.33s
16:07:30 [DETECT] inference took 0.30s
16:07:31 [DETECT] inference took 0.33s
16:07:32 [DETECT] inference took 0.34s
16:07:33 [DETECT] inference took 0.31s
16:07:34 [DETECT] inference took 0.31s
16:07:34 [DETECT] inference took 0.22s
16:07:35 [DETECT] inference took 0.22s
16:07:36 [DETECT] inference took 0.22s
16:07:37 [DETECT] inference took 0.22s
16:07:39 [DETECT] inference took 0.33s
16:07:39 [DETECT] inference took 0.30s
16:07:41 [DETECT] inference took 0.31s
16:07:42 [DETECT] inference took 0.31s
16:07:43 [DETECT] inference took 0.31s
16:07:44 [DETECT] inference took 0.31s
16:07:45 [DETECT] inference took 0.31s
16:07:46 [DETECT] inference took 0.31s
16:07:47 [DETECT] inference took 0.31s
16:07:48 [DETECT] inference took 0.31s
16:07:49 [DETECT] inference took 0.30s
16:07:50 [DETECT] inference took 0.31s
16:07:51 [DETECT] inference took 0.30s
16:07:52 [DETECT] inference took 0.30s
16:07:53 [DETECT] inference took 0.30s
16:07:54 [DETECT] inference took 0.28s
16:07:55 [DETECT] inference took 0.28s
16:07:55 [DETECT] inference took 0.27s
16:07:56 [DETECT] inference took 0.24s
16:07:58 [DETECT] inference took 0.31s
16:07:59 [DETECT] inference took 0.38s
16:08:00 [DETECT] inference took 0.38s
16:08:01 [DETECT] inference took 0.36s
16:08:02 [DETECT] inference took 0.36s
16:08:03 [DETECT] inference took 0.36s
16:08:04 [DETECT] inference took 0.33s
16:08:05 [DETECT] inference took 0.36s
16:08:06 [DETECT] inference took 0.36s
16:08:07 [DETECT] inference took 0.34s
16:08:08 [DETECT] inference took 0.33s
16:08:09 [DETECT] inference took 0.33s
16:08:10 [DETECT] inference took 0.36s
16:08:11 [DETECT] inference took 0.36s
16:08:12 [DETECT] inference took 0.34s
16:08:13 [DETECT] inference took 0.34s
16:08:14 [DETECT] inference took 0.34s
16:08:15 [DETECT] inference took 0.38s
16:08:16 [DETECT] inference took 0.34s
16:08:17 [DETECT] inference took 0.34s
16:08:18 [DETECT] inference took 0.34s
16:08:19 [DETECT] inference took 0.33s
16:08:20 [DETECT] inference took 0.33s
16:08:21 [DETECT] inference took 0.34s
16:08:22 [DETECT] inference took 0.38s
16:08:22 [DETECT] inference took 0.38s
16:08:23 [DETECT] inference took 0.33s
16:08:24 [DETECT] inference took 0.33s
16:08:25 [DETECT] inference took 0.33s
16:08:26 [DETECT] inference took 0.31s
16:08:27 [DETECT] inference took 0.33s
16:08:28 [DETECT] inference took 0.31s
16:08:29 [DETECT] inference took 0.31s
16:08:30 [DETECT] inference took 0.33s
16:08:31 [DETECT] inference took 0.30s
16:08:32 [DETECT] inference took 0.31s
16:08:33 [DETECT] inference took 0.30s
16:08:34 [DETECT] inference took 0.31s
16:08:35 [DETECT] inference took 0.33s
16:08:36 [DETECT] inference took 0.36s
16:08:36 [DETECT] inference took 0.31s
16:08:37 [DETECT] inference took 0.33s
16:08:38 [DETECT] inference took 0.31s
16:08:39 [DETECT] inference took 0.33s
16:08:40 [DETECT] inference took 0.31s
16:08:41 [DETECT] inference took 0.31s
16:08:42 [DETECT] inference took 0.30s
16:08:43 [DETECT] inference took 0.38s
16:08:44 [DETECT] inference took 0.36s
16:08:45 [DETECT] inference took 0.34s
16:08:46 [DETECT] inference took 0.31s
16:08:47 [DETECT] inference took 0.30s
16:08:48 [DETECT] inference took 0.22s
16:08:49 [DETECT] inference took 0.22s
16:08:50 [DETECT] inference took 0.23s
16:08:51 [DETECT] inference took 0.20s
16:08:52 [DETECT] inference took 0.22s
16:08:53 [DETECT] inference took 0.22s
16:08:54 [DETECT] inference took 0.20s
16:08:55 [DETECT] inference took 0.20s
16:08:56 [DETECT] inference took 0.22s
16:08:57 [DETECT] inference took 0.22s
16:08:58 [DETECT] inference took 0.20s
16:08:59 [DETECT] inference took 0.22s
16:09:00 [DETECT] inference took 0.22s
16:09:01 [DETECT] inference took 0.22s
16:09:02 [DETECT] inference took 0.20s
16:09:03 [DETECT] inference took 0.22s
16:09:04 [DETECT] inference took 0.20s
16:09:05 [DETECT] inference took 0.22s
16:09:06 [DETECT] inference took 0.20s
16:09:07 [DETECT] inference took 0.22s
16:09:08 [DETECT] inference took 0.20s
16:09:09 [DETECT] inference took 0.22s
16:09:10 [DETECT] inference took 0.20s
16:09:11 [DETECT] inference took 0.22s
16:09:12 [DETECT] inference took 0.24s
16:09:13 [DETECT] inference took 0.22s
16:09:14 [DETECT] inference took 0.20s
16:09:15 [DETECT] inference took 0.22s
16:09:16 [DETECT] inference took 0.20s
16:09:17 [DETECT] inference took 0.20s
16:09:18 [DETECT] inference took 0.20s
16:09:19 [DETECT] inference took 0.22s
16:09:20 [DETECT] inference took 0.20s
16:09:21 [DETECT] inference took 0.20s
16:09:22 [DETECT] inference took 0.22s
16:09:23 [DETECT] inference took 0.22s
16:09:24 [DETECT] inference took 0.20s
16:09:25 [DETECT] inference took 0.20s
16:09:26 [DETECT] inference took 0.22s
16:09:27 [DETECT] inference took 0.20s
16:09:28 [DETECT] inference took 0.20s
16:09:29 [DETECT] inference took 0.22s
16:09:30 [DETECT] inference took 0.22s
16:09:31 [DETECT] inference took 0.20s
16:09:32 [DETECT] inference took 0.22s
16:09:33 [DETECT] inference took 0.22s
16:09:33 [DETECT] inference took 0.23s
16:09:34 [DETECT] inference took 0.22s
16:09:35 [DETECT] inference took 0.22s
16:09:36 [DETECT] inference took 0.22s
16:09:37 [DETECT] inference took 0.22s
16:09:38 [DETECT] inference took 0.20s
16:09:39 [DETECT] inference took 0.20s
16:09:40 [DETECT] inference took 0.22s
16:09:41 [DETECT] inference took 0.20s
16:09:42 [DETECT] inference took 0.22s
16:09:43 [DETECT] inference took 0.20s
16:09:44 [DETECT] inference took 0.22s
16:09:45 [DETECT] inference took 0.20s
16:09:46 [DETECT] inference took 0.20s
16:09:47 [DETECT] inference took 0.22s
16:09:48 [DETECT] inference took 0.20s
16:09:49 [DETECT] inference took 0.22s
16:09:50 [DETECT] inference took 0.20s
16:09:51 [DETECT] inference took 0.22s
16:09:52 [DETECT] inference took 0.20s
16:09:53 [DETECT] inference took 0.22s
16:09:54 [DETECT] inference took 0.22s
16:09:55 [DETECT] inference took 0.22s
16:09:55 [DETECT] inference took 0.25s
16:09:56 [DETECT] inference took 0.22s
16:09:57 [DETECT] inference took 0.22s
16:09:58 [DETECT] inference took 0.22s
16:09:59 [DETECT] inference took 0.22s
16:10:00 [DETECT] inference took 0.22s
16:10:01 [DETECT] inference took 0.20s
16:10:02 [DETECT] inference took 0.22s
16:10:03 [DETECT] inference took 0.20s
16:10:04 [DETECT] inference took 0.22s
16:10:05 [DETECT] inference took 0.20s
16:10:06 [DETECT] inference took 0.22s
16:10:07 [DETECT] inference took 0.20s
16:10:08 [DETECT] inference took 0.20s
16:10:09 [DETECT] inference took 0.22s
16:10:10 [DETECT] inference took 0.20s
16:10:11 [DETECT] inference took 0.20s
16:10:12 [DETECT] inference took 0.22s
16:10:13 [DETECT] inference took 0.20s
16:10:14 [DETECT] inference took 0.22s
16:10:15 [DETECT] inference took 0.20s
16:10:16 [DETECT] inference took 0.22s
16:10:17 [DETECT] inference took 0.20s
16:10:18 [DETECT] inference took 0.22s
16:10:19 [DETECT] inference took 0.20s
16:10:20 [DETECT] inference took 0.22s
16:10:21 [DETECT] inference took 0.20s
16:10:22 [DETECT] inference took 0.27s
16:10:23 [DETECT] inference took 0.22s
16:10:24 [DETECT] inference took 0.20s
16:10:25 [DETECT] inference took 0.22s
16:10:26 [DETECT] inference took 0.20s
16:10:27 [DETECT] inference took 0.22s
16:10:28 [DETECT] inference took 0.20s
16:10:29 [DETECT] inference took 0.22s
16:10:30 [DETECT] inference took 0.22s
16:10:31 [DETECT] inference took 0.20s
16:10:32 [DETECT] inference took 0.22s
16:10:33 [DETECT] inference took 0.22s
16:10:34 [DETECT] inference took 0.20s
16:10:35 [DETECT] inference took 0.22s
16:10:36 [DETECT] inference took 0.22s
16:10:37 [DETECT] inference took 0.20s
16:10:38 [DETECT] inference took 0.22s
16:10:39 [DETECT] inference took 0.20s
16:10:40 [DETECT] inference took 0.22s
16:10:41 [DETECT] inference took 0.20s
16:10:42 [DETECT] inference took 0.22s
16:10:43 [DETECT] inference took 0.22s
16:10:44 [DETECT] inference took 0.30s
16:10:45 [DETECT] inference took 0.30s
16:10:46 [DETECT] inference took 0.28s
16:10:47 [DETECT] inference took 0.28s
16:10:48 [DETECT] inference took 0.28s
16:10:49 [DETECT] inference took 0.28s
16:10:50 [DETECT] inference took 0.28s
16:10:51 [DETECT] inference took 0.30s
16:10:52 [DETECT] inference took 0.30s
16:10:53 [DETECT] inference took 0.30s
16:10:54 [DETECT] inference took 0.28s
16:10:55 [DETECT] inference took 0.28s
16:10:56 [DETECT] inference took 0.30s
16:10:57 [DETECT] inference took 0.26s
16:10:58 [DETECT] inference took 0.34s
16:10:59 [DETECT] inference took 0.34s
16:11:00 [DETECT] inference took 0.28s
16:11:01 [DETECT] inference took 0.28s
16:11:02 [DETECT] inference took 0.28s
16:11:03 [DETECT] inference took 0.20s
16:11:04 [DETECT] inference took 0.24s
16:11:05 [DETECT] inference took 0.24s
16:11:06 [DETECT] inference took 0.22s
16:11:07 [DETECT] inference took 0.24s
16:11:08 [DETECT] inference took 0.22s
16:11:09 [DETECT] inference took 0.22s
16:11:10 [DETECT] inference took 0.20s
16:11:11 [DETECT] inference took 0.24s
16:11:12 [DETECT] inference took 0.22s
16:11:13 [DETECT] inference took 0.22s
16:11:14 [DETECT] inference took 0.22s
16:11:15 [DETECT] inference took 0.22s
16:11:16 [DETECT] inference took 0.22s
16:11:17 [DETECT] inference took 0.22s
16:11:18 [DETECT] inference took 0.24s
16:11:19 [DETECT] inference took 0.22s
16:11:20 [DETECT] inference took 0.22s
16:11:21 [DETECT] inference took 0.22s
16:11:22 [DETECT] inference took 0.22s
16:11:23 [DETECT] inference took 0.30s
16:11:24 [DETECT] inference took 0.31s
16:11:25 [DETECT] inference took 0.30s
16:11:26 [DETECT] inference took 0.31s
16:11:27 [DETECT] inference took 0.31s
16:11:28 [DETECT] inference took 0.28s
16:11:29 [DETECT] inference took 0.28s
16:11:30 [DETECT] inference took 0.28s
16:11:31 [DETECT] inference took 0.30s
16:11:32 [DETECT] inference took 0.28s
16:11:33 [DETECT] inference took 0.28s
16:11:34 [DETECT] inference took 0.28s
16:11:35 [DETECT] inference took 0.30s
16:11:36 [DETECT] inference took 0.28s
16:11:37 [DETECT] inference took 0.30s
16:11:38 [DETECT] inference took 0.30s
16:11:39 [DETECT] inference took 0.30s
16:11:40 [DETECT] inference took 0.30s
16:11:41 [DETECT] inference took 0.30s
16:11:42 [DETECT] inference took 0.28s
16:11:43 [DETECT] inference took 0.34s
16:11:43 [DETECT] inference took 0.38s
16:11:44 [DETECT] inference took 0.34s
16:11:45 [DETECT] inference took 0.30s
16:11:46 [DETECT] inference took 0.20s
16:11:47 [DETECT] inference took 0.31s
16:11:48 [DETECT] inference took 0.30s
16:11:49 [DETECT] inference took 0.28s
16:11:50 [DETECT] inference took 0.28s
16:11:51 [DETECT] inference took 0.31s
16:11:52 [DETECT] inference took 0.28s
16:11:53 [DETECT] inference took 0.28s
16:11:54 [DETECT] inference took 0.28s
16:11:55 [DETECT] inference took 0.28s
16:11:56 [DETECT] inference took 0.33s
16:11:57 [DETECT] inference took 0.28s
16:11:58 [DETECT] inference took 0.28s
16:11:59 [DETECT] inference took 0.26s
16:12:00 [DETECT] inference took 0.31s
16:12:01 [DETECT] inference took 0.30s
16:12:02 [DETECT] inference took 0.30s
16:12:03 [DETECT] inference took 0.28s
16:12:04 [DETECT] inference took 0.34s
16:12:05 [DETECT] inference took 0.22s
16:12:06 [DETECT] inference took 0.20s
16:12:07 [DETECT] inference took 0.22s
16:12:08 [DETECT] inference took 0.20s
16:12:09 [DETECT] inference took 0.22s
16:12:10 [DETECT] inference took 0.22s
16:12:11 [DETECT] inference took 0.22s
16:12:12 [DETECT] inference took 0.22s
16:12:13 [DETECT] inference took 0.22s
16:12:14 [DETECT] inference took 0.20s
16:12:15 [DETECT] inference took 0.20s
16:12:16 [DETECT] inference took 0.28s
16:12:17 [DETECT] inference took 0.30s
16:12:18 [DETECT] inference took 0.28s
16:12:19 [DETECT] inference took 0.31s
16:12:20 [DETECT] inference took 0.30s
16:12:21 [DETECT] inference took 0.30s
16:12:22 [DETECT] inference took 0.22s
16:12:23 [DETECT] inference took 0.20s
16:12:24 [DETECT] inference took 0.20s
16:12:25 [DETECT] inference took 0.20s
16:12:26 [DETECT] inference took 0.22s
16:12:27 [DETECT] inference took 0.22s
16:12:28 [DETECT] inference took 0.20s
16:12:29 [DETECT] inference took 0.20s
16:12:30 [DETECT] inference took 0.28s
16:12:31 [DETECT] inference took 0.30s
16:12:32 [DETECT] inference took 0.28s
16:12:33 [DETECT] inference took 0.28s
16:12:34 [DETECT] inference took 0.28s
16:12:35 [DETECT] inference took 0.28s
16:12:36 [DETECT] inference took 0.20s
16:12:37 [DETECT] inference took 0.20s
16:12:38 [DETECT] inference took 0.28s
16:12:39 [DETECT] inference took 0.26s
16:12:40 [DETECT] inference took 0.30s
16:12:41 [DETECT] inference took 0.28s
16:12:42 [DETECT] inference took 0.31s
16:12:43 [DETECT] inference took 0.28s
16:12:44 [DETECT] inference took 0.28s
16:12:45 [DETECT] inference took 0.28s
16:12:46 [DETECT] inference took 0.28s
16:12:47 [DETECT] inference took 0.28s
16:12:48 [DETECT] inference took 0.27s
16:12:49 [DETECT] inference took 0.30s
16:12:50 [DETECT] inference took 0.28s
16:12:51 [DETECT] inference took 0.30s
16:12:52 [DETECT] inference took 0.28s
16:12:53 [DETECT] inference took 0.28s
16:12:54 [DETECT] inference took 0.22s
16:12:55 [DETECT] inference took 0.20s
16:12:56 [DETECT] inference took 0.22s
16:12:57 [DETECT] inference took 0.22s
16:12:58 [DETECT] inference took 0.20s
16:12:59 [DETECT] inference took 0.20s
16:13:00 [DETECT] inference took 0.22s
16:13:01 [DETECT] inference took 0.20s
16:13:02 [DETECT] inference took 0.20s
16:13:03 [DETECT] inference took 0.20s
16:13:04 [DETECT] inference took 0.22s
16:13:05 [DETECT] inference took 0.22s
16:13:06 [DETECT] inference took 0.22s
16:13:07 [DETECT] inference took 0.20s
16:13:08 [DETECT] inference took 0.22s
16:13:09 [DETECT] inference took 0.22s
16:13:10 [DETECT] inference took 0.20s
16:13:11 [DETECT] inference took 0.22s
16:13:12 [DETECT] inference took 0.20s
16:13:13 [DETECT] inference took 0.22s
16:13:14 [DETECT] inference took 0.30s
16:13:15 [DETECT] inference took 0.30s
16:13:16 [DETECT] inference took 0.31s
16:13:17 [DETECT] inference took 0.30s
16:13:18 [DETECT] inference took 0.33s
16:13:19 [DETECT] inference took 0.33s
16:13:20 [DETECT] inference took 0.30s
16:13:21 [DETECT] inference took 0.31s
16:13:22 [DETECT] inference took 0.30s
16:13:23 [DETECT] inference took 0.31s
16:13:24 [DETECT] inference took 0.30s
16:13:25 [DETECT] inference took 0.31s
16:13:26 [DETECT] inference took 0.30s
16:13:27 [DETECT] inference took 0.33s
16:13:28 [DETECT] inference took 0.30s
16:13:29 [DETECT] inference took 0.31s
16:13:30 [DETECT] inference took 0.31s
16:13:31 [DETECT] inference took 0.33s
16:13:32 [DETECT] inference took 0.33s
16:13:33 [DETECT] inference took 0.30s
16:13:34 [DETECT] inference took 0.33s
16:13:35 [DETECT] inference took 0.33s
16:13:36 [DETECT] inference took 0.36s
16:13:36 [DETECT] inference took 0.39s
16:13:37 [DETECT] inference took 0.33s
16:13:37 [DETECT] inference took 0.36s
16:13:38 [DETECT] inference took 0.31s
16:13:38 [DETECT] inference took 0.36s
16:13:39 [DETECT] inference took 0.30s
16:13:39 [DETECT] inference took 0.34s
16:13:40 [DETECT] inference took 0.28s
16:13:40 [DETECT] inference took 0.34s
16:13:41 [DETECT] inference took 0.31s
16:13:41 [DETECT] inference took 0.34s
16:13:42 [DETECT] inference took 0.28s
16:13:42 [DETECT] inference took 0.36s
16:13:43 [DETECT] inference took 0.31s
16:13:43 [DETECT] inference took 0.33s
16:13:44 [DETECT] inference took 0.30s
16:13:44 [DETECT] inference took 0.34s
16:13:45 [DETECT] inference took 0.33s
16:13:45 [DETECT] inference took 0.33s
16:13:46 [DETECT] inference took 0.30s
16:13:46 [DETECT] inference took 0.34s
16:13:47 [DETECT] inference took 0.28s
16:13:47 [DETECT] inference took 0.34s
16:13:48 [DETECT] inference took 0.30s
16:13:48 [DETECT] inference took 0.34s
16:13:49 [DETECT] inference took 0.31s
16:13:49 [DETECT] inference took 0.33s
16:13:50 [DETECT] inference took 0.27s
16:13:50 [DETECT] inference took 0.34s
16:13:51 [DETECT] inference took 0.31s
16:13:51 [DETECT] inference took 0.33s
16:13:52 [DETECT] inference took 0.30s
16:13:52 [DETECT] inference took 0.33s
16:13:53 [DETECT] inference took 0.30s
16:13:53 [DETECT] inference took 0.34s
16:13:54 [DETECT] inference took 0.30s
16:13:54 [DETECT] inference took 0.33s
16:13:55 [DETECT] inference took 0.28s
16:13:55 [DETECT] inference took 0.34s
16:13:56 [DETECT] inference took 0.28s
16:13:56 [DETECT] inference took 0.36s
16:13:57 [DETECT] inference took 0.28s
16:13:57 [DETECT] inference took 0.36s
16:13:58 [DETECT] inference took 0.36s
16:13:58 [DETECT] inference took 0.36s
16:13:59 [DETECT] inference took 0.34s
16:14:00 [DETECT] inference took 0.30s
16:14:00 [DETECT] inference took 0.36s
16:14:01 [DETECT] inference took 0.31s
16:14:01 [DETECT] inference took 0.34s
16:14:02 [DETECT] inference took 0.20s
16:14:03 [DETECT] inference took 0.22s
16:14:04 [DETECT] inference took 0.20s
16:14:05 [DETECT] inference took 0.22s
16:14:06 [DETECT] inference took 0.20s
16:14:07 [DETECT] inference took 0.22s
16:14:07 [DETECT] inference took 0.25s
16:14:08 [DETECT] inference took 0.20s
16:14:08 [DETECT] inference took 0.25s
16:14:09 [DETECT] inference took 0.22s
16:14:10 [DETECT] inference took 0.22s
16:14:10 [DETECT] inference took 0.23s
16:14:11 [DETECT] inference took 0.20s
16:14:12 [DETECT] inference took 0.22s
16:14:13 [DETECT] inference took 0.22s
16:14:13 [DETECT] inference took 0.23s
16:14:14 [DETECT] inference took 0.22s
16:14:15 [DETECT] inference took 0.22s
16:14:15 [DETECT] inference took 0.23s
16:14:16 [DETECT] inference took 0.20s
16:14:17 [DETECT] inference took 0.20s
16:14:18 [DETECT] inference took 0.22s
16:14:19 [DETECT] inference took 0.20s
16:14:20 [DETECT] inference took 0.20s
16:14:21 [DETECT] inference took 0.31s
16:14:22 [DETECT] inference took 0.30s
16:14:23 [DETECT] inference took 0.30s
16:14:24 [DETECT] inference took 0.31s
16:14:25 [DETECT] inference took 0.31s
16:14:26 [DETECT] inference took 0.33s
16:14:27 [DETECT] inference took 0.31s
16:14:28 [DETECT] inference took 0.30s
16:14:29 [DETECT] inference took 0.31s
16:14:30 [DETECT] inference took 0.31s
16:14:31 [DETECT] inference took 0.33s
16:14:32 [DETECT] inference took 0.30s
16:14:33 [DETECT] inference took 0.31s
16:14:34 [DETECT] inference took 0.33s
16:14:35 [DETECT] inference took 0.31s
16:14:36 [DETECT] inference took 0.28s
16:14:37 [DETECT] inference took 0.31s
16:14:38 [DETECT] inference took 0.30s
16:14:39 [DETECT] inference took 0.28s
16:14:40 [DETECT] inference took 0.31s
16:14:41 [DETECT] inference took 0.34s
16:14:41 [DETECT] inference took 0.42s
16:14:42 [DETECT] inference took 0.38s
16:14:43 [DETECT] inference took 0.34s
16:14:44 [DETECT] inference took 0.31s
16:14:45 [DETECT] inference took 0.31s
16:14:46 [DETECT] inference took 0.20s
16:14:47 [DETECT] inference took 0.20s
16:14:48 [DETECT] inference took 0.22s
16:14:49 [DETECT] inference took 0.20s
16:14:49 [DETECT] inference took 0.26s
16:14:50 [DETECT] inference took 0.22s
16:14:51 [DETECT] inference took 0.20s
16:14:52 [DETECT] inference took 0.22s
16:14:53 [DETECT] inference took 0.22s
16:14:54 [DETECT] inference took 0.20s
16:14:55 [DETECT] inference took 0.22s
16:14:56 [DETECT] inference took 0.22s
16:14:57 [DETECT] inference took 0.20s
16:14:58 [DETECT] inference took 0.22s
16:14:59 [DETECT] inference took 0.20s
16:15:00 [DETECT] inference took 0.22s
16:15:01 [DETECT] inference took 0.20s
16:15:02 [DETECT] inference took 0.22s
16:15:03 [DETECT] inference took 0.20s
16:15:04 [DETECT] inference took 0.22s
16:15:05 [DETECT] inference took 0.22s
16:15:06 [DETECT] inference took 0.31s
16:15:07 [DETECT] inference took 0.31s
16:15:08 [DETECT] inference took 0.36s
16:15:09 [DETECT] inference took 0.31s
16:15:10 [DETECT] inference took 0.31s
16:15:11 [DETECT] inference took 0.33s
16:15:12 [DETECT] inference took 0.30s
16:15:13 [DETECT] inference took 0.31s
16:15:14 [DETECT] inference took 0.34s
16:15:15 [DETECT] inference took 0.30s
16:15:16 [DETECT] inference took 0.31s
16:15:17 [DETECT] inference took 0.31s
16:15:18 [DETECT] inference took 0.33s
16:15:19 [DETECT] inference took 0.31s
16:15:20 [DETECT] inference took 0.33s
16:15:21 [DETECT] inference took 0.33s
16:15:22 [DETECT] inference took 0.31s
16:15:23 [DETECT] inference took 0.31s
16:15:24 [DETECT] inference took 0.31s
16:15:25 [DETECT] inference took 0.30s
16:15:26 [DETECT] inference took 0.31s
16:15:27 [DETECT] inference took 0.33s
16:15:28 [DETECT] inference took 0.33s
16:15:29 [DETECT] inference took 0.34s
16:15:30 [DETECT] inference took 0.30s
16:15:31 [DETECT] inference took 0.20s
16:15:31 [DETECT] inference took 0.28s
16:15:32 [DETECT] inference took 0.33s
16:15:33 [DETECT] inference took 0.31s
16:15:34 [DETECT] inference took 0.31s
16:15:35 [DETECT] inference took 0.33s
16:15:36 [DETECT] inference took 0.30s
16:15:37 [DETECT] inference took 0.31s
16:15:38 [DETECT] inference took 0.30s
16:15:39 [DETECT] inference took 0.31s
16:15:40 [DETECT] inference took 0.33s
16:15:41 [DETECT] inference took 0.31s
16:15:42 [DETECT] inference took 0.31s
16:15:43 [DETECT] inference took 0.33s
16:15:44 [DETECT] inference took 0.33s
16:15:45 [DETECT] inference took 0.31s
16:15:46 [DETECT] inference took 0.33s
16:15:47 [DETECT] inference took 0.33s
16:15:48 [DETECT] inference took 0.34s
16:15:49 [DETECT] inference took 0.39s
16:15:50 [DETECT] inference took 0.34s
16:15:51 [DETECT] inference took 0.31s
16:15:52 [DETECT] inference took 0.31s
16:15:53 [DETECT] inference took 0.31s
16:15:54 [DETECT] inference took 0.30s
16:15:55 [DETECT] inference took 0.61s
16:15:56 [DETECT] inference took 0.33s
16:15:57 [DETECT] inference took 0.33s
16:15:58 [DETECT] inference took 0.31s
16:15:59 [DETECT] inference took 0.33s
16:16:00 [DETECT] inference took 0.31s
16:16:01 [DETECT] inference took 0.31s
16:16:02 [DETECT] inference took 0.33s
16:16:03 [DETECT] inference took 0.25s
16:16:04 [DETECT] inference took 0.36s
16:16:05 [DETECT] inference took 0.23s
16:16:06 [DETECT] inference took 0.22s
16:16:07 [DETECT] inference took 0.22s
16:16:08 [DETECT] inference took 0.22s
16:16:09 [DETECT] inference took 0.22s
16:16:10 [DETECT] inference took 0.23s
16:16:11 [DETECT] inference took 0.22s
16:16:12 [DETECT] inference took 0.22s
16:16:13 [DETECT] inference took 0.22s
16:16:14 [DETECT] inference took 0.34s
16:16:15 [DETECT] inference took 0.33s
16:16:16 [DETECT] inference took 0.39s
16:16:17 [DETECT] inference took 0.36s
16:16:18 [DETECT] inference took 0.36s
16:16:19 [DETECT] inference took 0.47s
16:16:20 [DETECT] inference took 0.58s
16:16:21 [DETECT] inference took 0.59s
16:16:22 [DETECT] inference took 0.59s
16:16:23 [DETECT] inference took 0.59s
16:16:24 [DETECT] inference took 0.58s
16:16:25 [DETECT] inference took 0.70s
16:16:26 [DETECT] inference took 0.67s
16:16:27 [DETECT] inference took 0.59s
16:16:28 [DETECT] inference took 0.62s
16:16:29 [DETECT] inference took 0.59s
16:16:30 [DETECT] inference took 0.56s
16:16:31 [DETECT] inference took 0.59s
16:16:32 [DETECT] inference took 0.59s
16:16:33 [DETECT] inference took 0.62s
16:16:34 [DETECT] inference took 0.64s
16:16:35 [DETECT] inference took 0.61s
16:16:35 [DETECT] inference took 0.73s
16:16:35 [DETECT] rejected drone candidate (confidence=0.32) -- overlaps a confidently-classified non-drone object
16:16:36 [DETECT] inference took 0.53s
16:16:37 [DETECT] inference took 0.47s
16:16:38 [DETECT] inference took 0.50s
16:16:39 [DETECT] inference took 0.47s
16:16:40 [DETECT] inference took 0.45s
16:16:41 [DETECT] inference took 0.49s
16:16:42 [DETECT] inference took 0.45s
16:16:43 [DETECT] inference took 0.33s
16:16:44 [DETECT] inference took 0.30s
16:16:45 [DETECT] inference took 0.34s
16:16:46 [DETECT] inference took 0.33s
16:16:47 [DETECT] inference took 0.33s
16:16:48 [DETECT] inference took 0.36s
16:16:49 [DETECT] inference took 0.25s
16:16:50 [DETECT] inference took 0.25s
16:16:51 [DETECT] inference took 0.22s
16:16:52 [DETECT] inference took 0.23s
16:16:53 [DETECT] inference took 0.22s
16:16:54 [DETECT] inference took 0.22s
16:16:55 [DETECT] inference took 0.25s
16:16:56 [DETECT] inference took 0.30s
16:16:57 [DETECT] inference took 0.30s
16:16:58 [DETECT] inference took 0.22s
16:16:59 [DETECT] inference took 0.25s
16:17:00 [DETECT] inference took 0.20s
16:17:01 [DETECT] inference took 0.22s
16:17:02 [DETECT] inference took 0.22s
16:17:03 [DETECT] inference took 0.22s
16:17:04 [DETECT] inference took 0.20s
16:17:05 [DETECT] inference took 0.20s
16:17:06 [DETECT] inference took 0.20s
16:17:07 [DETECT] inference took 0.20s
16:17:08 [DETECT] inference took 0.20s
16:17:09 [DETECT] inference took 0.20s
16:17:10 [DETECT] inference took 0.20s
16:17:11 [DETECT] inference took 0.20s
16:17:12 [DETECT] inference took 0.20s
16:17:13 [DETECT] inference took 0.20s
16:17:14 [DETECT] inference took 0.20s
16:17:15 [DETECT] inference took 0.20s
16:17:16 [DETECT] inference took 0.20s
16:17:17 [DETECT] inference took 0.19s
16:17:18 [DETECT] inference took 0.20s
16:17:19 [DETECT] inference took 0.20s
16:17:20 [DETECT] inference took 0.20s
16:17:21 [DETECT] inference took 0.20s
16:17:22 [DETECT] inference took 0.20s
16:17:23 [DETECT] inference took 0.20s
16:17:24 [DETECT] inference took 0.20s
16:17:25 [DETECT] inference took 0.19s
16:17:26 [DETECT] inference took 0.20s
16:17:27 [DETECT] inference took 0.20s
16:17:28 [VIDEO] cap.read() failed, reconnecting...
16:17:29 [DETECT] inference took 0.20s
16:17:30 [DETECT] inference took 0.20s
16:17:30 [VIDEO] opening capture: 'rtsp://administrator:123456@169.254.50.189/rtsp/defaultPrimary?streamType=u'
16:17:36 [VIDEO] capture opened successfully
16:17:36 [DETECT] inference took 0.20s
16:17:37 [DETECT] inference took 0.20s
16:17:38 [DETECT] inference took 0.20s
16:17:39 [DETECT] inference took 0.20s
16:17:40 [DETECT] inference took 0.20s
16:17:41 [DETECT] inference took 0.22s
16:17:42 [DETECT] inference took 0.20s
16:17:43 [DETECT] inference took 0.20s
16:17:44 [DETECT] inference took 0.20s
16:17:45 [DETECT] inference took 0.20s
16:17:46 [DETECT] inference took 0.22s
16:17:46 [DETECT] inference took 0.22s
16:17:47 [DETECT] inference took 0.20s
16:17:48 [DETECT] inference took 0.20s
16:17:49 [DETECT] inference took 0.20s
16:17:50 [DETECT] inference took 0.20s
16:17:51 [DETECT] inference took 0.20s
16:17:52 [DETECT] inference took 0.20s
16:17:53 [DETECT] inference took 0.20s
16:17:54 [DETECT] inference took 0.20s
16:17:55 [DETECT] inference took 0.20s
16:17:56 [DETECT] inference took 0.20s
16:17:57 [DETECT] inference took 0.20s
16:17:58 [DETECT] inference took 0.22s
16:17:59 [DETECT] inference took 0.19s
16:18:00 [DETECT] inference took 0.22s
16:18:01 [DETECT] inference took 0.20s
16:18:02 [DETECT] inference took 0.20s
16:18:03 [DETECT] inference took 0.20s
16:18:04 [DETECT] inference took 0.20s
16:18:05 [DETECT] inference took 0.19s
16:18:06 [DETECT] inference took 0.20s
16:18:07 [DETECT] inference took 0.20s
16:18:08 [DETECT] inference took 0.20s
16:18:09 [DETECT] inference took 0.20s
16:18:10 [DETECT] inference took 0.22s
16:18:11 [DETECT] inference took 0.20s
16:18:12 [DETECT] inference took 0.23s
16:18:13 [DETECT] inference took 0.20s
16:18:14 [DETECT] inference took 0.20s
16:18:15 [DETECT] inference took 0.20s
16:18:16 [DETECT] inference took 0.20s
16:18:17 [DETECT] inference took 0.20s
16:18:18 [DETECT] inference took 0.20s
16:18:19 [DETECT] inference took 0.20s
16:18:20 [DETECT] inference took 0.20s
16:18:21 [DETECT] inference took 0.20s
16:18:22 [DETECT] inference took 0.23s
16:18:23 [DETECT] inference took 0.20s
16:18:24 [DETECT] inference took 0.20s
16:18:25 [DETECT] inference took 0.20s
16:18:26 [DETECT] inference took 0.20s
16:18:27 [DETECT] inference took 0.20s
16:18:28 [DETECT] inference took 0.20s
16:18:29 [DETECT] inference took 0.20s
16:18:30 [DETECT] inference took 0.20s
16:18:31 [DETECT] inference took 0.20s
16:18:32 [DETECT] inference took 0.20s
16:18:33 [DETECT] inference took 0.20s
16:18:34 [DETECT] inference took 0.20s
16:18:35 [DETECT] inference took 0.20s
16:18:36 [DETECT] inference took 0.20s
16:18:37 [DETECT] inference took 0.20s
16:18:38 [DETECT] inference took 0.20s
16:18:39 [DETECT] inference took 0.22s
16:18:40 [DETECT] inference took 0.20s
16:18:41 [DETECT] inference took 0.20s
16:18:42 [DETECT] inference took 0.20s
16:18:43 [DETECT] inference took 0.20s
16:18:44 [DETECT] inference took 0.22s
16:18:45 [DETECT] inference took 0.20s
16:18:46 [DETECT] inference took 0.22s
16:18:47 [DETECT] inference took 0.20s
16:18:48 [DETECT] inference took 0.20s
16:18:49 [DETECT] inference took 0.20s
16:18:50 [DETECT] inference took 0.20s
16:18:51 [DETECT] inference took 0.20s
16:18:52 [DETECT] inference took 0.27s
16:18:53 [DETECT] inference took 0.27s
16:18:54 [DETECT] inference took 0.27s
16:18:55 [DETECT] inference took 0.27s
16:18:56 [DETECT] inference took 0.28s
16:18:57 [DETECT] inference took 0.27s
16:18:58 [DETECT] inference took 0.28s
16:18:59 [DETECT] inference took 0.28s
16:19:00 [DETECT] inference took 0.27s
16:19:01 [DETECT] inference took 0.27s
16:19:02 [DETECT] inference took 0.27s
16:19:03 [DETECT] inference took 0.27s
16:19:04 [DETECT] inference took 0.27s
16:19:05 [DETECT] inference took 0.27s
16:19:06 [DETECT] inference took 0.27s
16:19:07 [DETECT] inference took 0.25s
16:19:08 [DETECT] inference took 0.28s
16:19:09 [DETECT] inference took 0.27s
16:19:10 [DETECT] inference took 0.28s
16:19:11 [DETECT] inference took 0.33s
16:19:12 [DETECT] inference took 0.28s
16:19:13 [DETECT] inference took 0.28s
16:19:14 [DETECT] inference took 0.27s
16:19:15 [DETECT] inference took 0.28s
16:19:16 [DETECT] inference took 0.22s
16:19:17 [DETECT] inference took 0.22s
16:19:18 [DETECT] inference took 0.20s
16:19:19 [DETECT] inference took 0.20s
16:19:20 [DETECT] inference took 0.20s
16:19:21 [DETECT] inference took 0.20s
16:19:22 [DETECT] inference took 0.20s
16:19:23 [DETECT] inference took 0.20s
16:19:24 [DETECT] inference took 0.20s
16:19:25 [DETECT] inference took 0.22s
16:19:26 [DETECT] inference took 0.22s
16:19:27 [DETECT] inference took 0.22s
16:19:28 [DETECT] inference took 0.22s
16:19:29 [DETECT] inference took 0.20s
16:19:30 [DETECT] inference took 0.20s
16:19:31 [DETECT] inference took 0.20s
16:19:32 [DETECT] inference took 0.20s
16:19:33 [DETECT] inference took 0.22s
16:19:34 [DETECT] inference took 0.20s
16:19:35 [DETECT] inference took 0.20s
16:19:36 [DETECT] inference took 0.20s
16:19:37 [DETECT] inference took 0.28s
16:19:37 [DETECT] inference took 0.33s
16:19:38 [DETECT] inference took 0.31s
16:19:39 [DETECT] inference took 0.30s
16:19:40 [DETECT] inference took 0.27s
16:19:41 [DETECT] inference took 0.28s
16:19:42 [DETECT] inference took 0.27s
16:19:43 [DETECT] inference took 0.27s
16:19:44 [DETECT] inference took 0.30s
16:19:45 [DETECT] inference took 0.27s
16:19:46 [DETECT] inference took 0.27s
16:19:47 [DETECT] inference took 0.27s
16:19:48 [DETECT] inference took 0.27s
16:19:49 [DETECT] inference took 0.28s
16:19:50 [DETECT] inference took 0.27s
16:19:51 [DETECT] inference took 0.27s
16:19:52 [DETECT] inference took 0.30s
16:19:53 [DETECT] inference took 0.28s
16:19:54 [DETECT] inference took 0.30s
16:19:55 [DETECT] inference took 0.38s
16:19:56 [DETECT] inference took 0.34s
16:19:57 [DETECT] inference took 0.49s
16:19:58 [DETECT] inference took 0.42s
16:19:59 [DETECT] inference took 0.36s
16:20:00 [DETECT] inference took 0.30s
16:20:01 [DETECT] inference took 0.22s
16:20:02 [DETECT] inference took 0.22s
16:20:03 [DETECT] inference took 0.22s
16:20:04 [DETECT] inference took 0.22s
16:20:05 [DETECT] inference took 0.25s
16:20:06 [DETECT] inference took 0.20s
16:20:07 [DETECT] inference took 0.22s
16:20:08 [DETECT] inference took 0.24s
16:20:09 [DETECT] inference took 0.49s
16:20:10 [DETECT] inference took 0.28s
16:20:11 [DETECT] inference took 0.34s
16:20:12 [DETECT] inference took 0.50s
16:20:13 [DETECT] inference took 0.31s
16:20:14 [DETECT] inference took 0.28s
16:20:15 [DETECT] inference took 0.30s
16:20:16 [DETECT] inference took 0.27s
16:20:17 [DETECT] inference took 0.31s
16:20:18 [DETECT] inference took 0.36s
16:20:19 [DETECT] inference took 0.28s
16:20:20 [DETECT] inference took 0.28s
16:20:21 [DETECT] inference took 0.31s
16:20:22 [DETECT] inference took 0.28s
16:20:23 [DETECT] inference took 0.27s
16:20:24 [DETECT] inference took 0.27s
16:20:25 [DETECT] inference took 0.22s
16:20:26 [DETECT] inference took 0.20s
16:20:27 [DETECT] inference took 0.20s
16:20:28 [DETECT] inference took 0.20s
16:20:29 [DETECT] inference took 0.24s
16:20:30 [DETECT] inference took 0.38s
16:20:31 [DETECT] inference took 0.27s
16:20:32 [DETECT] inference took 0.27s
16:20:33 [DETECT] inference took 0.28s
16:20:34 [DETECT] inference took 0.28s
16:20:35 [DETECT] inference took 0.47s
16:20:36 [DETECT] inference took 0.27s
16:20:37 [DETECT] inference took 0.27s
16:20:38 [DETECT] inference took 0.28s
16:20:39 [DETECT] inference took 0.27s
16:20:40 [DETECT] inference took 0.31s
16:20:41 [DETECT] inference took 0.20s
16:20:42 [DETECT] inference took 0.20s
16:20:43 [DETECT] inference took 0.19s
16:20:44 [DETECT] inference took 0.20s
16:20:45 [DETECT] inference took 0.20s
16:20:46 [DETECT] inference took 0.22s
16:20:47 [DETECT] inference took 0.20s
16:20:48 [DETECT] inference took 0.25s
16:20:49 [DETECT] inference took 0.26s
16:20:50 [DETECT] inference took 0.26s
16:20:51 [DETECT] inference took 0.30s
16:20:52 [DETECT] inference took 0.26s
16:20:53 [DETECT] inference took 0.20s
16:20:54 [DETECT] inference took 0.20s
16:20:55 [DETECT] inference took 0.22s
16:20:56 [DETECT] inference took 0.39s
16:20:57 [DETECT] inference took 0.25s
16:20:58 [DETECT] inference took 0.28s
16:20:59 [DETECT] inference took 0.26s
16:21:00 [DETECT] inference took 0.28s
16:21:01 [DETECT] inference took 0.31s
16:21:02 [DETECT] inference took 0.20s
16:21:03 [DETECT] inference took 0.20s
16:21:04 [DETECT] inference took 0.20s
16:21:05 [DETECT] inference took 0.20s
16:21:06 [DETECT] inference took 0.20s
16:21:07 [DETECT] inference took 0.20s
16:21:08 [DETECT] inference took 0.20s
16:21:09 [DETECT] inference took 0.20s
16:21:10 [DETECT] inference took 0.20s
16:21:11 [DETECT] inference took 0.20s
16:21:12 [DETECT] inference took 0.20s
16:21:13 [DETECT] inference took 0.20s
16:21:14 [DETECT] inference took 0.20s
16:21:15 [DETECT] inference took 0.20s
16:21:16 [DETECT] inference took 0.20s
16:21:17 [DETECT] inference took 0.20s
16:21:18 [DETECT] inference took 0.20s
16:21:19 [DETECT] inference took 0.20s
16:21:20 [DETECT] inference took 0.20s
16:21:21 [DETECT] inference took 0.20s
16:21:22 [DETECT] inference took 0.20s
16:21:23 [DETECT] inference took 0.20s
16:21:24 [DETECT] inference took 0.20s
16:21:25 [DETECT] inference took 0.20s
16:21:26 [DETECT] inference took 0.20s
16:21:27 [DETECT] inference took 0.31s
16:21:28 [DETECT] inference took 0.30s
16:21:29 [DETECT] inference took 0.28s
16:21:30 [DETECT] inference took 0.28s
16:21:31 [DETECT] inference took 0.28s
16:21:32 [DETECT] inference took 0.45s
16:21:33 [DETECT] inference took 0.31s
16:21:34 [DETECT] inference took 0.28s
16:21:35 [DETECT] inference took 0.28s
16:21:36 [DETECT] inference took 0.28s
16:21:37 [DETECT] inference took 0.31s
16:21:38 [DETECT] inference took 0.28s
16:21:39 [DETECT] inference took 0.30s
16:21:40 [DETECT] inference took 0.28s
16:21:41 [DETECT] inference took 0.28s
16:21:42 [DETECT] inference took 0.41s
16:21:43 [DETECT] inference took 0.31s
16:21:44 [DETECT] inference took 0.34s
16:21:45 [DETECT] inference took 0.25s
16:21:46 [DETECT] inference took 0.33s
16:21:47 [DETECT] inference took 0.30s
16:21:48 [DETECT] inference took 0.33s
16:21:49 [DETECT] inference took 0.33s
16:21:50 [DETECT] inference took 0.33s
16:21:50 [DETECT] inference took 0.34s
16:21:51 [DETECT] inference took 0.31s
16:21:51 [DETECT] inference took 0.33s
16:21:52 [DETECT] inference took 0.36s
16:21:52 [DETECT] inference took 0.41s
16:21:53 [DETECT] inference took 0.53s
16:21:54 [DETECT] inference took 0.34s
16:21:54 [DETECT] inference took 0.30s
16:21:54 [DETECT] inference took 0.34s
16:21:55 [DETECT] inference took 0.30s
16:21:55 [DETECT] inference took 0.31s
16:21:56 [DETECT] inference took 0.30s
16:21:56 [DETECT] inference took 0.34s
16:21:57 [DETECT] inference took 0.31s
16:21:57 [DETECT] inference took 0.38s
16:21:58 [DETECT] inference took 0.52s
16:21:59 [DETECT] inference took 0.36s
16:21:59 [DETECT] inference took 0.33s
16:21:59 [DETECT] inference took 0.34s
16:22:00 [DETECT] inference took 0.31s
16:22:00 [DETECT] inference took 0.33s
16:22:01 [DETECT] inference took 0.27s
16:22:01 [DETECT] inference took 0.33s
16:22:02 [DETECT] inference took 0.30s
16:22:02 [DETECT] inference took 0.38s
16:22:03 [DETECT] inference took 0.31s
16:22:03 [DETECT] inference took 0.31s
16:22:04 [DETECT] inference took 0.28s
16:22:04 [DETECT] inference took 0.31s
16:22:05 [DETECT] inference took 0.30s
16:22:05 [DETECT] inference took 0.31s
16:22:06 [DETECT] inference took 0.31s
16:22:06 [DETECT] inference took 0.34s
16:22:07 [DETECT] inference took 0.33s
16:22:07 [DETECT] inference took 0.33s
16:22:08 [DETECT] inference took 0.31s
16:22:08 [DETECT] inference took 0.33s
16:22:09 [DETECT] inference took 0.28s
16:22:09 [DETECT] inference took 0.33s
16:22:10 [DETECT] inference took 0.30s
16:22:10 [DETECT] inference took 0.42s
16:22:11 [DETECT] inference took 0.56s
16:22:12 [DETECT] inference took 0.34s
16:22:13 [DETECT] inference took 0.41s
16:22:13 [DETECT] inference took 0.31s
16:22:14 [DETECT] inference took 0.41s
16:22:15 [DETECT] inference took 0.33s
16:22:16 [DETECT] inference took 0.25s
16:22:17 [DETECT] inference took 0.34s
16:22:18 [DETECT] inference took 0.25s
16:22:19 [DETECT] inference took 0.23s
16:22:20 [DETECT] inference took 0.22s
16:22:21 [DETECT] inference took 0.25s
16:22:22 [DETECT] inference took 0.25s
16:22:23 [DETECT] inference took 0.24s
16:22:24 [DETECT] inference took 0.24s
16:22:25 [DETECT] inference took 0.25s
16:22:26 [DETECT] inference took 0.25s
16:22:27 [DETECT] inference took 0.27s
16:22:28 [DETECT] inference took 0.22s
16:22:29 [DETECT] inference took 0.22s
16:22:30 [DETECT] inference took 0.24s
16:22:31 [DETECT] inference took 0.22s
16:22:32 [DETECT] inference took 0.25s
16:22:33 [DETECT] inference took 0.22s
16:22:34 [DETECT] inference took 0.33s
16:22:35 [DETECT] inference took 0.36s
16:22:36 [DETECT] inference took 0.34s
16:22:37 [DETECT] inference took 0.48s
16:22:38 [DETECT] inference took 0.28s
16:22:39 [DETECT] inference took 0.28s
16:22:40 [DETECT] inference took 0.33s
16:22:41 [DETECT] inference took 0.33s
16:22:42 [DETECT] inference took 0.59s
16:22:43 [DETECT] inference took 0.42s
16:22:43 [DETECT] inference took 0.34s
16:22:44 [DETECT] inference took 0.33s
16:22:45 [DETECT] inference took 0.33s
16:22:46 [DETECT] inference took 0.38s
16:22:46 [DETECT] inference took 0.30s
16:22:47 [DETECT] inference took 0.33s
16:22:48 [DETECT] inference took 0.31s
16:22:49 [DETECT] inference took 0.33s
16:22:50 [DETECT] inference took 0.33s
16:22:51 [DETECT] inference took 0.33s
16:22:52 [DETECT] inference took 0.38s
16:22:53 [DETECT] inference took 0.31s
16:22:54 [DETECT] inference took 0.38s
16:22:55 [DETECT] inference took 0.36s
16:22:56 [DETECT] inference took 0.34s
16:22:57 [DETECT] inference took 0.33s
16:22:58 [DETECT] inference took 0.49s
16:22:59 [DETECT] inference took 0.39s
16:23:00 [DETECT] inference took 0.22s
16:23:01 [DETECT] inference took 0.20s
16:23:02 [DETECT] inference took 0.20s
16:23:03 [DETECT] inference took 0.33s
16:23:04 [DETECT] inference took 0.20s
16:23:05 [DETECT] inference took 0.20s
16:23:06 [DETECT] inference took 0.20s
16:23:07 [DETECT] inference took 0.20s
16:23:08 [DETECT] inference took 0.20s
16:23:09 [DETECT] inference took 0.22s
16:23:10 [DETECT] inference took 0.20s
16:23:11 [DETECT] inference took 0.22s
16:23:12 [DETECT] inference took 0.20s
16:23:13 [DETECT] inference took 0.20s
16:23:14 [DETECT] inference took 0.22s
16:23:15 [DETECT] inference took 0.22s
16:23:16 [DETECT] inference took 0.22s
16:23:17 [DETECT] inference took 0.22s
16:23:18 [DETECT] inference took 0.22s
16:23:19 [DETECT] inference took 0.28s
16:23:20 [DETECT] inference took 0.31s
16:23:21 [DETECT] inference took 0.31s
16:23:22 [DETECT] inference took 0.31s
16:23:23 [DETECT] inference took 0.30s
16:23:24 [DETECT] inference took 0.30s
16:23:25 [DETECT] inference took 0.30s
16:23:26 [DETECT] inference took 0.30s
16:23:27 [DETECT] inference took 0.31s
16:23:28 [DETECT] inference took 0.28s
16:23:29 [DETECT] inference took 0.41s
16:23:30 [DETECT] inference took 0.33s
16:23:31 [DETECT] inference took 0.31s
16:23:32 [DETECT] inference took 0.30s
16:23:33 [DETECT] inference took 0.28s
16:23:34 [DETECT] inference took 0.50s
16:23:35 [DETECT] inference took 0.28s
16:23:36 [DETECT] inference took 0.30s
16:23:37 [DETECT] inference took 0.31s
16:23:38 [DETECT] inference took 0.30s
16:23:39 [DETECT] inference took 0.31s
16:23:40 [DETECT] inference took 0.34s
16:23:41 [DETECT] inference took 0.31s
16:23:42 [DETECT] inference took 0.30s
16:23:43 [DETECT] inference took 0.33s
16:23:44 [DETECT] inference took 0.25s
16:23:45 [DETECT] inference took 0.22s
16:23:46 [DETECT] inference took 0.22s
16:23:47 [DETECT] inference took 0.20s
16:23:48 [DETECT] inference took 0.20s
16:23:49 [DETECT] inference took 0.22s
16:23:50 [DETECT] inference took 0.20s
16:23:51 [DETECT] inference took 0.20s
16:23:52 [DETECT] inference took 0.22s
16:23:53 [DETECT] inference took 0.19s
16:23:54 [DETECT] inference took 0.20s
16:23:55 [DETECT] inference took 0.25s
16:23:56 [DETECT] inference took 0.20s
16:23:57 [DETECT] inference took 0.22s
16:23:58 [DETECT] inference took 0.22s
16:23:59 [DETECT] inference took 0.22s
16:24:00 [DETECT] inference took 0.33s
16:24:01 [DETECT] inference took 0.20s
16:24:02 [DETECT] inference took 0.20s
16:24:03 [DETECT] inference took 0.20s
16:24:04 [DETECT] inference took 0.20s
16:24:05 [DETECT] inference took 0.49s
16:24:06 [DETECT] inference took 0.27s
16:24:07 [DETECT] inference took 0.28s
16:24:08 [DETECT] inference took 0.28s
16:24:09 [DETECT] inference took 0.27s
16:24:10 [DETECT] inference took 0.28s
16:24:11 [DETECT] inference took 0.31s
16:24:12 [DETECT] inference took 0.20s
16:24:13 [DETECT] inference took 0.20s
16:24:14 [DETECT] inference took 0.20s
16:24:15 [DETECT] inference took 0.20s
16:24:16 [DETECT] inference took 0.22s
16:24:17 [DETECT] inference took 0.20s
16:24:18 [DETECT] inference took 0.20s
16:24:19 [DETECT] inference took 0.27s
16:24:20 [DETECT] inference took 0.28s
16:24:21 [DETECT] inference took 0.44s
16:24:22 [DETECT] inference took 0.30s
16:24:23 [DETECT] inference took 0.28s
16:24:24 [DETECT] inference took 0.28s
16:24:25 [DETECT] inference took 0.20s
16:24:26 [DETECT] inference took 0.33s
16:24:27 [DETECT] inference took 0.31s
16:24:28 [DETECT] inference took 0.33s
16:24:29 [DETECT] inference took 0.31s
16:24:30 [DETECT] inference took 0.30s
16:24:31 [DETECT] inference took 0.47s
16:24:32 [DETECT] inference took 0.33s
16:24:33 [DETECT] inference took 0.33s
16:24:34 [DETECT] inference took 0.31s
16:24:35 [DETECT] inference took 0.30s
16:24:36 [DETECT] inference took 0.31s
16:24:37 [DETECT] inference took 0.31s
16:24:38 [DETECT] inference took 0.33s
16:24:39 [DETECT] inference took 0.30s
16:24:40 [DETECT] inference took 0.31s
16:24:41 [DETECT] inference took 0.30s
16:24:42 [DETECT] inference took 0.31s
16:24:43 [DETECT] inference took 0.30s
16:24:44 [DETECT] inference took 0.30s
16:24:45 [DETECT] inference took 0.31s
16:24:46 [DETECT] inference took 0.30s
16:24:47 [DETECT] inference took 0.39s
16:24:48 [DETECT] inference took 0.30s
16:24:49 [DETECT] inference took 0.34s
16:24:49 [DETECT] inference took 0.30s
16:24:50 [DETECT] inference took 0.26s
16:24:51 [DETECT] inference took 0.30s
16:24:53 [DETECT] inference took 0.48s
16:24:53 [DETECT] inference took 0.26s
16:24:54 [DETECT] inference took 0.28s
16:24:55 [DETECT] inference took 0.25s
16:24:56 [DETECT] inference took 0.25s
16:24:57 [DETECT] inference took 0.27s
16:24:58 [DETECT] inference took 0.28s
16:24:59 [DETECT] inference took 0.27s
16:25:00 [DETECT] inference took 0.27s
16:25:01 [DETECT] inference took 0.27s
16:25:02 [DETECT] inference took 0.30s
16:25:03 [DETECT] inference took 0.27s
16:25:04 [DETECT] inference took 0.27s
16:25:05 [DETECT] inference took 0.27s
16:25:06 [DETECT] inference took 0.27s
16:25:07 [DETECT] inference took 0.27s
16:25:08 [DETECT] inference took 0.28s
16:25:09 [DETECT] inference took 0.33s
16:25:10 [DETECT] inference took 0.31s
16:25:11 [DETECT] inference took 0.23s
16:25:12 [DETECT] inference took 0.22s
16:25:13 [DETECT] inference took 0.25s
16:25:14 [DETECT] inference took 0.22s
16:25:15 [DETECT] inference took 0.20s
16:25:16 [DETECT] inference took 0.22s
16:25:17 [DETECT] inference took 0.22s
16:25:18 [DETECT] inference took 0.34s
16:25:19 [DETECT] inference took 0.22s
16:25:20 [DETECT] inference took 0.22s
16:25:21 [DETECT] inference took 0.22s
16:25:22 [DETECT] inference took 0.20s
16:25:23 [DETECT] inference took 0.20s
16:25:24 [DETECT] inference took 0.22s
16:25:25 [DETECT] inference took 0.20s
16:25:26 [DETECT] inference took 0.20s
16:25:27 [DETECT] inference took 0.22s
16:25:28 [DETECT] inference took 0.20s
16:25:29 [DETECT] inference took 0.23s
16:25:30 [DETECT] inference took 0.22s
16:25:31 [DETECT] inference took 0.25s
16:25:32 [DETECT] inference took 0.25s
16:25:33 [DETECT] inference took 0.20s
16:25:34 [DETECT] inference took 0.22s
16:25:35 [DETECT] inference took 0.22s
16:25:36 [DETECT] inference took 0.20s
16:25:37 [DETECT] inference took 0.22s
16:25:38 [DETECT] inference took 0.22s
16:25:39 [DETECT] inference took 0.23s
16:25:40 [DETECT] inference took 0.23s
16:25:41 [DETECT] inference took 0.22s
16:25:42 [DETECT] inference took 0.22s
16:25:43 [DETECT] inference took 0.22s
16:25:44 [DETECT] inference took 0.44s
16:25:45 [DETECT] inference took 0.23s
16:25:46 [DETECT] inference took 0.20s
16:25:47 [DETECT] inference took 0.20s
16:25:48 [DETECT] inference took 0.22s
16:25:49 [DETECT] inference took 0.33s
16:25:50 [DETECT] inference took 0.20s
16:25:51 [DETECT] inference took 0.20s
16:25:52 [DETECT] inference took 0.22s
16:25:53 [DETECT] inference took 0.22s
16:25:54 [DETECT] inference took 0.22s
16:25:55 [DETECT] inference took 0.22s
16:25:56 [DETECT] inference took 0.22s
16:25:57 [DETECT] inference took 0.22s
16:25:58 [DETECT] inference took 0.22s
16:25:59 [DETECT] inference took 0.20s
16:26:00 [DETECT] inference took 0.23s
16:26:00 [DETECT] inference took 0.20s
16:26:01 [DETECT] inference took 0.22s
16:26:02 [DETECT] inference took 0.22s
16:26:03 [DETECT] inference took 0.20s
16:26:04 [DETECT] inference took 0.20s
16:26:05 [DETECT] inference took 0.20s
16:26:06 [DETECT] inference took 0.20s
16:26:07 [DETECT] inference took 0.20s
16:26:08 [DETECT] inference took 0.20s
16:26:09 [DETECT] inference took 0.20s
16:26:10 [DETECT] inference took 0.20s
16:26:11 [DETECT] inference took 0.22s
16:26:12 [DETECT] inference took 0.20s
16:26:13 [DETECT] inference took 0.20s
16:26:14 [DETECT] inference took 0.20s
16:26:15 [DETECT] inference took 0.22s
16:26:16 [DETECT] inference took 0.22s
16:26:17 [DETECT] inference took 0.20s
16:26:18 [DETECT] inference took 0.20s
16:26:19 [DETECT] inference took 0.20s
16:26:21 [DETECT] inference took 0.31s
16:26:21 [DETECT] inference took 0.20s
16:26:22 [DETECT] inference took 0.22s
16:26:23 [DETECT] inference took 0.22s
16:26:24 [DETECT] inference took 0.20s
16:26:25 [DETECT] inference took 0.28s
16:26:26 [DETECT] inference took 0.20s
16:26:27 [DETECT] inference took 0.20s
16:26:28 [DETECT] inference took 0.20s
16:26:29 [DETECT] inference took 0.20s
16:26:30 [DETECT] inference took 0.20s
16:26:31 [DETECT] inference took 0.22s
16:26:32 [DETECT] inference took 0.20s
16:26:33 [DETECT] inference took 0.20s
16:26:34 [DETECT] inference took 0.19s
16:26:35 [DETECT] inference took 0.20s
16:26:36 [DETECT] inference took 0.20s
16:26:37 [DETECT] inference took 0.20s
16:26:38 [DETECT] inference took 0.20s
16:26:39 [DETECT] inference took 0.20s
16:26:40 [DETECT] inference took 0.20s
16:26:41 [DETECT] inference took 0.20s
16:26:42 [DETECT] inference took 0.19s
16:26:43 [DETECT] inference took 0.20s
16:26:44 [DETECT] inference took 0.20s
16:26:45 [DETECT] inference took 0.20s
16:26:46 [DETECT] inference took 0.20s
16:26:47 [DETECT] inference took 0.20s
16:26:48 [DETECT] inference took 0.20s
16:26:49 [DETECT] inference took 0.20s
16:26:50 [DETECT] inference took 0.20s
16:26:52 [DETECT] inference took 0.33s
16:26:52 [DETECT] inference took 0.24s
16:26:53 [DETECT] inference took 0.27s
16:26:55 [DETECT] inference took 0.28s
16:26:55 [DETECT] inference took 0.20s
16:26:56 [DETECT] inference took 0.27s
16:26:57 [DETECT] inference took 0.20s
16:26:58 [DETECT] inference took 0.20s
16:26:59 [DETECT] inference took 0.20s
16:27:00 [DETECT] inference took 0.20s
16:27:01 [DETECT] inference took 0.22s
16:27:02 [DETECT] inference took 0.20s
16:27:03 [DETECT] inference took 0.20s
16:27:04 [DETECT] inference took 0.28s
16:27:06 [DETECT] inference took 0.30s
16:27:07 [DETECT] inference took 0.30s
16:27:07 [DETECT] inference took 0.28s
16:27:09 [DETECT] inference took 0.26s
16:27:10 [DETECT] inference took 0.28s
16:27:11 [DETECT] inference took 0.30s
16:27:12 [DETECT] inference took 0.27s
16:27:13 [DETECT] inference took 0.27s
16:27:14 [DETECT] inference took 0.27s
16:27:15 [DETECT] inference took 0.25s
16:27:15 [DETECT] inference took 0.25s
16:27:17 [DETECT] inference took 0.27s
16:27:18 [DETECT] inference took 0.36s
16:27:19 [DETECT] inference took 0.28s
16:27:20 [DETECT] inference took 0.27s
16:27:21 [DETECT] inference took 0.28s
16:27:22 [DETECT] inference took 0.27s
16:27:23 [DETECT] inference took 0.44s
16:27:24 [DETECT] inference took 0.27s
16:27:25 [DETECT] inference took 0.31s
16:27:26 [DETECT] inference took 0.30s
16:27:27 [DETECT] inference took 0.28s
16:27:28 [DETECT] inference took 0.30s
16:27:29 [DETECT] inference took 0.25s
16:27:29 [DETECT] inference took 0.20s
16:27:30 [DETECT] inference took 0.20s
16:27:31 [DETECT] inference took 0.20s
16:27:32 [DETECT] inference took 0.20s
16:27:33 [DETECT] inference took 0.20s
16:27:34 [DETECT] inference took 0.20s
16:27:35 [DETECT] inference took 0.22s
16:27:36 [DETECT] inference took 0.20s
16:27:37 [DETECT] inference took 0.20s
16:27:38 [DETECT] inference took 0.22s
16:27:39 [DETECT] inference took 0.20s
16:27:40 [DETECT] inference took 0.20s
16:27:41 [DETECT] inference took 0.20s
16:27:42 [DETECT] inference took 0.20s
16:27:43 [DETECT] inference took 0.20s
16:27:44 [DETECT] inference took 0.20s
16:27:45 [DETECT] inference took 0.20s
16:27:46 [DETECT] inference took 0.20s
16:27:47 [DETECT] inference took 0.20s
16:27:49 [DETECT] inference took 0.33s
16:27:49 [DETECT] inference took 0.22s
16:27:51 [DETECT] inference took 0.28s
16:27:52 [DETECT] inference took 0.26s
16:27:53 [DETECT] inference took 0.28s
16:27:54 [DETECT] inference took 0.45s
16:27:55 [DETECT] inference took 0.26s
16:27:56 [DETECT] inference took 0.28s
16:27:57 [DETECT] inference took 0.28s
16:27:58 [DETECT] inference took 0.25s
16:27:59 [DETECT] inference took 0.26s
16:28:00 [DETECT] inference took 0.30s
16:28:01 [DETECT] inference took 0.28s
16:28:02 [DETECT] inference took 0.26s
16:28:03 [DETECT] inference took 0.28s
16:28:04 [DETECT] inference took 0.28s
16:28:05 [DETECT] inference took 0.26s
16:28:06 [DETECT] inference took 0.26s
16:28:07 [DETECT] inference took 0.28s
16:28:08 [DETECT] inference took 0.26s
16:28:09 [DETECT] inference took 0.26s
16:28:10 [DETECT] inference took 0.36s
16:28:11 [DETECT] inference took 0.31s
16:28:12 [DETECT] inference took 0.26s
16:28:12 [DETECT] inference took 0.22s
16:28:13 [DETECT] inference took 0.20s
16:28:15 [DETECT] inference took 0.33s
16:28:16 [DETECT] inference took 0.20s
16:28:17 [DETECT] inference took 0.22s
16:28:18 [DETECT] inference took 0.27s
16:28:19 [DETECT] inference took 0.27s
16:28:20 [DETECT] inference took 0.42s
16:28:21 [DETECT] inference took 0.27s
16:28:22 [DETECT] inference took 0.28s
16:28:23 [DETECT] inference took 0.25s
16:28:24 [DETECT] inference took 0.27s
16:28:25 [DETECT] inference took 0.30s
16:28:26 [DETECT] inference took 0.30s
16:28:27 [DETECT] inference took 0.27s
16:28:28 [DETECT] inference took 0.27s
16:28:29 [DETECT] inference took 0.28s
16:28:30 [DETECT] inference took 0.27s
16:28:31 [DETECT] inference took 0.30s
16:28:32 [DETECT] inference took 0.33s
16:28:33 [DETECT] inference took 0.31s
16:28:34 [DETECT] inference took 0.27s
16:28:35 [DETECT] inference took 0.25s
16:28:36 [DETECT] inference took 0.22s
16:28:37 [DETECT] inference took 0.20s
16:28:38 [DETECT] inference took 0.20s
16:28:39 [DETECT] inference took 0.20s
16:28:40 [DETECT] inference took 0.25s
16:28:41 [DETECT] inference took 0.70s
16:28:42 [DETECT] inference took 0.28s
16:28:43 [DETECT] inference took 0.31s
16:28:44 [DETECT] inference took 0.26s
16:28:45 [DETECT] inference took 0.26s
16:28:46 [DETECT] inference took 0.33s
16:28:47 [DETECT] inference took 0.26s
16:28:48 [DETECT] inference took 0.31s
16:28:49 [DETECT] inference took 0.28s
16:28:50 [DETECT] inference took 0.55s
16:28:51 [DETECT] inference took 0.23s
16:28:52 [DETECT] inference took 0.22s
16:28:53 [DETECT] inference took 0.22s
16:28:54 [DETECT] inference took 0.26s
16:28:55 [DETECT] inference took 0.22s
16:28:56 [DETECT] inference took 0.25s
16:28:57 [DETECT] inference took 0.23s
16:28:58 [DETECT] inference took 0.22s
16:28:59 [DETECT] inference took 0.25s
16:29:00 [DETECT] inference took 0.28s
16:29:00 [DETECT] inference took 0.23s
16:29:01 [DETECT] inference took 0.23s
16:29:02 [DETECT] inference took 0.42s
16:29:03 [DETECT] inference took 0.22s
16:29:04 [DETECT] inference took 0.22s
16:29:05 [DETECT] inference took 0.20s
16:29:06 [DETECT] inference took 0.22s
16:29:07 [DETECT] inference took 0.27s
16:29:08 [DETECT] inference took 0.22s
16:29:09 [DETECT] inference took 0.20s
16:29:10 [DETECT] inference took 0.23s
16:29:11 [DETECT] inference took 0.23s
16:29:12 [DETECT] inference took 0.20s
16:29:13 [DETECT] inference took 0.22s
16:29:14 [DETECT] inference took 0.22s
16:29:15 [DETECT] inference took 0.20s
16:29:16 [DETECT] inference took 0.23s
16:29:17 [DETECT] inference took 0.22s
16:29:18 [DETECT] inference took 0.22s
16:29:19 [DETECT] inference took 0.20s
16:29:20 [DETECT] inference took 0.20s
16:29:21 [DETECT] inference took 0.24s
16:29:22 [DETECT] inference took 0.22s
16:29:23 [DETECT] inference took 0.22s
16:29:24 [DETECT] inference took 0.22s
16:29:25 [DETECT] inference took 0.20s
16:29:26 [DETECT] inference took 0.24s
16:29:27 [DETECT] inference took 0.24s
16:29:28 [DETECT] inference took 0.22s
16:29:29 [DETECT] inference took 0.20s
16:29:30 [DETECT] inference took 0.22s
16:29:31 [DETECT] inference took 0.22s
16:29:32 [DETECT] inference took 0.20s
16:29:33 [DETECT] inference took 0.34s
16:29:34 [DETECT] inference took 0.20s
16:29:35 [DETECT] inference took 0.22s
16:29:36 [DETECT] inference took 0.20s
16:29:37 [DETECT] inference took 0.20s
16:29:38 [DETECT] inference took 0.22s
16:29:39 [DETECT] inference took 0.22s
16:29:40 [DETECT] inference took 0.22s
16:29:41 [DETECT] inference took 0.24s
16:29:42 [DETECT] inference took 0.20s
16:29:43 [DETECT] inference took 0.20s
16:29:44 [DETECT] inference took 0.22s
16:29:44 [DETECT] inference took 0.22s
16:29:45 [DETECT] inference took 0.20s
16:29:46 [DETECT] inference took 0.24s
16:29:46 [DETECT] inference took 0.25s
16:29:47 [DETECT] inference took 0.22s
16:29:48 [DETECT] inference took 0.22s
16:29:49 [DETECT] inference took 0.22s
16:29:49 [DETECT] inference took 0.25s
16:29:50 [DETECT] inference took 0.30s
16:29:51 [DETECT] inference took 0.34s
16:29:52 [DETECT] inference took 0.47s
16:29:53 [DETECT] inference took 0.47s
16:29:54 [DETECT] inference took 0.31s
16:29:55 [DETECT] inference took 0.30s
16:29:56 [DETECT] inference took 0.31s
16:29:57 [DETECT] inference took 0.30s
16:29:58 [DETECT] inference took 0.30s
16:29:59 [DETECT] inference took 0.39s
16:30:00 [DETECT] inference took 0.30s
16:30:01 [DETECT] inference took 0.27s
16:30:02 [DETECT] inference took 0.34s
16:30:03 [DETECT] inference took 0.36s
16:30:03 [DETECT] inference took 0.38s
16:30:04 [DETECT] inference took 0.53s
16:30:04 [DETECT] inference took 0.36s
16:30:05 [DETECT] inference took 0.30s
16:30:05 [DETECT] inference took 0.34s
16:30:06 [DETECT] inference took 0.33s
16:30:06 [DETECT] inference took 0.33s
16:30:07 [DETECT] inference took 0.28s
16:30:07 [DETECT] inference took 0.36s
16:30:08 [DETECT] inference took 0.28s
16:30:08 [DETECT] inference took 0.34s
16:30:09 [DETECT] inference took 0.30s
16:30:09 [DETECT] inference took 0.59s
16:30:10 [DETECT] inference took 0.39s
16:30:10 [DETECT] inference took 0.34s
16:30:11 [DETECT] inference took 0.34s
16:30:11 [DETECT] inference took 0.34s
16:30:12 [DETECT] inference took 0.31s
16:30:12 [DETECT] inference took 0.36s
16:30:13 [DETECT] inference took 0.28s
16:30:13 [DETECT] inference took 0.34s
16:30:14 [DETECT] inference took 0.30s
16:30:14 [DETECT] inference took 0.41s
16:30:15 [DETECT] inference took 0.31s
16:30:15 [DETECT] inference took 0.33s
16:30:16 [DETECT] inference took 0.34s
16:30:16 [DETECT] inference took 0.33s
16:30:17 [DETECT] inference took 0.39s
16:30:17 [DETECT] inference took 0.50s
16:30:18 [DETECT] inference took 0.30s
16:30:18 [DETECT] inference took 0.33s
16:30:19 [DETECT] inference took 0.28s
16:30:19 [DETECT] inference took 0.31s
16:30:20 [DETECT] inference took 0.30s
16:30:20 [DETECT] inference took 0.50s
16:30:21 [DETECT] inference took 0.25s
16:30:21 [DETECT] inference took 0.23s
16:30:22 [DETECT] inference took 0.20s
16:30:22 [DETECT] inference took 0.23s
16:30:23 [DETECT] inference took 0.30s
16:30:23 [DETECT] inference took 0.31s
16:30:24 [DETECT] inference took 0.36s
16:30:24 [DETECT] inference took 0.55s
16:30:25 [DETECT] inference took 0.62s
16:30:26 [DETECT] inference took 0.67s
16:30:26 [DETECT] inference took 0.72s
16:30:27 [DETECT] inference took 0.89s
16:30:28 [DETECT] inference took 0.36s
16:30:28 [DETECT] inference took 0.41s
16:30:29 [DETECT] inference took 0.22s
16:30:29 [DETECT] inference took 0.25s
16:30:30 [DETECT] inference took 0.20s
16:30:30 [DETECT] inference took 0.25s
16:30:31 [DETECT] inference took 0.22s
16:30:31 [DETECT] inference took 0.25s
16:30:32 [DETECT] inference took 0.25s
16:30:32 [DETECT] inference took 0.25s
16:30:33 [DETECT] inference took 0.22s
16:30:33 [DETECT] inference took 0.25s
16:30:34 [DETECT] inference took 0.20s
16:30:34 [DETECT] inference took 0.24s
16:30:35 [DETECT] inference took 0.22s
16:30:35 [DETECT] inference took 0.23s
16:30:36 [DETECT] inference took 0.20s
16:30:36 [DETECT] inference took 0.27s
16:30:37 [DETECT] inference took 0.30s
16:30:37 [DETECT] inference took 0.25s
16:30:38 [DETECT] inference took 0.20s
16:30:39 [DETECT] inference took 0.22s
16:30:40 [DETECT] inference took 0.20s
16:30:41 [DETECT] inference took 0.23s
16:30:42 [DETECT] inference took 0.33s
16:30:42 [DETECT] inference took 0.24s
16:30:43 [DETECT] inference took 0.22s
16:30:43 [DETECT] inference took 0.24s
16:30:44 [DETECT] inference took 0.22s
16:30:44 [DETECT] inference took 0.22s
16:30:45 [DETECT] inference took 0.20s
16:30:45 [DETECT] inference took 0.23s
16:30:46 [DETECT] inference took 0.22s
16:30:46 [DETECT] inference took 0.25s
16:30:47 [DETECT] inference took 0.22s
16:30:48 [DETECT] inference took 0.33s
16:30:48 [DETECT] inference took 0.38s
16:30:49 [DETECT] inference took 0.59s
16:30:50 [DETECT] inference took 0.30s
16:30:51 [DETECT] inference took 0.30s
16:30:52 [DETECT] inference took 0.30s
16:30:53 [DETECT] inference took 0.31s
16:30:54 [DETECT] inference took 0.30s
16:30:55 [DETECT] inference took 0.31s
16:30:55 [DETECT] inference took 0.34s
16:30:56 [DETECT] inference took 0.31s
16:30:57 [DETECT] inference took 0.31s
16:30:58 [DETECT] inference took 0.38s
16:30:59 [DETECT] inference took 0.30s
16:31:00 [DETECT] inference took 0.31s
16:31:01 [DETECT] inference took 0.33s
16:31:02 [DETECT] inference took 0.28s
16:31:03 [DETECT] inference took 0.41s
16:31:04 [DETECT] inference took 0.28s
16:31:05 [DETECT] inference took 0.30s
16:31:06 [DETECT] inference took 0.30s
16:31:07 [DETECT] inference took 0.30s
16:31:09 [DETECT] inference took 1.12s
16:31:09 [DETECT] inference took 0.69s
16:31:11 [DETECT] inference took 0.97s
16:31:11 [DETECT] inference took 0.69s
16:31:12 [DETECT] inference took 0.41s
16:31:14 [DETECT] inference took 1.66s
16:31:15 [DETECT] inference took 0.80s
16:31:16 [DETECT] inference took 0.31s
16:31:17 [DETECT] inference took 0.49s
16:31:18 [DETECT] inference took 0.27s
16:31:19 [DETECT] inference took 0.34s
16:31:20 [DETECT] inference took 1.02s
16:31:21 [DETECT] inference took 0.80s
16:31:22 [DETECT] inference took 0.66s
16:31:23 [DETECT] inference took 0.86s
16:31:24 [DETECT] inference took 0.64s
16:31:25 [DETECT] inference took 0.89s
16:31:26 [DETECT] inference took 0.58s
16:31:27 [DETECT] inference took 0.58s
16:31:28 [DETECT] inference took 0.86s
16:31:29 [DETECT] inference took 0.31s
16:31:29 [DETECT] inference took 0.22s
16:31:31 [DETECT] inference took 0.25s
16:31:31 [DETECT] inference took 0.20s
16:31:33 [DETECT] inference took 0.33s
16:31:34 [DETECT] inference took 0.38s
16:31:35 [DETECT] inference took 0.33s
16:31:36 [DETECT] inference took 0.44s
16:31:37 [DETECT] inference took 0.31s
16:31:38 [DETECT] inference took 0.30s
16:31:39 [DETECT] inference took 0.30s
16:31:40 [DETECT] inference took 0.39s
16:31:41 [DETECT] inference took 0.52s
16:31:42 [DETECT] inference took 0.31s
16:31:43 [DETECT] inference took 0.31s
16:31:44 [DETECT] inference took 0.31s
16:31:45 [DETECT] inference took 0.28s
16:31:46 [DETECT] inference took 0.31s
16:31:47 [DETECT] inference took 0.41s
16:31:48 [DETECT] inference took 0.28s
16:31:49 [DETECT] inference took 0.28s
16:31:50 [DETECT] inference took 0.28s
16:31:51 [DETECT] inference took 0.26s
16:31:52 [DETECT] inference took 0.31s
16:31:53 [DETECT] inference took 0.33s
16:31:54 [DETECT] inference took 0.36s
16:31:55 [DETECT] inference took 0.36s
16:31:56 [DETECT] inference took 0.34s
16:31:57 [DETECT] inference took 0.41s
16:31:58 [DETECT] inference took 0.50s
16:31:59 [DETECT] inference took 0.41s
16:32:00 [DETECT] inference took 0.41s
16:32:01 [DETECT] inference took 0.38s
16:32:02 [DETECT] inference took 0.39s
16:32:03 [DETECT] inference took 0.34s
16:32:04 [DETECT] inference took 0.42s
16:32:05 [DETECT] inference took 0.33s
16:32:06 [DETECT] inference took 0.36s
16:32:07 [DETECT] inference took 0.38s
16:32:08 [DETECT] inference took 0.39s
16:32:09 [DETECT] inference took 0.39s
16:32:09 [DETECT] inference took 0.41s
16:32:09 [DETECT] rejected drone candidate (confidence=0.49) -- overlaps a confidently-classified non-drone object
16:32:10 [DETECT] inference took 0.38s
16:32:10 [DETECT] inference took 0.41s
16:32:10 [DETECT] rejected drone candidate (confidence=0.28) -- overlaps a confidently-classified non-drone object
16:32:11 [DETECT] inference took 0.38s
16:32:11 [DETECT] inference took 0.44s
16:32:11 [DETECT] rejected drone candidate (confidence=0.38) -- overlaps a confidently-classified non-drone object
16:32:12 [DETECT] inference took 0.36s
16:32:12 [DETECT] inference took 0.38s
16:32:12 [DETECT] rejected drone candidate (confidence=0.61) -- overlaps a confidently-classified non-drone object
16:32:13 [DETECT] inference took 0.36s
16:32:13 [DETECT] inference took 0.47s
16:32:13 [DETECT] rejected drone candidate (confidence=0.61) -- overlaps a confidently-classified non-drone object
16:32:14 [DETECT] inference took 0.34s
16:32:14 [DETECT] inference took 0.38s
16:32:15 [DETECT] inference took 0.34s
16:32:16 [DETECT] inference took 0.33s
16:32:17 [DETECT] inference took 0.36s
16:32:17 [DETECT] inference took 0.38s
16:32:18 [DETECT] inference took 0.36s
16:32:18 [DETECT] inference took 0.42s
16:32:18 [DETECT] rejected drone candidate (confidence=0.48) -- overlaps a confidently-classified non-drone object
16:32:19 [DETECT] inference took 0.36s
16:32:19 [DETECT] inference took 0.36s
16:32:20 [DETECT] inference took 0.33s
16:32:20 [DETECT] inference took 0.34s
16:32:20 [DETECT] rejected drone candidate (confidence=0.36) -- overlaps a confidently-classified non-drone object
16:32:21 [DETECT] inference took 0.33s
16:32:21 [DETECT] inference took 0.33s
16:32:21 [DETECT] rejected drone candidate (confidence=0.40) -- same region was rejected moments ago (memory)
16:32:22 [DETECT] inference took 0.33s
16:32:22 [DETECT] inference took 0.36s
16:32:22 [DETECT] rejected drone candidate (confidence=0.40) -- same region was rejected moments ago (memory)
16:32:23 [DETECT] inference took 0.38s
16:32:23 [DETECT] inference took 0.41s
16:32:23 [DETECT] rejected drone candidate (confidence=0.43) -- overlaps a confidently-classified non-drone object
16:32:24 [DETECT] inference took 0.22s
16:32:24 [DETECT] inference took 0.30s
16:32:24 [DETECT] rejected drone candidate (confidence=0.47) -- overlaps a confidently-classified non-drone object
16:32:25 [DETECT] inference took 0.38s
16:32:26 [DETECT] inference took 0.41s
16:32:26 [DETECT] inference took 0.42s
16:32:27 [DETECT] inference took 0.41s
16:32:28 [DETECT] inference took 0.36s
16:32:28 [DETECT] inference took 0.38s
16:32:29 [DETECT] inference took 0.42s
16:32:29 [DETECT] inference took 0.39s
16:32:29 [DETECT] rejected drone candidate (confidence=0.65) -- overlaps a confidently-classified non-drone object
16:32:30 [DETECT] inference took 0.38s
16:32:30 [DETECT] inference took 0.34s
16:32:31 [DETECT] inference took 0.38s
16:32:31 [DETECT] inference took 0.41s
16:32:32 [DETECT] inference took 0.31s
16:32:32 [DETECT] inference took 0.38s
16:32:33 [DETECT] inference took 0.31s
16:32:33 [DETECT] inference took 0.36s
16:32:34 [DETECT] inference took 0.31s
16:32:34 [DETECT] inference took 0.39s
16:32:34 [DETECT] rejected drone candidate (confidence=0.31) -- overlaps a confidently-classified non-drone object
16:32:35 [DETECT] inference took 0.36s
16:32:35 [DETECT] inference took 0.36s
16:32:35 [DETECT] rejected drone candidate (confidence=0.34) -- same region was rejected moments ago (memory)
16:32:36 [DETECT] inference took 0.30s
16:32:36 [DETECT] inference took 0.27s
16:32:36 [DETECT] rejected drone candidate (confidence=0.34) -- overlaps a confidently-classified non-drone object
16:32:37 [DETECT] inference took 0.25s
16:32:37 [DETECT] inference took 0.36s
16:32:37 [DETECT] rejected drone candidate (confidence=0.32) -- overlaps a confidently-classified non-drone object
16:32:38 [DETECT] inference took 0.22s
16:32:38 [DETECT] inference took 0.23s
16:32:38 [DETECT] rejected drone candidate (confidence=0.33) -- overlaps a confidently-classified non-drone object
16:32:39 [DETECT] inference took 0.24s
16:32:39 [DETECT] inference took 0.28s
16:32:39 [DETECT] rejected drone candidate (confidence=0.33) -- overlaps a confidently-classified non-drone object
16:32:40 [DETECT] inference took 0.24s
16:32:40 [DETECT] inference took 0.23s
16:32:40 [DETECT] rejected drone candidate (confidence=0.32) -- overlaps a confidently-classified non-drone object
16:32:41 [DETECT] inference took 0.22s
16:32:41 [DETECT] inference took 0.23s
16:32:41 [DETECT] rejected drone candidate (confidence=0.37) -- same region was rejected moments ago (memory)
16:32:42 [DETECT] inference took 0.25s
16:32:42 [DETECT] inference took 0.27s
16:32:42 [DETECT] rejected drone candidate (confidence=0.35) -- same region was rejected moments ago (memory)
16:32:43 [DETECT] inference took 0.24s
16:32:43 [DETECT] inference took 0.23s
16:32:43 [DETECT] rejected drone candidate (confidence=0.34) -- same region was rejected moments ago (memory)
16:32:44 [DETECT] inference took 0.22s
16:32:44 [DETECT] inference took 0.27s
16:32:44 [DETECT] rejected drone candidate (confidence=0.32) -- same region was rejected moments ago (memory)
16:32:45 [DETECT] inference took 0.24s
16:32:45 [DETECT] inference took 0.23s
16:32:45 [DETECT] rejected drone candidate (confidence=0.32) -- same region was rejected moments ago (memory)
16:32:46 [DETECT] inference took 0.24s
16:32:46 [DETECT] inference took 0.23s
16:32:46 [DETECT] rejected drone candidate (confidence=0.49) -- overlaps a confidently-classified non-drone object
16:32:47 [DETECT] inference took 0.24s
16:32:47 [DETECT] inference took 0.25s
16:32:47 [DETECT] rejected drone candidate (confidence=0.72) -- same region was rejected moments ago (memory)
16:32:48 [DETECT] inference took 0.25s
16:32:48 [DETECT] inference took 0.25s
16:32:48 [DETECT] rejected drone candidate (confidence=0.72) -- same region was rejected moments ago (memory)
16:32:49 [DETECT] inference took 0.34s
16:32:49 [DETECT] inference took 0.39s
16:32:49 [DETECT] rejected drone candidate (confidence=0.49) -- same region was rejected moments ago (memory)
16:32:50 [DETECT] inference took 0.33s
16:32:50 [DETECT] inference took 0.36s
16:32:50 [DETECT] rejected drone candidate (confidence=0.32) -- same region was rejected moments ago (memory)
16:32:51 [DETECT] inference took 0.33s
16:32:51 [DETECT] inference took 0.38s
16:32:51 [DETECT] rejected drone candidate (confidence=0.31) -- same region was rejected moments ago (memory)
16:32:52 [DETECT] inference took 0.34s
16:32:52 [DETECT] inference took 0.34s
16:32:52 [DETECT] rejected drone candidate (confidence=0.32) -- same region was rejected moments ago (memory)
16:32:53 [DETECT] inference took 0.36s
16:32:53 [DETECT] inference took 0.41s
16:32:53 [DETECT] rejected drone candidate (confidence=0.32) -- same region was rejected moments ago (memory)
16:32:54 [DETECT] inference took 0.22s
16:32:54 [DETECT] inference took 0.25s
16:32:54 [DETECT] rejected drone candidate (confidence=0.68) -- same region was rejected moments ago (memory)
16:32:55 [DETECT] inference took 0.22s
16:32:55 [DETECT] inference took 0.25s
16:32:55 [DETECT] rejected drone candidate (confidence=0.68) -- same region was rejected moments ago (memory)
16:32:56 [DETECT] inference took 0.24s
16:32:56 [DETECT] inference took 0.26s
16:32:57 [DETECT] inference took 0.24s
16:32:57 [DETECT] inference took 0.26s
16:32:58 [DETECT] inference took 0.22s
16:32:58 [DETECT] inference took 0.23s
16:32:59 [DETECT] inference took 0.22s
16:32:59 [DETECT] inference took 0.25s
16:33:00 [DETECT] inference took 0.24s
16:33:00 [DETECT] inference took 0.25s
16:33:01 [DETECT] inference took 0.20s
16:33:01 [TRACK] box=(49, 280, 1532, 975) confidence=0.68 gap_since_previous=0.00s
16:33:01 [TRACK] offset_x=-0.18 offset_y=0.16 box_ratio=0.497 (target=0.08) -> pan=-0.18 tilt=-0.16 zoom=-0.20
16:33:01 [DETECT] inference took 0.31s
16:33:01 [TRACK] box=(48, 281, 1536, 978) confidence=0.67 gap_since_previous=0.17s
16:33:01 [TRACK] offset_x=-0.17 offset_y=0.17 box_ratio=0.500 (target=0.08) -> pan=-0.17 tilt=-0.17 zoom=-0.20
16:33:02 [DETECT] inference took 0.53s
16:33:02 [TRACK] box=(49, 281, 1541, 979) confidence=0.67 gap_since_previous=0.91s
16:33:02 [TRACK] offset_x=-0.17 offset_y=0.17 box_ratio=0.502 (target=0.08) -> pan=-0.17 tilt=-0.17 zoom=-0.20
16:33:03 [DETECT] inference took 0.45s
16:33:03 [TRACK] box=(193, 257, 1527, 872) confidence=0.74 gap_since_previous=0.94s
16:33:03 [TRACK] offset_x=-0.10 offset_y=0.05 box_ratio=0.396 (target=0.08) -> pan=0.00 tilt=0.00 zoom=-0.20
16:33:04 [DETECT] inference took 0.44s
16:33:04 [TRACK] box=(363, 228, 1557, 759) confidence=0.77 gap_since_previous=0.97s
16:33:04 [TRACK] offset_x=0.00 offset_y=-0.09 box_ratio=0.306 (target=0.08) -> pan=0.00 tilt=0.00 zoom=-0.20
16:33:05 [DETECT] inference took 0.42s
16:33:05 [TRACK] box=(443, 273, 1526, 754) confidence=0.75 gap_since_previous=0.95s
16:33:05 [TRACK] offset_x=0.03 offset_y=-0.05 box_ratio=0.251 (target=0.08) -> pan=0.00 tilt=0.00 zoom=-0.20
16:33:06 [DETECT] inference took 0.39s
16:33:06 [TRACK] box=(514, 317, 1423, 701) confidence=0.66 gap_since_previous=0.99s
16:33:06 [TRACK] offset_x=0.01 offset_y=-0.06 box_ratio=0.168 (target=0.08) -> pan=0.00 tilt=0.00 zoom=-0.20
16:33:07 [DETECT] inference took 0.44s
16:33:07 [TRACK] box=(574, 337, 1355, 919) confidence=0.34 gap_since_previous=1.05s
16:33:07 [TRACK] offset_x=0.00 offset_y=0.16 box_ratio=0.219 (target=0.08) -> pan=0.00 tilt=-0.16 zoom=-0.20
16:33:08 [DETECT] inference took 0.42s
16:33:08 [TRACK] box=(611, 367, 1315, 640) confidence=0.63 gap_since_previous=1.00s
16:33:08 [TRACK] offset_x=0.00 offset_y=-0.07 box_ratio=0.093 (target=0.08) -> pan=0.00 tilt=0.00 zoom=0.00
16:33:09 [DETECT] inference took 0.36s
16:33:09 [TRACK] box=(668, 310, 1220, 531) confidence=0.54 gap_since_previous=0.94s
16:33:09 [TRACK] offset_x=-0.02 offset_y=-0.22 box_ratio=0.059 (target=0.08) -> pan=0.00 tilt=0.22 zoom=0.00
16:33:10 [DETECT] inference took 0.45s
16:33:10 [TRACK] box=(661, 344, 1244, 608) confidence=0.52 gap_since_previous=1.09s
16:33:10 [TRACK] offset_x=-0.01 offset_y=-0.12 box_ratio=0.074 (target=0.08) -> pan=0.00 tilt=0.00 zoom=0.00
16:33:11 [DETECT] inference took 0.39s
16:33:11 [TRACK] box=(663, 438, 1222, 689) confidence=0.51 gap_since_previous=0.92s
16:33:11 [TRACK] offset_x=-0.02 offset_y=0.04 box_ratio=0.068 (target=0.08) -> pan=0.00 tilt=0.00 zoom=0.00
16:33:12 [DETECT] inference took 0.38s
16:33:12 [TRACK] box=(660, 437, 1221, 683) confidence=0.56 gap_since_previous=1.03s
16:33:12 [TRACK] offset_x=-0.02 offset_y=0.04 box_ratio=0.067 (target=0.08) -> pan=0.00 tilt=0.00 zoom=0.00
16:33:13 [DETECT] inference took 0.33s
16:33:13 [TRACK] box=(656, 439, 1229, 682) confidence=0.56 gap_since_previous=0.91s
16:33:13 [TRACK] offset_x=-0.02 offset_y=0.04 box_ratio=0.067 (target=0.08) -> pan=0.00 tilt=0.00 zoom=0.00
16:33:14 [DETECT] inference took 0.39s
16:33:14 [TRACK] box=(661, 440, 1228, 680) confidence=0.57 gap_since_previous=1.06s
16:33:14 [TRACK] offset_x=-0.02 offset_y=0.04 box_ratio=0.066 (target=0.08) -> pan=0.00 tilt=0.00 zoom=0.00
16:33:15 [DETECT] inference took 0.36s
16:33:15 [TRACK] box=(658, 437, 1231, 679) confidence=0.57 gap_since_previous=0.97s
16:33:15 [TRACK] offset_x=-0.02 offset_y=0.03 box_ratio=0.067 (target=0.08) -> pan=0.00 tilt=0.00 zoom=0.00
16:33:16 [DETECT] inference took 0.23s
16:33:16 [TRACK] box=(662, 439, 1234, 677) confidence=0.58 gap_since_previous=0.89s
16:33:16 [TRACK] offset_x=-0.01 offset_y=0.03 box_ratio=0.066 (target=0.08) -> pan=0.00 tilt=0.00 zoom=0.00
16:33:17 [DETECT] inference took 0.23s
16:33:17 [TRACK] box=(663, 439, 1232, 677) confidence=0.59 gap_since_previous=1.03s
16:33:17 [TRACK] offset_x=-0.01 offset_y=0.03 box_ratio=0.065 (target=0.08) -> pan=0.00 tilt=0.00 zoom=0.00
16:33:18 [DETECT] inference took 0.22s
16:33:18 [TRACK] box=(663, 439, 1232, 677) confidence=0.60 gap_since_previous=0.97s
16:33:18 [TRACK] offset_x=-0.01 offset_y=0.03 box_ratio=0.065 (target=0.08) -> pan=0.00 tilt=0.00 zoom=0.00
16:33:19 [DETECT] inference took 0.23s
16:33:19 [TRACK] box=(662, 438, 1228, 679) confidence=0.56 gap_since_previous=1.02s
16:33:19 [TRACK] offset_x=-0.02 offset_y=0.03 box_ratio=0.066 (target=0.08) -> pan=0.00 tilt=0.00 zoom=0.00
16:33:20 [DETECT] inference took 0.23s
16:33:20 [TRACK] box=(661, 439, 1221, 679) confidence=0.57 gap_since_previous=1.01s
16:33:20 [TRACK] offset_x=-0.02 offset_y=0.04 box_ratio=0.065 (target=0.08) -> pan=0.00 tilt=0.00 zoom=0.00
16:33:21 [DETECT] inference took 0.22s
16:33:21 [TRACK] box=(661, 439, 1218, 678) confidence=0.56 gap_since_previous=0.97s
16:33:21 [TRACK] offset_x=-0.02 offset_y=0.03 box_ratio=0.064 (target=0.08) -> pan=0.00 tilt=0.00 zoom=0.00
16:33:22 [DETECT] inference took 0.23s
16:33:22 [TRACK] box=(662, 440, 1218, 678) confidence=0.56 gap_since_previous=1.03s
16:33:22 [TRACK] offset_x=-0.02 offset_y=0.04 box_ratio=0.064 (target=0.08) -> pan=0.00 tilt=0.00 zoom=0.00
16:33:23 [DETECT] inference took 0.39s
16:33:23 [TRACK] box=(658, 439, 1223, 670) confidence=0.54 gap_since_previous=1.17s
16:33:23 [TRACK] offset_x=-0.02 offset_y=0.03 box_ratio=0.063 (target=0.08) -> pan=0.00 tilt=0.00 zoom=0.00
16:33:24 [DETECT] inference took 0.45s
16:33:25 [DETECT] inference took 0.42s
16:33:26 [DETECT] inference took 0.38s
16:33:26 [TRACK] target lost -- no qualifying detection for 3.00s (timeout=3.0s)
16:33:26 [AUTONOMY] scan -> waypoint 0 pan=-1.00 tilt=-0.11 speed=0.60
16:33:27 [DETECT] inference took 0.38s
16:33:27 [AUTONOMY] waypoint 0 reached after 1.3s (arrived=True)
16:33:28 [DETECT] inference took 0.33s
16:33:28 [AUTONOMY] scan -> waypoint 1 pan=1.00 tilt=-0.11 speed=0.60
16:33:29 [DETECT] inference took 0.36s
16:33:29 [AUTONOMY] waypoint 1 reached after 0.4s (arrived=True)
16:33:30 [DETECT] inference took 0.31s
16:33:30 [AUTONOMY] scan -> waypoint 2 pan=1.00 tilt=0.20 speed=0.60
16:33:31 [DETECT] inference took 0.30s
16:33:31 [AUTONOMY] waypoint 2 reached after 0.8s (arrived=True)
16:33:32 [DETECT] inference took 0.34s
16:33:32 [AUTONOMY] scan -> waypoint 3 pan=-1.00 tilt=0.20 speed=0.60
16:33:33 [AUTONOMY] waypoint 3 reached after 0.4s (arrived=True)
16:33:33 [DETECT] inference took 0.30s
16:33:34 [DETECT] inference took 0.34s
16:33:34 [AUTONOMY] scan -> waypoint 4 pan=-1.00 tilt=0.51 speed=0.60
16:33:35 [AUTONOMY] waypoint 4 reached after 0.8s (arrived=True)
16:33:35 [DETECT] inference took 0.36s
16:33:36 [DETECT] inference took 0.31s
16:33:36 [AUTONOMY] scan -> waypoint 5 pan=1.00 tilt=0.51 speed=0.60
16:33:36 [AUTONOMY] waypoint 5 reached after 0.4s (arrived=True)
16:33:37 [DETECT] inference took 0.31s
16:33:38 [AUTONOMY] scan -> waypoint 0 pan=-1.00 tilt=-0.11 speed=0.60
16:33:38 [DETECT] inference took 0.30s
16:33:39 [DETECT] inference took 0.33s
16:33:39 [AUTONOMY] waypoint 0 reached after 1.3s (arrived=True)
16:33:40 [DETECT] inference took 0.30s
16:33:40 [AUTONOMY] scan -> waypoint 1 pan=1.00 tilt=-0.11 speed=0.60
16:33:40 [AUTONOMY] waypoint 1 reached after 0.4s (arrived=True)
16:33:41 [DETECT] inference took 0.31s
16:33:42 [AUTONOMY] scan -> waypoint 2 pan=1.00 tilt=0.20 speed=0.60
16:33:42 [DETECT] inference took 0.34s
16:33:42 [AUTONOMY] waypoint 2 reached after 0.8s (arrived=True)
16:33:43 [DETECT] inference took 0.36s
16:33:44 [AUTONOMY] scan -> waypoint 3 pan=-1.00 tilt=0.20 speed=0.60
16:33:44 [DETECT] inference took 0.36s
16:33:44 [AUTONOMY] waypoint 3 reached after 0.4s (arrived=True)
16:33:45 [DETECT] inference took 0.28s
16:33:45 [AUTONOMY] scan -> waypoint 4 pan=-1.00 tilt=0.51 speed=0.60
16:33:46 [DETECT] inference took 0.39s
16:33:46 [AUTONOMY] waypoint 4 reached after 0.8s (arrived=True)
16:33:47 [DETECT] inference took 0.34s
16:33:47 [AUTONOMY] scan -> waypoint 5 pan=1.00 tilt=0.51 speed=0.60
16:33:48 [DETECT] inference took 0.33s
16:33:48 [AUTONOMY] waypoint 5 reached after 0.4s (arrived=True)
16:33:49 [DETECT] inference took 0.30s
16:33:49 [AUTONOMY] scan -> waypoint 0 pan=-1.00 tilt=-0.11 speed=0.60
16:33:50 [DETECT] inference took 0.36s
16:33:50 [AUTONOMY] waypoint 0 reached after 1.2s (arrived=True)
16:33:51 [DETECT] inference took 0.34s
16:33:52 [AUTONOMY] scan -> waypoint 1 pan=1.00 tilt=-0.11 speed=0.60
16:33:52 [DETECT] inference took 0.30s
16:33:52 [AUTONOMY] waypoint 1 reached after 0.4s (arrived=True)
16:33:53 [DETECT] inference took 0.26s
16:33:53 [AUTONOMY] scan -> waypoint 2 pan=1.00 tilt=0.20 speed=0.60
16:33:54 [DETECT] inference took 0.28s
16:33:54 [AUTONOMY] waypoint 2 reached after 0.8s (arrived=True)
16:33:55 [DETECT] inference took 0.36s
16:33:55 [AUTONOMY] scan -> waypoint 3 pan=-1.00 tilt=0.20 speed=0.60
16:33:56 [AUTONOMY] waypoint 3 reached after 0.4s (arrived=True)
16:33:56 [DETECT] inference took 0.48s
16:33:57 [DETECT] inference took 0.31s
16:33:57 [AUTONOMY] scan -> waypoint 4 pan=-1.00 tilt=0.51 speed=0.60
16:33:58 [AUTONOMY] waypoint 4 reached after 0.8s (arrived=True)
16:33:58 [DETECT] inference took 0.42s
16:33:59 [DETECT] inference took 0.34s
16:33:59 [AUTONOMY] scan -> waypoint 5 pan=1.00 tilt=0.51 speed=0.60
16:33:59 [AUTONOMY] waypoint 5 reached after 0.4s (arrived=True)
16:34:00 [DETECT] inference took 0.34s
16:34:01 [AUTONOMY] scan -> waypoint 0 pan=-1.00 tilt=-0.11 speed=0.60
16:34:01 [DETECT] inference took 0.36s
16:34:02 [DETECT] inference took 0.36s
16:34:03 [DETECT] inference took 0.34s
16:34:04 [DETECT] inference took 0.41s
16:34:05 [DETECT] inference took 0.31s
16:34:06 [DETECT] inference took 0.39s
16:34:07 [DETECT] inference took 0.38s
16:34:08 [DETECT] inference took 0.45s
16:34:09 [DETECT] inference took 0.36s
16:34:10 [DETECT] inference took 0.33s
16:34:10 [DETECT] inference took 0.42s
16:34:11 [DETECT] inference took 0.34s
16:34:11 [DETECT] inference took 0.34s
16:34:12 [DETECT] inference took 0.33s
16:34:12 [DETECT] inference took 0.34s
16:34:13 [DETECT] inference took 0.34s
16:34:13 [DETECT] inference took 0.39s
16:34:14 [DETECT] inference took 0.31s
16:34:15 [DETECT] inference took 0.31s
16:34:16 [DETECT] inference took 0.30s
16:34:16 [DETECT] inference took 0.38s
16:34:17 [DETECT] inference took 0.34s
16:34:17 [DETECT] inference took 0.31s
16:34:18 [DETECT] inference took 0.24s
16:34:18 [DETECT] inference took 0.26s
16:34:19 [DETECT] inference took 0.24s
16:34:19 [DETECT] inference took 0.26s
16:34:20 [DETECT] inference took 0.36s
16:34:20 [DETECT] inference took 0.39s
16:34:20 [AUTONOMY] investigating (candidate confidence=0.30)
16:34:21 [DETECT] inference took 0.58s
16:34:22 [DETECT] inference took 0.33s
16:34:22 [DETECT] inference took 0.38s
16:34:22 [AUTONOMY] investigate zoom in (attempt 1/4, confidence=0.28, box_ratio=0.035)
16:34:23 [DETECT] inference took 0.41s
16:34:23 [DETECT] inference took 0.50s
16:34:24 [DETECT] inference took 0.36s
16:34:24 [AUTONOMY] investigation ended (candidate vanished) after 3.5s, zoom_attempts=1
16:34:25 [AUTONOMY] scan -> waypoint 0 pan=-0.20 tilt=-0.04 speed=0.60
16:34:25 [DETECT] inference took 0.38s
16:34:25 [AUTONOMY] waypoint 0 reached after 0.8s (arrived=True)
16:34:26 [DETECT] inference took 0.36s
16:34:27 [AUTONOMY] scan -> waypoint 1 pan=0.40 tilt=-0.04 speed=0.60
16:34:27 [DETECT] inference took 0.31s
16:34:28 [DETECT] inference took 0.34s
16:34:28 [AUTONOMY] waypoint 1 reached after 1.3s (arrived=True)
16:34:29 [DETECT] inference took 0.30s
16:34:29 [AUTONOMY] scan -> waypoint 2 pan=0.40 tilt=0.08 speed=0.60
16:34:30 [DETECT] inference took 0.34s
16:34:30 [AUTONOMY] waypoint 2 reached after 0.8s (arrived=True)
16:34:31 [DETECT] inference took 0.36s
16:34:31 [AUTONOMY] scan -> waypoint 3 pan=-0.20 tilt=0.08 speed=0.60
16:34:32 [DETECT] inference took 0.36s
16:34:33 [AUTONOMY] waypoint 3 reached after 1.3s (arrived=True)
16:34:33 [DETECT] inference took 0.36s
16:34:34 [AUTONOMY] scan -> waypoint 4 pan=-0.20 tilt=0.20 speed=0.60
16:34:34 [DETECT] inference took 0.38s
16:34:35 [AUTONOMY] waypoint 4 reached after 0.8s (arrived=True)
16:34:35 [DETECT] inference took 0.39s
16:34:36 [AUTONOMY] scan -> waypoint 5 pan=0.40 tilt=0.20 speed=0.60
16:34:36 [DETECT] inference took 0.36s
16:34:36 [DETECT] inference took 0.41s
16:34:37 [AUTONOMY] investigating (candidate confidence=0.28)
16:34:37 [DETECT] inference took 0.44s
16:34:37 [AUTONOMY] investigation ended (candidate vanished) after 0.7s, zoom_attempts=0
16:34:37 [AUTONOMY] scan -> waypoint 5 pan=0.40 tilt=0.20 speed=0.60
16:34:38 [AUTONOMY] waypoint 5 reached after 0.8s (arrived=True)
16:34:38 [DETECT] inference took 0.36s
16:34:38 [DETECT] inference took 0.41s
16:34:38 [AUTONOMY] investigating (candidate confidence=0.38)
16:34:39 [DETECT] inference took 0.38s
16:34:40 [DETECT] inference took 0.33s
16:34:40 [AUTONOMY] investigation ended (candidate vanished) after 1.5s, zoom_attempts=0
16:34:40 [AUTONOMY] scan -> waypoint 0 pan=-0.20 tilt=-0.04 speed=0.60
16:34:41 [DETECT] inference took 0.42s
16:34:41 [AUTONOMY] waypoint 0 reached after 1.3s (arrived=True)
16:34:42 [DETECT] inference took 0.36s
16:34:42 [AUTONOMY] scan -> waypoint 1 pan=0.40 tilt=-0.04 speed=0.60
16:34:43 [DETECT] inference took 0.31s
16:34:44 [AUTONOMY] waypoint 1 reached after 1.2s (arrived=True)
16:34:44 [DETECT] inference took 0.45s
16:34:45 [DETECT] inference took 0.33s
16:34:45 [AUTONOMY] scan -> waypoint 2 pan=0.40 tilt=0.08 speed=0.60
16:34:46 [AUTONOMY] waypoint 2 reached after 0.9s (arrived=True)
16:34:46 [DETECT] inference took 0.39s
16:34:47 [DETECT] inference took 0.42s
16:34:47 [AUTONOMY] scan -> waypoint 3 pan=-0.20 tilt=0.08 speed=0.60
16:34:48 [DETECT] inference took 0.41s
16:34:48 [AUTONOMY] waypoint 3 reached after 1.3s (arrived=True)
16:34:49 [DETECT] inference took 0.38s
16:34:50 [AUTONOMY] scan -> waypoint 4 pan=-0.20 tilt=0.20 speed=0.60
16:34:50 [DETECT] inference took 0.36s
16:34:50 [AUTONOMY] waypoint 4 reached after 0.8s (arrived=True)
16:34:51 [DETECT] inference took 0.38s
16:34:51 [DETECT] inference took 0.34s
16:34:51 [AUTONOMY] investigating (candidate confidence=0.48)
16:34:52 [DETECT] inference took 0.36s
16:34:52 [AUTONOMY] investigation ended (candidate vanished) after 0.6s, zoom_attempts=0
16:34:52 [AUTONOMY] scan -> waypoint 5 pan=0.40 tilt=0.20 speed=0.60
16:34:53 [DETECT] inference took 0.44s
16:34:53 [AUTONOMY] waypoint 5 reached after 1.3s (arrived=True)
16:34:54 [DETECT] inference took 0.34s
16:34:54 [AUTONOMY] scan -> waypoint 0 pan=-0.20 tilt=-0.04 speed=0.60
16:34:55 [DETECT] inference took 0.31s
16:34:56 [AUTONOMY] waypoint 0 reached after 1.2s (arrived=True)
16:34:56 [DETECT] inference took 0.38s
16:34:57 [DETECT] inference took 0.31s
16:34:57 [AUTONOMY] scan -> waypoint 1 pan=0.40 tilt=-0.04 speed=0.60
16:34:58 [DETECT] inference took 0.36s
16:34:58 [AUTONOMY] waypoint 1 reached after 1.2s (arrived=True)
16:34:59 [DETECT] inference took 0.34s
16:34:59 [AUTONOMY] scan -> waypoint 2 pan=0.40 tilt=0.08 speed=0.60
16:35:00 [DETECT] inference took 0.28s
16:35:00 [AUTONOMY] waypoint 2 reached after 0.8s (arrived=True)
16:35:01 [DETECT] inference took 0.36s
16:35:02 [AUTONOMY] scan -> waypoint 3 pan=-0.20 tilt=0.08 speed=0.60
16:35:02 [DETECT] inference took 0.31s
16:35:03 [AUTONOMY] waypoint 3 reached after 1.2s (arrived=True)
16:35:03 [DETECT] inference took 0.38s
16:35:03 [DETECT] inference took 0.52s
16:35:03 [AUTONOMY] investigating (candidate confidence=0.57)
16:35:04 [DETECT] inference took 0.52s
16:35:05 [DETECT] inference took 0.47s
16:35:05 [DETECT] inference took 0.38s
16:35:05 [AUTONOMY] investigation ended (candidate vanished) after 1.4s, zoom_attempts=0
16:35:05 [AUTONOMY] scan -> waypoint 4 pan=-0.20 tilt=0.20 speed=0.60
16:35:06 [AUTONOMY] waypoint 4 reached after 0.9s (arrived=True)
16:35:06 [DETECT] inference took 0.39s
16:35:07 [DETECT] inference took 0.38s
16:35:07 [AUTONOMY] scan -> waypoint 5 pan=0.40 tilt=0.20 speed=0.60
16:35:08 [DETECT] inference took 0.38s
16:35:08 [AUTONOMY] waypoint 5 reached after 1.2s (arrived=True)
16:35:09 [DETECT] inference took 0.36s
16:35:09 [AUTONOMY] scan -> waypoint 0 pan=-0.20 tilt=-0.04 speed=0.60
16:35:10 [DETECT] inference took 0.31s
16:35:11 [AUTONOMY] waypoint 0 reached after 1.2s (arrived=True)
16:35:11 [DETECT] inference took 0.34s
16:35:12 [DETECT] inference took 0.31s
16:35:12 [AUTONOMY] scan -> waypoint 1 pan=0.40 tilt=-0.04 speed=0.60
16:35:13 [DETECT] inference took 0.33s
16:35:13 [AUTONOMY] waypoint 1 reached after 1.3s (arrived=True)
16:35:14 [DETECT] inference took 0.36s
16:35:14 [AUTONOMY] scan -> waypoint 2 pan=0.40 tilt=0.08 speed=0.60
16:35:15 [DETECT] inference took 0.28s
16:35:15 [AUTONOMY] waypoint 2 reached after 0.8s (arrived=True)
16:35:16 [DETECT] inference took 0.33s
16:35:17 [AUTONOMY] scan -> waypoint 3 pan=-0.20 tilt=0.08 speed=0.60
16:35:17 [DETECT] inference took 0.33s
16:35:18 [AUTONOMY] waypoint 3 reached after 1.3s (arrived=True)
16:35:18 [DETECT] inference took 0.41s
16:35:19 [DETECT] inference took 0.33s
16:35:19 [AUTONOMY] scan -> waypoint 4 pan=-0.20 tilt=0.20 speed=0.60
16:35:20 [AUTONOMY] waypoint 4 reached after 0.9s (arrived=True)
16:35:20 [DETECT] inference took 0.45s
16:35:20 [DETECT] inference took 0.45s
16:35:21 [AUTONOMY] investigating (candidate confidence=0.34)
16:35:21 [DETECT] inference took 0.33s
16:35:22 [DETECT] inference took 0.31s
16:35:22 [AUTONOMY] investigation ended (candidate vanished) after 1.4s, zoom_attempts=0
16:35:22 [AUTONOMY] scan -> waypoint 5 pan=0.40 tilt=0.20 speed=0.60
16:35:23 [DETECT] inference took 0.39s
16:35:23 [AUTONOMY] waypoint 5 reached after 1.3s (arrived=True)
16:35:24 [DETECT] inference took 0.31s
16:35:24 [AUTONOMY] scan -> waypoint 0 pan=-0.20 tilt=-0.04 speed=0.60
16:35:25 [DETECT] inference took 0.33s
16:35:26 [AUTONOMY] waypoint 0 reached after 1.2s (arrived=True)
16:35:26 [DETECT] inference took 0.36s
16:35:27 [DETECT] inference took 0.33s
16:35:27 [AUTONOMY] scan -> waypoint 1 pan=0.40 tilt=-0.04 speed=0.60
16:35:28 [DETECT] inference took 0.36s
16:35:28 [AUTONOMY] waypoint 1 reached after 1.2s (arrived=True)
16:35:29 [DETECT] inference took 0.36s
16:35:29 [AUTONOMY] scan -> waypoint 2 pan=0.40 tilt=0.08 speed=0.60
16:35:30 [DETECT] inference took 0.28s
16:35:30 [AUTONOMY] waypoint 2 reached after 0.8s (arrived=True)
16:35:31 [DETECT] inference took 0.34s
16:35:31 [AUTONOMY] scan -> waypoint 3 pan=-0.20 tilt=0.08 speed=0.60
16:35:32 [DETECT] inference took 0.28s
16:35:33 [AUTONOMY] waypoint 3 reached after 1.3s (arrived=True)
16:35:33 [DETECT] inference took 0.41s
16:35:33 [DETECT] inference took 0.41s
16:35:33 [AUTONOMY] investigating (candidate confidence=0.27)
16:35:34 [DETECT] inference took 0.34s
16:35:34 [DETECT] inference took 0.39s
16:35:35 [DETECT] inference took 0.38s
16:35:35 [DETECT] inference took 0.36s
16:35:35 [AUTONOMY] investigate zoom in (attempt 1/4, confidence=0.33, box_ratio=0.026)
16:35:36 [DETECT] inference took 0.39s
16:35:37 [DETECT] inference took 0.39s
16:35:37 [DETECT] inference took 0.53s
16:35:38 [DETECT] inference took 0.41s
16:35:38 [TRACK] box=(423, 158, 979, 416) confidence=0.74 gap_since_previous=0.51s
16:35:38 [TRACK] offset_x=-0.27 offset_y=-0.47 box_ratio=0.069 (target=0.08) -> pan=-0.27 tilt=0.30 zoom=0.00
16:35:39 [DETECT] inference took 0.42s
16:35:39 [TRACK] box=(477, 235, 1039, 460) confidence=0.73 gap_since_previous=1.00s
16:35:39 [TRACK] offset_x=-0.21 offset_y=-0.36 box_ratio=0.061 (target=0.08) -> pan=-0.21 tilt=0.30 zoom=0.00
16:35:40 [DETECT] inference took 0.52s
16:35:40 [TRACK] box=(595, 453, 1171, 710) confidence=0.79 gap_since_previous=1.08s
16:35:40 [TRACK] offset_x=-0.08 offset_y=0.08 box_ratio=0.071 (target=0.08) -> pan=0.00 tilt=0.00 zoom=0.00
16:35:41 [DETECT] inference took 0.39s
16:35:41 [TRACK] box=(677, 579, 1252, 853) confidence=0.79 gap_since_previous=0.88s
16:35:41 [TRACK] offset_x=0.00 offset_y=0.33 box_ratio=0.076 (target=0.08) -> pan=0.00 tilt=-0.30 zoom=0.00
16:35:42 [DETECT] inference took 0.44s
16:35:42 [TRACK] box=(676, 524, 1249, 800) confidence=0.75 gap_since_previous=1.05s
16:35:42 [TRACK] offset_x=0.00 offset_y=0.23 box_ratio=0.076 (target=0.08) -> pan=0.00 tilt=-0.23 zoom=0.00
16:35:43 [DETECT] inference took 0.44s
16:35:43 [TRACK] box=(675, 378, 1261, 672) confidence=0.74 gap_since_previous=1.02s
16:35:43 [TRACK] offset_x=0.01 offset_y=-0.03 box_ratio=0.083 (target=0.08) -> pan=0.00 tilt=0.00 zoom=0.00
16:35:44 [DETECT] inference took 0.38s
16:35:44 [TRACK] box=(673, 276, 1252, 570) confidence=0.66 gap_since_previous=0.91s
16:35:44 [TRACK] offset_x=0.00 offset_y=-0.22 box_ratio=0.082 (target=0.08) -> pan=0.00 tilt=0.22 zoom=0.00
16:35:45 [DETECT] inference took 0.42s
16:35:45 [TRACK] box=(670, 304, 1258, 583) confidence=0.73 gap_since_previous=1.06s
16:35:45 [TRACK] offset_x=0.00 offset_y=-0.18 box_ratio=0.079 (target=0.08) -> pan=0.00 tilt=0.18 zoom=0.00
16:35:46 [DETECT] inference took 0.36s
16:35:46 [TRACK] box=(711, 432, 1282, 692) confidence=0.76 gap_since_previous=0.94s
16:35:46 [TRACK] offset_x=0.04 offset_y=0.04 box_ratio=0.072 (target=0.08) -> pan=0.00 tilt=0.00 zoom=0.00
16:35:47 [DETECT] inference took 0.36s
16:35:47 [TRACK] box=(908, 484, 1478, 736) confidence=0.74 gap_since_previous=0.99s
16:35:47 [TRACK] offset_x=0.24 offset_y=0.13 box_ratio=0.069 (target=0.08) -> pan=0.24 tilt=-0.13 zoom=0.00
16:35:48 [DETECT] inference took 0.47s
16:35:48 [TRACK] box=(1191, 469, 1784, 730) confidence=0.73 gap_since_previous=1.11s
16:35:48 [TRACK] offset_x=0.55 offset_y=0.11 box_ratio=0.075 (target=0.08) -> pan=0.30 tilt=0.00 zoom=0.00
16:35:49 [DETECT] inference took 0.38s
16:35:49 [TRACK] box=(1344, 414, 1920, 695) confidence=0.71 gap_since_previous=0.94s
16:35:49 [TRACK] offset_x=0.70 offset_y=0.03 box_ratio=0.078 (target=0.08) -> pan=0.30 tilt=0.00 zoom=0.00
16:35:50 [DETECT] inference took 0.39s
16:35:51 [DETECT] inference took 0.34s
16:35:52 [DETECT] inference took 0.33s
16:35:52 [TRACK] target lost -- no qualifying detection for 3.00s (timeout=3.0s)
16:35:53 [AUTONOMY] scan -> waypoint 4 pan=-0.20 tilt=0.20 speed=0.60
16:35:53 [DETECT] inference took 0.39s
16:35:54 [AUTONOMY] waypoint 4 reached after 0.8s (arrived=True)
16:35:54 [DETECT] inference took 0.34s
16:35:55 [AUTONOMY] scan -> waypoint 5 pan=0.40 tilt=0.20 speed=0.60
16:35:55 [DETECT] inference took 0.33s
16:35:56 [DETECT] inference took 0.38s
16:35:56 [AUTONOMY] waypoint 5 reached after 1.2s (arrived=True)
16:35:57 [DETECT] inference took 0.34s
16:35:57 [AUTONOMY] scan -> waypoint 0 pan=-0.20 tilt=-0.04 speed=0.60
16:35:58 [DETECT] inference took 0.45s
16:35:59 [AUTONOMY] waypoint 0 reached after 1.3s (arrived=True)
16:35:59 [DETECT] inference took 0.64s
16:36:00 [AUTONOMY] scan -> waypoint 1 pan=0.40 tilt=-0.04 speed=0.60
16:36:00 [DETECT] inference took 0.34s
16:36:01 [DETECT] inference took 0.34s
16:36:01 [AUTONOMY] waypoint 1 reached after 1.2s (arrived=True)
16:36:02 [DETECT] inference took 0.33s
16:36:02 [AUTONOMY] scan -> waypoint 2 pan=0.40 tilt=0.08 speed=0.60
16:36:03 [DETECT] inference took 0.38s
16:36:03 [AUTONOMY] waypoint 2 reached after 0.8s (arrived=True)
16:36:04 [DETECT] inference took 0.33s
16:36:04 [AUTONOMY] scan -> waypoint 3 pan=-0.20 tilt=0.08 speed=0.60
16:36:05 [DETECT] inference took 0.38s
16:36:06 [AUTONOMY] waypoint 3 reached after 1.2s (arrived=True)
16:36:06 [DETECT] inference took 0.36s
16:36:07 [AUTONOMY] scan -> waypoint 4 pan=-0.20 tilt=0.20 speed=0.60
16:36:07 [DETECT] inference took 0.30s
16:36:08 [AUTONOMY] waypoint 4 reached after 0.8s (arrived=True)
16:36:08 [DETECT] inference took 0.41s
16:36:08 [DETECT] inference took 0.42s
16:36:08 [AUTONOMY] investigating (candidate confidence=0.33)
16:36:09 [DETECT] inference took 0.34s
16:36:10 [DETECT] inference took 0.31s
16:36:10 [DETECT] inference took 0.34s
16:36:10 [AUTONOMY] investigate zoom in (attempt 1/4, confidence=0.26, box_ratio=0.146)
16:36:11 [DETECT] inference took 0.30s
16:36:12 [DETECT] inference took 0.34s
16:36:12 [DETECT] inference took 0.41s
16:36:12 [AUTONOMY] investigate zoom in (attempt 2/4, confidence=0.31, box_ratio=0.342)
16:36:13 [DETECT] inference took 0.36s
16:36:14 [DETECT] inference took 0.31s
16:36:14 [AUTONOMY] investigation ended (candidate vanished) after 5.5s, zoom_attempts=2
16:36:15 [DETECT] inference took 0.38s
16:36:15 [AUTONOMY] scan -> waypoint 5 pan=0.40 tilt=0.20 speed=0.20
16:36:16 [DETECT] inference took 0.36s
16:36:16 [DETECT] inference took 0.41s
16:36:17 [AUTONOMY] investigating (candidate confidence=0.36)
16:36:17 [DETECT] inference took 0.38s
16:36:17 [DETECT] inference took 0.44s
16:36:18 [DETECT] inference took 0.39s
16:36:18 [AUTONOMY] investigation ended (candidate vanished) after 1.6s, zoom_attempts=0
16:36:18 [AUTONOMY] scan -> waypoint 5 pan=0.40 tilt=0.20 speed=0.20
16:36:19 [DETECT] inference took 0.36s
16:36:19 [AUTONOMY] waypoint 5 reached after 1.3s (arrived=True)
16:36:19 [DETECT] inference took 0.41s
16:36:19 [AUTONOMY] investigating (candidate confidence=0.42)
16:36:20 [DETECT] inference took 0.34s
16:36:20 [AUTONOMY] investigation ended (candidate vanished) after 0.6s, zoom_attempts=0
16:36:21 [AUTONOMY] scan -> waypoint 0 pan=-0.20 tilt=-0.04 speed=0.60
16:36:21 [DETECT] inference took 0.44s
16:36:22 [AUTONOMY] waypoint 0 reached after 1.2s (arrived=True)
16:36:22 [DETECT] inference took 0.38s
16:36:23 [DETECT] inference took 0.38s
16:36:23 [AUTONOMY] scan -> waypoint 5 pan=0.40 tilt=0.20 speed=0.20
16:36:24 [DETECT] inference took 0.42s
16:36:25 [DETECT] inference took 0.39s
16:36:25 [AUTONOMY] waypoint 5 reached after 2.1s (arrived=True)
16:36:25 [DETECT] inference took 0.44s
16:36:25 [AUTONOMY] investigating (candidate confidence=0.70)
16:36:26 [DETECT] inference took 0.33s
16:36:27 [DETECT] inference took 0.33s
16:36:27 [AUTONOMY] investigation ended (candidate vanished) after 1.5s, zoom_attempts=0
16:36:27 [AUTONOMY] scan -> waypoint 0 pan=-0.20 tilt=-0.04 speed=0.60
16:36:28 [DETECT] inference took 0.42s
16:36:28 [AUTONOMY] waypoint 0 reached after 1.3s (arrived=True)
16:36:29 [DETECT] inference took 0.34s
16:36:29 [AUTONOMY] scan -> waypoint 1 pan=0.40 tilt=-0.04 speed=0.60
16:36:30 [DETECT] inference took 0.34s
16:36:31 [AUTONOMY] waypoint 1 reached after 1.2s (arrived=True)
16:36:31 [DETECT] inference took 0.38s
16:36:32 [DETECT] inference took 0.30s
16:36:32 [AUTONOMY] scan -> waypoint 2 pan=0.40 tilt=0.08 speed=0.60
16:36:33 [AUTONOMY] waypoint 2 reached after 0.8s (arrived=True)
16:36:33 [DETECT] inference took 0.52s
16:36:34 [DETECT] inference took 0.31s
16:36:34 [AUTONOMY] scan -> waypoint 3 pan=-0.20 tilt=0.08 speed=0.60
16:36:35 [DETECT] inference took 0.39s
16:36:35 [AUTONOMY] waypoint 3 reached after 1.2s (arrived=True)
16:36:36 [DETECT] inference took 0.34s
16:36:36 [AUTONOMY] scan -> waypoint 4 pan=-0.20 tilt=0.20 speed=0.60
16:36:37 [DETECT] inference took 0.36s
16:36:37 [AUTONOMY] waypoint 4 reached after 0.8s (arrived=True)
16:36:38 [DETECT] inference took 0.39s
16:36:38 [DETECT] inference took 0.41s
16:36:38 [AUTONOMY] investigating (candidate confidence=0.42)
16:36:39 [DETECT] inference took 0.33s
16:36:39 [DETECT] inference took 0.39s
16:36:39 [DETECT] rejected drone candidate (confidence=0.66) -- overlaps a confidently-classified non-drone object
16:36:40 [DETECT] inference took 0.34s
16:36:40 [DETECT] inference took 0.38s
16:36:40 [DETECT] rejected drone candidate (confidence=0.32) -- overlaps a confidently-classified non-drone object
16:36:40 [AUTONOMY] investigation ended (candidate vanished) after 1.9s, zoom_attempts=0
16:36:40 [AUTONOMY] scan -> waypoint 5 pan=0.40 tilt=0.20 speed=0.20
16:36:41 [DETECT] inference took 0.39s
16:36:41 [DETECT] inference took 0.34s
16:36:41 [AUTONOMY] investigating (candidate confidence=0.30)
16:36:42 [DETECT] inference took 0.39s
16:36:42 [AUTONOMY] investigation ended (candidate vanished) after 0.7s, zoom_attempts=0
16:36:42 [AUTONOMY] scan -> waypoint 5 pan=0.40 tilt=0.20 speed=0.20
16:36:43 [DETECT] inference took 0.39s
16:36:43 [AUTONOMY] waypoint 5 reached after 1.3s (arrived=True)
16:36:43 [DETECT] inference took 0.41s
16:36:43 [AUTONOMY] investigating (candidate confidence=0.48)
16:36:44 [DETECT] inference took 0.34s
16:36:45 [DETECT] inference took 0.34s
16:36:45 [AUTONOMY] investigation ended (candidate vanished) after 1.6s, zoom_attempts=0
16:36:45 [AUTONOMY] scan -> waypoint 0 pan=-0.20 tilt=-0.04 speed=0.20
16:36:46 [DETECT] inference took 0.33s
16:36:47 [DETECT] inference took 0.41s
16:36:47 [AUTONOMY] waypoint 0 reached after 2.2s (arrived=True)
16:36:48 [DETECT] inference took 0.34s
16:36:48 [AUTONOMY] scan -> waypoint 5 pan=0.40 tilt=0.20 speed=0.20
16:36:49 [DETECT] inference took 0.42s
16:36:50 [DETECT] inference took 0.34s
16:36:51 [AUTONOMY] waypoint 5 reached after 2.1s (arrived=True)
16:36:51 [DETECT] inference took 0.34s
16:36:52 [AUTONOMY] scan -> waypoint 0 pan=-0.20 tilt=-0.04 speed=0.20
16:36:52 [DETECT] inference took 0.31s
16:36:53 [DETECT] inference took 0.41s
16:36:53 [DETECT] inference took 0.41s
16:36:54 [AUTONOMY] investigating (candidate confidence=0.36)
16:36:54 [DETECT] inference took 0.33s
16:36:54 [DETECT] inference took 0.39s
16:36:54 [DETECT] rejected drone candidate (confidence=0.28) -- overlaps a confidently-classified non-drone object
16:36:55 [DETECT] inference took 0.34s
16:36:55 [AUTONOMY] investigation ended (candidate vanished) after 1.6s, zoom_attempts=0
16:36:55 [AUTONOMY] scan -> waypoint 0 pan=-0.20 tilt=-0.04 speed=0.20
16:36:56 [AUTONOMY] waypoint 0 reached after 0.4s (arrived=True)
16:36:56 [DETECT] inference took 0.47s
16:36:57 [AUTONOMY] scan -> waypoint 1 pan=0.40 tilt=-0.04 speed=0.60
16:36:57 [DETECT] inference took 0.44s
16:36:58 [DETECT] inference took 0.36s
16:36:58 [AUTONOMY] waypoint 1 reached after 1.3s (arrived=True)
16:36:59 [DETECT] inference took 0.28s
16:36:59 [AUTONOMY] scan -> waypoint 0 pan=-0.20 tilt=-0.04 speed=0.20
16:37:00 [DETECT] inference took 0.31s
16:37:01 [DETECT] inference took 0.34s
16:37:01 [AUTONOMY] waypoint 0 reached after 2.1s (arrived=True)
16:37:02 [DETECT] inference took 0.39s
16:37:03 [AUTONOMY] scan -> waypoint 5 pan=0.40 tilt=0.20 speed=0.20
16:37:03 [DETECT] inference took 0.38s
16:37:04 [DETECT] inference took 0.31s
16:37:05 [AUTONOMY] waypoint 5 reached after 2.1s (arrived=True)
16:37:05 [DETECT] inference took 0.36s
16:37:06 [AUTONOMY] scan -> waypoint 0 pan=-0.20 tilt=-0.04 speed=0.60
16:37:06 [DETECT] inference took 0.33s
16:37:07 [DETECT] inference took 0.36s
16:37:07 [AUTONOMY] waypoint 0 reached after 1.2s (arrived=True)
16:37:08 [DETECT] inference took 0.38s
16:37:08 [AUTONOMY] scan -> waypoint 1 pan=0.40 tilt=-0.04 speed=0.60
16:37:09 [DETECT] inference took 0.33s
16:37:10 [AUTONOMY] waypoint 1 reached after 1.2s (arrived=True)
16:37:10 [DETECT] inference took 0.34s
16:37:11 [AUTONOMY] scan -> waypoint 2 pan=0.40 tilt=0.08 speed=0.60
16:37:11 [DETECT] inference took 0.30s
16:37:12 [AUTONOMY] waypoint 2 reached after 0.8s (arrived=True)
16:37:12 [DETECT] inference took 0.36s
16:37:13 [AUTONOMY] scan -> waypoint 3 pan=-0.20 tilt=0.08 speed=0.60
16:37:13 [DETECT] inference took 0.33s
16:37:14 [DETECT] inference took 0.38s
16:37:14 [AUTONOMY] waypoint 3 reached after 1.2s (arrived=True)
16:37:15 [DETECT] inference took 0.33s
16:37:15 [AUTONOMY] scan -> waypoint 4 pan=-0.20 tilt=0.20 speed=0.60
16:37:16 [DETECT] inference took 0.39s
16:37:16 [AUTONOMY] waypoint 4 reached after 0.8s (arrived=True)
16:37:17 [DETECT] inference took 0.34s
16:37:17 [DETECT] inference took 0.42s
16:37:17 [DETECT] rejected drone candidate (confidence=0.51) -- overlaps a confidently-classified non-drone object
16:37:18 [AUTONOMY] scan -> waypoint 5 pan=0.40 tilt=0.20 speed=0.60
16:37:18 [DETECT] inference took 0.39s
16:37:18 [DETECT] inference took 0.42s
16:37:18 [DETECT] rejected drone candidate (confidence=0.67) -- overlaps a confidently-classified non-drone object
16:37:19 [AUTONOMY] waypoint 5 reached after 1.3s (arrived=True)
16:37:19 [DETECT] inference took 0.38s
16:37:20 [DETECT] inference took 0.30s
16:37:20 [AUTONOMY] scan -> waypoint 0 pan=-0.20 tilt=-0.04 speed=0.60
16:37:21 [DETECT] inference took 0.38s
16:37:21 [AUTONOMY] waypoint 0 reached after 1.2s (arrived=True)
16:37:22 [DETECT] inference took 0.36s
16:37:23 [AUTONOMY] scan -> waypoint 1 pan=0.40 tilt=-0.04 speed=0.60
16:37:23 [DETECT] inference took 0.41s
16:37:24 [AUTONOMY] waypoint 1 reached after 1.2s (arrived=True)
16:37:24 [DETECT] inference took 0.49s
16:37:25 [AUTONOMY] scan -> waypoint 2 pan=0.40 tilt=0.08 speed=0.60
16:37:25 [DETECT] inference took 0.33s
16:37:26 [AUTONOMY] waypoint 2 reached after 0.8s (arrived=True)
16:37:26 [DETECT] inference took 0.38s
16:37:27 [DETECT] inference took 0.33s
16:37:27 [AUTONOMY] scan -> waypoint 3 pan=-0.20 tilt=0.08 speed=0.60
16:37:28 [DETECT] inference took 0.39s
16:37:28 [AUTONOMY] waypoint 3 reached after 1.3s (arrived=True)
16:37:29 [DETECT] inference took 0.33s
16:37:29 [DETECT] inference took 0.45s
16:37:29 [AUTONOMY] investigating (candidate confidence=0.48)
16:37:30 [DETECT] inference took 0.36s
16:37:30 [DETECT] inference took 0.41s
16:37:31 [DETECT] inference took 0.34s
16:37:31 [DETECT] inference took 0.34s
16:37:32 [DETECT] inference took 0.33s
16:37:32 [TRACK] box=(839, 254, 1038, 319) confidence=0.69 gap_since_previous=0.62s
16:37:32 [TRACK] offset_x=-0.02 offset_y=-0.47 box_ratio=0.006 (target=0.08) -> pan=0.00 tilt=0.30 zoom=0.20
16:37:33 [DETECT] inference took 0.44s
16:37:34 [DETECT] inference took 0.38s
16:37:34 [TRACK] box=(835, 374, 1029, 436) confidence=0.77 gap_since_previous=2.03s
16:37:34 [TRACK] offset_x=-0.03 offset_y=-0.25 box_ratio=0.006 (target=0.08) -> pan=0.00 tilt=0.25 zoom=0.20
16:37:35 [DETECT] inference took 0.41s
16:37:35 [TRACK] box=(799, 395, 1038, 459) confidence=0.57 gap_since_previous=1.05s
16:37:35 [TRACK] offset_x=-0.04 offset_y=-0.21 box_ratio=0.007 (target=0.08) -> pan=0.00 tilt=0.21 zoom=0.20
16:37:36 [DETECT] inference took 0.38s
16:37:36 [TRACK] box=(853, 492, 1041, 567) confidence=0.74 gap_since_previous=0.95s
16:37:36 [TRACK] offset_x=-0.01 offset_y=-0.02 box_ratio=0.007 (target=0.08) -> pan=0.00 tilt=0.00 zoom=0.20
16:37:37 [DETECT] inference took 0.39s
16:37:37 [TRACK] box=(798, 595, 1044, 684) confidence=0.61 gap_since_previous=1.03s
16:37:37 [TRACK] offset_x=-0.04 offset_y=0.18 box_ratio=0.011 (target=0.08) -> pan=0.00 tilt=-0.18 zoom=0.20
16:37:38 [DETECT] inference took 0.36s
16:37:38 [TRACK] box=(793, 596, 1071, 691) confidence=0.60 gap_since_previous=0.94s
16:37:38 [TRACK] offset_x=-0.03 offset_y=0.19 box_ratio=0.013 (target=0.08) -> pan=0.00 tilt=-0.19 zoom=0.20
16:37:39 [DETECT] inference took 0.36s
16:37:40 [DETECT] inference took 0.36s
16:37:41 [DETECT] inference took 0.34s
16:37:41 [TRACK] target lost -- no qualifying detection for 3.05s (timeout=3.0s)
16:37:42 [DETECT] inference took 0.33s
16:37:42 [AUTONOMY] scan -> waypoint 4 pan=-0.20 tilt=0.20 speed=0.60
16:37:43 [DETECT] inference took 0.34s
16:37:43 [AUTONOMY] waypoint 4 reached after 0.8s (arrived=True)
16:37:44 [DETECT] inference took 0.39s
16:37:44 [AUTONOMY] scan -> waypoint 5 pan=0.40 tilt=0.20 speed=0.60
16:37:45 [DETECT] inference took 0.34s
16:37:46 [AUTONOMY] waypoint 5 reached after 1.2s (arrived=True)
16:37:46 [DETECT] inference took 0.31s
16:37:47 [AUTONOMY] scan -> waypoint 0 pan=-0.20 tilt=-0.04 speed=0.60
16:37:47 [DETECT] inference took 0.33s
16:37:48 [DETECT] inference took 0.36s
16:37:48 [AUTONOMY] waypoint 0 reached after 1.3s (arrived=True)
16:37:48 [DETECT] inference took 0.41s
16:37:48 [AUTONOMY] investigating (candidate confidence=0.57)
16:37:49 [DETECT] inference took 0.34s
16:37:50 [DETECT] inference took 0.49s
16:37:50 [AUTONOMY] investigation ended (candidate vanished) after 1.7s, zoom_attempts=0
16:37:50 [AUTONOMY] scan -> waypoint 1 pan=0.40 tilt=-0.04 speed=0.60
16:37:51 [DETECT] inference took 0.38s
16:37:51 [AUTONOMY] waypoint 1 reached after 1.3s (arrived=True)
16:37:52 [DETECT] inference took 0.34s
16:37:53 [AUTONOMY] scan -> waypoint 2 pan=0.40 tilt=0.08 speed=0.60
16:37:53 [DETECT] inference took 0.33s
16:37:54 [AUTONOMY] waypoint 2 reached after 0.8s (arrived=True)
16:37:54 [DETECT] inference took 0.36s
16:37:55 [AUTONOMY] scan -> waypoint 3 pan=-0.20 tilt=0.08 speed=0.60
16:37:55 [DETECT] inference took 0.31s
16:37:56 [AUTONOMY] waypoint 3 reached after 1.2s (arrived=True)
16:37:56 [DETECT] inference took 0.36s
16:37:56 [DETECT] inference took 0.42s
16:37:56 [AUTONOMY] investigating (candidate confidence=0.42)
16:37:57 [DETECT] inference took 0.36s
16:37:58 [DETECT] inference took 0.34s
16:37:58 [AUTONOMY] investigation ended (candidate vanished) after 1.6s, zoom_attempts=0
16:37:58 [AUTONOMY] scan -> waypoint 4 pan=-0.20 tilt=0.20 speed=0.60
16:37:59 [AUTONOMY] waypoint 4 reached after 0.8s (arrived=True)
16:37:59 [DETECT] inference took 0.41s
16:38:00 [DETECT] inference took 0.33s
16:38:00 [AUTONOMY] scan -> waypoint 5 pan=0.40 tilt=0.20 speed=0.60
16:38:00 [DETECT] inference took 0.42s
16:38:01 [AUTONOMY] investigating (candidate confidence=0.26)
16:38:01 [DETECT] inference took 0.42s
16:38:02 [DETECT] inference took 0.44s
16:38:02 [DETECT] inference took 0.36s
16:38:02 [DETECT] inference took 0.41s
16:38:02 [AUTONOMY] investigate zoom out (attempt 1/4, confidence=0.25, box_ratio=0.498)
16:38:03 [DETECT] inference took 0.31s
16:38:04 [DETECT] inference took 0.38s
16:38:04 [DETECT] inference took 0.39s
16:38:04 [AUTONOMY] investigate zoom out (attempt 2/4, confidence=0.44, box_ratio=0.447)
16:38:05 [DETECT] inference took 0.38s
16:38:06 [DETECT] inference took 0.50s
16:38:06 [DETECT] inference took 0.39s
16:38:06 [DETECT] inference took 0.42s
16:38:07 [AUTONOMY] investigate zoom out (attempt 3/4, confidence=0.35, box_ratio=0.666)
16:38:07 [DETECT] inference took 0.31s
16:38:07 [DETECT] inference took 0.36s
16:38:08 [DETECT] inference took 0.31s
16:38:08 [DETECT] inference took 0.38s
16:38:08 [AUTONOMY] investigate zoom out (attempt 4/4, confidence=0.45, box_ratio=0.692)
16:38:09 [DETECT] inference took 0.42s
16:38:10 [DETECT] inference took 0.38s
16:38:10 [DETECT] inference took 0.45s
16:38:11 [DETECT] inference took 0.42s
16:38:11 [AUTONOMY] investigation ended (attempt budget exhausted) after 10.1s, zoom_attempts=4
16:38:11 [AUTONOMY] scan -> waypoint 5 pan=0.40 tilt=0.20 speed=0.20
16:38:11 [DETECT] inference took 0.34s
16:38:11 [DETECT] inference took 0.44s
16:38:12 [AUTONOMY] waypoint 5 reached after 1.3s (arrived=True)
16:38:12 [DETECT] inference took 0.39s
16:38:13 [DETECT] inference took 0.42s
16:38:13 [DETECT] inference took 0.36s
16:38:13 [AUTONOMY] scan -> waypoint 0 pan=-0.20 tilt=-0.04 speed=0.60
16:38:14 [DETECT] inference took 0.39s
16:38:14 [AUTONOMY] waypoint 0 reached after 1.2s (arrived=True)
16:38:15 [DETECT] inference took 0.36s
16:38:15 [DETECT] inference took 0.44s
16:38:16 [AUTONOMY] scan -> waypoint 5 pan=0.40 tilt=0.20 speed=0.60
16:38:16 [DETECT] inference took 0.34s
16:38:17 [AUTONOMY] waypoint 5 reached after 1.2s (arrived=True)
16:38:17 [DETECT] inference took 0.38s
16:38:17 [DETECT] inference took 0.42s
16:38:18 [DETECT] inference took 0.31s
16:38:18 [AUTONOMY] scan -> waypoint 0 pan=-0.20 tilt=-0.04 speed=0.60
16:38:19 [DETECT] inference took 0.39s
16:38:19 [AUTONOMY] waypoint 0 reached after 1.2s (arrived=True)
16:38:20 [DETECT] inference took 0.36s
16:38:21 [AUTONOMY] scan -> waypoint 1 pan=0.40 tilt=-0.04 speed=0.60
16:38:21 [DETECT] inference took 0.36s
16:38:22 [AUTONOMY] waypoint 1 reached after 1.3s (arrived=True)
16:38:22 [DETECT] inference took 0.52s
16:38:23 [DETECT] inference took 0.30s
16:38:23 [AUTONOMY] scan -> waypoint 2 pan=0.40 tilt=0.08 speed=0.60
16:38:24 [AUTONOMY] waypoint 2 reached after 0.8s (arrived=True)
16:38:24 [DETECT] inference took 0.53s
16:38:25 [DETECT] inference took 0.34s
16:38:25 [AUTONOMY] scan -> waypoint 3 pan=-0.20 tilt=0.08 speed=0.60
16:38:26 [DETECT] inference took 0.38s
16:38:26 [AUTONOMY] waypoint 3 reached after 1.2s (arrived=True)
16:38:27 [DETECT] inference took 0.39s
16:38:28 [AUTONOMY] scan -> waypoint 4 pan=-0.20 tilt=0.20 speed=0.60
16:38:28 [DETECT] inference took 0.33s
16:38:28 [AUTONOMY] waypoint 4 reached after 0.9s (arrived=True)
16:38:29 [DETECT] inference took 0.36s
16:38:30 [AUTONOMY] scan -> waypoint 5 pan=0.40 tilt=0.20 speed=0.60
16:38:30 [DETECT] inference took 0.34s
16:38:30 [DETECT] inference took 0.45s
16:38:30 [DETECT] rejected drone candidate (confidence=0.30) -- overlaps a confidently-classified non-drone object
16:38:31 [AUTONOMY] waypoint 5 reached after 1.3s (arrived=True)
16:38:31 [DETECT] inference took 0.36s
16:38:31 [DETECT] inference took 0.41s
16:38:31 [AUTONOMY] investigating (candidate confidence=0.56)
16:38:32 [DETECT] inference took 0.31s
16:38:33 [DETECT] inference took 0.31s
16:38:33 [AUTONOMY] investigation ended (candidate vanished) after 1.5s, zoom_attempts=0
16:38:33 [AUTONOMY] scan -> waypoint 0 pan=-0.20 tilt=-0.04 speed=0.60
16:38:34 [DETECT] inference took 0.41s
16:38:34 [AUTONOMY] waypoint 0 reached after 1.3s (arrived=True)
16:38:35 [DETECT] inference took 0.34s
16:38:36 [AUTONOMY] scan -> waypoint 1 pan=0.40 tilt=-0.04 speed=0.60
16:38:36 [DETECT] inference took 0.31s
16:38:37 [AUTONOMY] waypoint 1 reached after 1.2s (arrived=True)
16:38:37 [DETECT] inference took 0.34s
16:38:38 [DETECT] inference took 0.34s
16:38:39 [DETECT] inference took 0.31s
16:38:40 [DETECT] inference took 0.45s
16:38:41 [DETECT] inference took 0.39s
16:38:42 [DETECT] inference took 0.44s
16:38:42 [DETECT] inference took 0.56s
16:38:43 [DETECT] inference took 0.41s
16:38:44 [DETECT] inference took 0.42s
16:38:44 [DETECT] inference took 0.36s
16:38:44 [DETECT] inference took 0.44s
16:38:45 [DETECT] inference took 0.34s
16:38:45 [DETECT] inference took 0.36s
16:38:46 [DETECT] inference took 0.34s
16:38:46 [DETECT] inference took 0.36s
16:38:47 [DETECT] inference took 0.33s
16:38:47 [DETECT] inference took 0.41s
16:38:48 [DETECT] inference took 0.38s
16:38:48 [DETECT] inference took 0.42s
16:38:49 [DETECT] inference took 0.38s
16:38:50 [DETECT] inference took 0.34s
16:38:51 [DETECT] inference took 0.34s
16:38:52 [DETECT] inference took 0.38s
16:38:53 [DETECT] inference took 0.42s
16:38:54 [DETECT] inference took 0.39s
16:38:55 [DETECT] inference took 0.34s
16:38:56 [DETECT] inference took 0.33s
16:38:57 [DETECT] inference took 0.33s
16:38:58 [DETECT] inference took 0.42s
16:38:59 [DETECT] inference took 0.33s
16:38:59 [AUTONOMY] scan -> waypoint 0 pan=-0.20 tilt=-0.04 speed=0.60
16:39:00 [AUTONOMY] waypoint 0 reached after 0.8s (arrived=True)
16:39:00 [DETECT] inference took 0.34s
16:39:01 [DETECT] inference took 0.34s
16:39:01 [AUTONOMY] scan -> waypoint 1 pan=0.40 tilt=-0.04 speed=0.60
16:39:02 [DETECT] inference took 0.39s
16:39:02 [AUTONOMY] waypoint 1 reached after 1.2s (arrived=True)
16:39:03 [DETECT] inference took 0.38s
16:39:04 [DETECT] inference took 0.45s
16:39:05 [DETECT] inference took 0.39s
16:39:05 [DETECT] inference took 0.44s
16:39:06 [DETECT] inference took 0.36s
16:39:07 [DETECT] inference took 0.36s
16:39:08 [DETECT] inference took 0.36s
16:39:09 [DETECT] inference took 0.41s
16:39:10 [DETECT] inference took 0.34s
16:39:11 [DETECT] inference took 0.33s
16:39:12 [DETECT] inference took 0.38s
16:39:13 [DETECT] inference took 0.39s
16:39:14 [DETECT] inference took 0.34s
16:39:15 [DETECT] inference took 0.50s
16:39:16 [DETECT] inference took 0.47s
16:39:16 [DETECT] inference took 0.42s
16:39:17 [DETECT] inference took 0.48s
16:39:17 [DETECT] inference took 0.44s
16:39:18 [DETECT] inference took 0.50s
16:39:18 [TRACK] box=(511, 315, 835, 437) confidence=0.74 gap_since_previous=0.00s
16:39:18 [TRACK] offset_x=-0.30 offset_y=-0.30 box_ratio=0.019 (target=0.08) -> pan=-0.30 tilt=0.30 zoom=0.20
16:39:18 [DETECT] inference took 0.42s
16:39:18 [TRACK] box=(483, 419, 815, 547) confidence=0.76 gap_since_previous=0.25s
16:39:18 [TRACK] offset_x=-0.32 offset_y=-0.11 box_ratio=0.020 (target=0.08) -> pan=-0.30 tilt=0.00 zoom=0.20
16:39:19 [DETECT] inference took 0.39s
16:39:19 [TRACK] box=(590, 649, 938, 804) confidence=0.70 gap_since_previous=0.97s
16:39:19 [TRACK] offset_x=-0.20 offset_y=0.35 box_ratio=0.026 (target=0.08) -> pan=-0.20 tilt=-0.30 zoom=0.20
16:39:20 [DETECT] inference took 0.39s
16:39:20 [TRACK] box=(731, 739, 1101, 894) confidence=0.76 gap_since_previous=1.02s
16:39:20 [TRACK] offset_x=-0.05 offset_y=0.51 box_ratio=0.028 (target=0.08) -> pan=0.00 tilt=-0.30 zoom=0.20
16:39:21 [DETECT] inference took 0.39s
16:39:21 [TRACK] box=(805, 597, 1201, 770) confidence=0.75 gap_since_previous=1.00s
16:39:21 [TRACK] offset_x=0.04 offset_y=0.27 box_ratio=0.033 (target=0.08) -> pan=0.00 tilt=-0.27 zoom=0.20
16:39:22 [DETECT] inference took 0.36s
16:39:22 [TRACK] box=(817, 423, 1273, 636) confidence=0.83 gap_since_previous=0.94s
16:39:22 [TRACK] offset_x=0.09 offset_y=-0.02 box_ratio=0.047 (target=0.08) -> pan=0.00 tilt=0.00 zoom=0.20
16:39:23 [DETECT] inference took 0.38s
16:39:23 [TRACK] box=(792, 294, 1294, 538) confidence=0.82 gap_since_previous=1.05s
16:39:23 [TRACK] offset_x=0.09 offset_y=-0.23 box_ratio=0.059 (target=0.08) -> pan=0.00 tilt=0.23 zoom=0.00
16:39:24 [DETECT] inference took 0.39s
16:39:24 [TRACK] box=(749, 302, 1363, 593) confidence=0.76 gap_since_previous=1.00s
16:39:24 [TRACK] offset_x=0.10 offset_y=-0.17 box_ratio=0.086 (target=0.08) -> pan=0.00 tilt=0.17 zoom=0.00
16:39:25 [DETECT] inference took 0.59s
16:39:25 [TRACK] box=(724, 454, 1350, 726) confidence=0.74 gap_since_previous=1.20s
16:39:25 [TRACK] offset_x=0.08 offset_y=0.09 box_ratio=0.082 (target=0.08) -> pan=0.00 tilt=0.00 zoom=0.00
16:39:26 [DETECT] inference took 0.41s
16:39:26 [TRACK] box=(765, 522, 1375, 763) confidence=0.67 gap_since_previous=0.81s
16:39:26 [TRACK] offset_x=0.11 offset_y=0.19 box_ratio=0.071 (target=0.08) -> pan=0.00 tilt=-0.19 zoom=0.00
16:39:27 [DETECT] inference took 0.38s
16:39:27 [TRACK] box=(711, 470, 1327, 750) confidence=0.62 gap_since_previous=0.95s
16:39:27 [TRACK] offset_x=0.06 offset_y=0.13 box_ratio=0.083 (target=0.08) -> pan=0.00 tilt=-0.13 zoom=0.00
16:39:28 [DETECT] inference took 0.39s
16:39:28 [TRACK] box=(711, 351, 1344, 655) confidence=0.69 gap_since_previous=1.05s
16:39:28 [TRACK] offset_x=0.07 offset_y=-0.07 box_ratio=0.093 (target=0.08) -> pan=0.00 tilt=0.00 zoom=0.00
16:39:29 [DETECT] inference took 0.41s
16:39:29 [TRACK] box=(774, 320, 1367, 604) confidence=0.67 gap_since_previous=1.03s
16:39:29 [TRACK] offset_x=0.12 offset_y=-0.14 box_ratio=0.081 (target=0.08) -> pan=0.00 tilt=0.14 zoom=0.00
16:39:30 [DETECT] inference took 0.50s
16:39:30 [TRACK] box=(699, 325, 1319, 622) confidence=0.68 gap_since_previous=1.09s
16:39:30 [TRACK] offset_x=0.05 offset_y=-0.12 box_ratio=0.089 (target=0.08) -> pan=0.00 tilt=0.12 zoom=0.00
16:39:31 [DETECT] inference took 0.41s
16:39:31 [TRACK] box=(688, 404, 1291, 683) confidence=0.74 gap_since_previous=0.89s
16:39:31 [TRACK] offset_x=0.03 offset_y=0.01 box_ratio=0.081 (target=0.08) -> pan=0.00 tilt=0.00 zoom=0.00
16:39:32 [DETECT] inference took 0.39s
16:39:32 [TRACK] box=(783, 456, 1346, 741) confidence=0.67 gap_since_previous=0.99s
16:39:32 [TRACK] offset_x=0.11 offset_y=0.11 box_ratio=0.077 (target=0.08) -> pan=0.00 tilt=0.00 zoom=0.00
16:39:33 [DETECT] inference took 0.38s
16:39:33 [TRACK] box=(846, 470, 1354, 734) confidence=0.68 gap_since_previous=0.97s
16:39:33 [TRACK] offset_x=0.15 offset_y=0.11 box_ratio=0.065 (target=0.08) -> pan=0.15 tilt=0.00 zoom=0.00
16:39:34 [DETECT] inference took 0.39s
16:39:34 [TRACK] box=(767, 468, 1366, 728) confidence=0.70 gap_since_previous=1.05s
16:39:34 [TRACK] offset_x=0.11 offset_y=0.11 box_ratio=0.075 (target=0.08) -> pan=0.00 tilt=0.00 zoom=0.00
16:39:35 [DETECT] inference took 0.41s
16:39:35 [TRACK] box=(694, 611, 1300, 864) confidence=0.76 gap_since_previous=0.99s
16:39:35 [TRACK] offset_x=0.04 offset_y=0.37 box_ratio=0.074 (target=0.08) -> pan=0.00 tilt=-0.30 zoom=0.00
16:39:36 [DETECT] inference took 0.53s
16:39:36 [TRACK] box=(609, 680, 1293, 923) confidence=0.42 gap_since_previous=1.14s
16:39:36 [TRACK] offset_x=-0.01 offset_y=0.48 box_ratio=0.080 (target=0.08) -> pan=0.00 tilt=-0.30 zoom=0.00
16:39:37 [DETECT] inference took 0.42s
16:39:37 [TRACK] box=(607, 577, 1255, 819) confidence=0.28 gap_since_previous=0.89s
16:39:37 [TRACK] offset_x=-0.03 offset_y=0.29 box_ratio=0.076 (target=0.08) -> pan=0.00 tilt=-0.29 zoom=0.00
16:39:38 [DETECT] inference took 0.42s
16:39:38 [TRACK] box=(592, 376, 1281, 618) confidence=0.28 gap_since_previous=1.02s
16:39:38 [TRACK] offset_x=-0.02 offset_y=-0.08 box_ratio=0.080 (target=0.08) -> pan=0.00 tilt=0.00 zoom=0.00
16:39:40 [DETECT] inference took 1.06s
16:39:41 [DETECT] inference took 0.94s
16:39:41 [TRACK] box=(596, 270, 1205, 506) confidence=0.26 gap_since_previous=2.53s
16:39:41 [TRACK] offset_x=-0.06 offset_y=-0.28 box_ratio=0.069 (target=0.08) -> pan=0.00 tilt=0.28 zoom=0.00
16:39:42 [DETECT] inference took 1.17s
16:39:44 [DETECT] inference took 1.58s
16:39:44 [TRACK] target lost -- no qualifying detection for 3.01s (timeout=3.0s)
16:39:45 [AUTONOMY] scan -> waypoint 0 pan=-0.20 tilt=-0.04 speed=0.60
16:39:45 [DETECT] inference took 1.52s
16:39:46 [AUTONOMY] waypoint 0 reached after 0.9s (arrived=True)
16:39:47 [AUTONOMY] investigating (motion)
16:39:47 [DETECT] inference took 2.12s
16:39:48 [DETECT] inference took 0.97s
16:39:49 [DETECT] inference took 0.64s
16:39:49 [AUTONOMY] investigation ended (stare window expired) after 2.5s, zoom_attempts=0
16:39:49 [AUTONOMY] scan -> waypoint 1 pan=0.40 tilt=-0.04 speed=0.60
16:39:50 [DETECT] inference took 0.64s
16:39:51 [AUTONOMY] waypoint 1 reached after 1.3s (arrived=True)
16:39:51 [DETECT] inference took 0.66s
16:39:51 [AUTONOMY] investigating (motion)
16:39:52 [DETECT] inference took 0.67s
16:39:53 [DETECT] inference took 0.59s
16:39:54 [DETECT] inference took 0.52s
16:39:54 [AUTONOMY] investigation ended (stare window expired) after 2.5s, zoom_attempts=0
16:39:54 [AUTONOMY] scan -> waypoint 2 pan=0.40 tilt=0.08 speed=0.60
16:39:55 [DETECT] inference took 0.53s
16:39:55 [AUTONOMY] waypoint 2 reached after 0.9s (arrived=True)
16:39:56 [DETECT] inference took 0.58s
16:39:56 [AUTONOMY] scan -> waypoint 3 pan=-0.20 tilt=0.08 speed=0.60
16:39:57 [DETECT] inference took 0.53s
16:39:57 [AUTONOMY] waypoint 3 reached after 1.3s (arrived=True)
16:39:58 [DETECT] inference took 0.91s
16:39:59 [AUTONOMY] scan -> waypoint 4 pan=-0.20 tilt=0.20 speed=0.60
16:39:59 [DETECT] inference took 0.75s
16:39:59 [AUTONOMY] waypoint 4 reached after 0.8s (arrived=True)
16:40:00 [DETECT] inference took 0.74s
16:40:01 [AUTONOMY] scan -> waypoint 5 pan=0.40 tilt=0.20 speed=0.60
16:40:01 [DETECT] inference took 0.66s
16:40:01 [DETECT] inference took 0.61s
16:40:02 [AUTONOMY] investigating (candidate confidence=0.34)
16:40:02 [DETECT] inference took 0.69s
16:40:03 [DETECT] inference took 0.64s
16:40:03 [AUTONOMY] investigation ended (candidate vanished) after 1.7s, zoom_attempts=0
16:40:03 [AUTONOMY] scan -> waypoint 5 pan=0.40 tilt=0.20 speed=0.60
16:40:04 [AUTONOMY] waypoint 5 reached after 0.4s (arrived=True)
16:40:04 [DETECT] inference took 0.61s
16:40:05 [AUTONOMY] scan -> waypoint 0 pan=-0.20 tilt=-0.04 speed=0.60
16:40:05 [DETECT] inference took 0.55s
16:40:06 [AUTONOMY] waypoint 0 reached after 1.3s (arrived=True)
16:40:06 [DETECT] inference took 0.76s
16:40:07 [DETECT] inference took 0.59s
16:40:07 [AUTONOMY] scan -> waypoint 1 pan=0.40 tilt=-0.04 speed=0.60
16:40:08 [DETECT] inference took 0.95s
16:40:09 [AUTONOMY] waypoint 1 reached after 1.2s (arrived=True)
16:40:09 [DETECT] inference took 0.81s
16:40:10 [AUTONOMY] scan -> waypoint 2 pan=0.40 tilt=0.08 speed=0.60
16:40:10 [DETECT] inference took 0.56s
16:40:11 [DETECT] inference took 0.64s
16:40:11 [AUTONOMY] investigating (candidate confidence=0.26)
16:40:11 [DETECT] inference took 0.61s
16:40:12 [DETECT] inference took 0.34s
16:40:12 [AUTONOMY] investigation ended (candidate vanished) after 1.4s, zoom_attempts=0
16:40:12 [AUTONOMY] scan -> waypoint 2 pan=0.40 tilt=0.08 speed=0.60
16:40:13 [AUTONOMY] waypoint 2 reached after 0.4s (arrived=True)
16:40:13 [DETECT] inference took 0.42s
16:40:14 [AUTONOMY] scan -> waypoint 3 pan=-0.20 tilt=0.08 speed=0.60
16:40:14 [DETECT] inference took 0.34s
16:40:15 [AUTONOMY] waypoint 3 reached after 1.2s (arrived=True)
16:40:15 [DETECT] inference took 0.38s
16:40:16 [DETECT] inference took 0.53s
16:40:16 [AUTONOMY] investigating (candidate confidence=0.26)
16:40:16 [DETECT] inference took 0.36s
16:40:17 [DETECT] inference took 0.38s
16:40:17 [AUTONOMY] investigation ended (candidate vanished) after 1.5s, zoom_attempts=0
16:40:17 [AUTONOMY] scan -> waypoint 4 pan=-0.20 tilt=0.20 speed=0.60
16:40:18 [AUTONOMY] waypoint 4 reached after 0.9s (arrived=True)
16:40:18 [DETECT] inference took 0.45s
16:40:19 [AUTONOMY] scan -> waypoint 5 pan=0.40 tilt=0.20 speed=0.60
16:40:19 [DETECT] inference took 0.52s
16:40:20 [DETECT] inference took 0.44s
16:40:21 [AUTONOMY] waypoint 5 reached after 1.3s (arrived=True)
16:40:21 [DETECT] inference took 0.44s
16:40:21 [AUTONOMY] investigating (candidate confidence=0.34)
16:40:21 [DETECT] inference took 0.39s
16:40:22 [DETECT] inference took 0.38s
16:40:22 [AUTONOMY] investigation ended (candidate vanished) after 1.5s, zoom_attempts=0
16:40:22 [AUTONOMY] scan -> waypoint 0 pan=-0.20 tilt=-0.04 speed=0.60
16:40:23 [DETECT] inference took 0.49s
16:40:23 [AUTONOMY] waypoint 0 reached after 1.3s (arrived=True)
16:40:24 [DETECT] inference took 0.42s
16:40:25 [AUTONOMY] scan -> waypoint 1 pan=0.40 tilt=-0.04 speed=0.60
16:40:25 [DETECT] inference took 0.47s
16:40:26 [DETECT] inference took 0.42s
16:40:27 [DETECT] inference took 0.67s
16:40:28 [DETECT] inference took 0.38s
16:40:29 [DETECT] inference took 0.39s
16:40:30 [DETECT] inference took 0.39s
16:40:31 [DETECT] inference took 0.30s
16:40:32 [DETECT] inference took 0.31s
16:40:33 [DETECT] inference took 0.34s
16:40:34 [DETECT] inference took 0.36s
16:40:35 [DETECT] inference took 0.36s
16:40:36 [DETECT] inference took 0.23s
16:40:37 [DETECT] inference took 0.26s
16:40:38 [DETECT] inference took 0.24s
16:40:39 [DETECT] inference took 0.24s
16:40:40 [DETECT] inference took 0.25s
16:40:41 [DETECT] inference took 0.20s
16:40:42 [DETECT] inference took 0.22s
16:40:43 [DETECT] inference took 0.27s
16:40:44 [DETECT] inference took 0.22s
16:40:45 [DETECT] inference took 0.22s
16:40:46 [DETECT] inference took 0.22s
16:40:47 [DETECT] inference took 0.23s
16:40:48 [DETECT] inference took 0.36s
16:40:49 [DETECT] inference took 0.23s
16:40:50 [DETECT] inference took 0.23s
16:40:51 [DETECT] inference took 0.22s
16:40:52 [DETECT] inference took 0.22s
16:40:53 [DETECT] inference took 0.23s
16:40:54 [DETECT] inference took 0.30s
16:40:55 [DETECT] inference took 0.22s
16:40:56 [DETECT] inference took 0.23s
16:40:57 [DETECT] inference took 0.22s
16:40:58 [DETECT] inference took 0.23s
16:40:59 [DETECT] inference took 0.23s
16:41:00 [DETECT] inference took 0.33s
16:41:01 [DETECT] inference took 0.25s
16:41:02 [DETECT] inference took 0.23s
16:41:03 [DETECT] inference took 0.25s
16:41:04 [DETECT] inference took 0.25s
16:41:05 [DETECT] inference took 0.23s
16:41:06 [DETECT] inference took 0.23s
16:41:07 [DETECT] inference took 0.24s
16:41:08 [DETECT] inference took 0.24s
16:41:09 [DETECT] inference took 0.22s
16:41:10 [DETECT] inference took 0.24s
16:41:11 [DETECT] inference took 0.30s
16:41:12 [DETECT] inference took 0.31s
16:41:13 [DETECT] inference took 0.49s
16:41:14 [DETECT] inference took 0.50s
16:41:15 [DETECT] inference took 0.31s
16:41:16 [DETECT] inference took 0.44s
16:41:17 [DETECT] inference took 0.30s
16:41:18 [DETECT] inference took 0.36s
16:41:20 [DETECT] inference took 0.78s
16:41:20 [DETECT] inference took 0.41s
16:41:21 [DETECT] inference took 0.25s
16:41:22 [DETECT] inference took 0.28s
16:41:23 [DETECT] inference took 0.23s
16:41:24 [DETECT] inference took 0.22s
16:41:25 [DETECT] inference took 0.23s
16:41:26 [DETECT] inference took 0.23s
16:41:27 [DETECT] inference took 0.22s
16:41:28 [DETECT] inference took 0.22s
16:41:29 [DETECT] inference took 0.30s
16:41:30 [DETECT] inference took 0.30s
16:41:31 [DETECT] inference took 0.22s
16:41:32 [DETECT] inference took 0.24s
16:41:33 [DETECT] inference took 0.22s
16:41:34 [DETECT] inference took 0.24s
16:41:35 [DETECT] inference took 0.27s
16:41:36 [DETECT] inference took 0.24s
16:41:37 [DETECT] inference took 0.28s
16:41:38 [DETECT] inference took 0.31s
16:41:39 [DETECT] inference took 0.28s
16:41:40 [DETECT] inference took 0.50s
16:41:41 [DETECT] inference took 0.30s
16:41:42 [DETECT] inference took 0.22s
16:41:43 [DETECT] inference took 0.22s
16:41:44 [DETECT] inference took 0.20s
16:41:45 [DETECT] inference took 0.22s
16:41:46 [DETECT] inference took 0.20s
16:41:47 [DETECT] inference took 0.20s
16:41:48 [DETECT] inference took 0.22s
16:41:49 [DETECT] inference took 0.24s
16:41:50 [DETECT] inference took 0.20s
16:41:51 [DETECT] inference took 0.24s
16:41:52 [DETECT] inference took 0.22s
16:41:53 [DETECT] inference took 0.20s
16:41:54 [DETECT] inference took 0.22s
16:41:55 [DETECT] inference took 0.22s
16:41:56 [DETECT] inference took 0.20s
16:41:57 [DETECT] inference took 0.22s
16:41:58 [DETECT] inference took 0.20s
16:41:59 [DETECT] inference took 0.22s
16:42:00 [DETECT] inference took 0.22s
16:42:01 [DETECT] inference took 0.22s
16:42:02 [DETECT] inference took 0.20s
16:42:03 [DETECT] inference took 0.20s
16:42:04 [DETECT] inference took 0.23s
16:42:05 [DETECT] inference took 0.22s
16:42:06 [DETECT] inference took 0.28s
16:42:07 [DETECT] inference took 0.22s
16:42:08 [DETECT] inference took 0.20s
16:42:09 [DETECT] inference took 0.22s
16:42:10 [DETECT] inference took 0.22s
16:42:11 [DETECT] inference took 0.33s
16:42:12 [DETECT] inference took 0.22s
16:42:13 [DETECT] inference took 0.22s
16:42:14 [DETECT] inference took 0.22s
16:42:15 [DETECT] inference took 0.20s
16:42:16 [DETECT] inference took 0.30s
16:42:17 [DETECT] inference took 0.20s
16:42:18 [DETECT] inference took 0.22s
16:42:19 [DETECT] inference took 0.22s
16:42:20 [DETECT] inference took 0.25s
16:42:21 [DETECT] inference took 0.20s
16:42:22 [DETECT] inference took 0.22s
16:42:23 [DETECT] inference took 0.20s
16:42:24 [DETECT] inference took 0.31s
16:42:25 [DETECT] inference took 0.28s
16:42:26 [DETECT] inference took 0.28s
16:42:27 [DETECT] inference took 0.27s
16:42:28 [DETECT] inference took 0.28s
16:42:29 [DETECT] inference took 0.30s
16:42:30 [DETECT] inference took 0.30s
16:42:31 [DETECT] inference took 0.27s
16:42:32 [DETECT] inference took 0.34s
16:42:33 [DETECT] inference took 0.31s
16:42:34 [DETECT] inference took 0.31s
16:42:35 [DETECT] inference took 0.22s
16:42:36 [DETECT] inference took 0.28s
16:42:37 [DETECT] inference took 0.49s
16:42:38 [DETECT] inference took 0.28s
16:42:39 [DETECT] inference took 0.31s
16:42:40 [DETECT] inference took 0.30s
16:42:41 [DETECT] inference took 0.22s
16:42:42 [DETECT] inference took 0.22s
16:42:43 [DETECT] inference took 0.20s
16:42:44 [DETECT] inference took 0.22s
16:42:45 [DETECT] inference took 0.22s
16:42:46 [DETECT] inference took 0.20s
16:42:47 [DETECT] inference took 0.22s
16:42:48 [DETECT] inference took 0.20s
16:42:49 [DETECT] inference took 0.22s
16:42:50 [DETECT] inference took 0.22s
16:42:51 [DETECT] inference took 0.22s
16:42:52 [DETECT] inference took 0.20s
16:42:53 [DETECT] inference took 0.20s
16:42:54 [DETECT] inference took 0.24s
16:42:55 [DETECT] inference took 0.24s
16:42:56 [DETECT] inference took 0.24s
16:42:57 [DETECT] inference took 0.22s
16:42:58 [DETECT] inference took 0.24s
16:42:59 [DETECT] inference took 0.22s
16:43:00 [DETECT] inference took 0.20s
16:43:01 [DETECT] inference took 0.22s
16:43:02 [DETECT] inference took 0.20s
16:43:03 [DETECT] inference took 0.55s
16:43:04 [DETECT] inference took 0.20s
16:43:05 [DETECT] inference took 0.19s
16:43:06 [DETECT] inference took 0.20s
16:43:07 [DETECT] inference took 0.20s
16:43:08 [DETECT] inference took 0.25s
16:43:09 [DETECT] inference took 0.26s
16:43:10 [DETECT] inference took 0.27s
16:43:11 [DETECT] inference took 0.28s
16:43:12 [DETECT] inference took 0.27s
16:43:13 [DETECT] inference took 0.27s
16:43:14 [DETECT] inference took 0.28s
16:43:15 [DETECT] inference took 0.22s
16:43:16 [DETECT] inference took 0.22s
16:43:17 [DETECT] inference took 0.20s
16:43:18 [DETECT] inference took 0.20s
16:43:19 [DETECT] inference took 0.22s
16:43:20 [DETECT] inference took 0.19s
16:43:21 [DETECT] inference took 0.22s
16:43:22 [DETECT] inference took 0.22s
16:43:23 [DETECT] inference took 0.19s
16:43:24 [DETECT] inference took 0.22s
16:43:25 [DETECT] inference took 0.22s
16:43:26 [DETECT] inference took 0.22s
16:43:27 [DETECT] inference took 0.22s
16:43:28 [DETECT] inference took 0.22s
16:43:29 [DETECT] inference took 0.20s
16:43:30 [DETECT] inference took 0.20s
16:43:31 [DETECT] inference took 0.20s
16:43:32 [DETECT] inference took 0.20s
16:43:33 [DETECT] inference took 0.20s
16:43:34 [DETECT] inference took 0.42s
16:43:35 [DETECT] inference took 0.28s
16:43:36 [DETECT] inference took 0.28s
16:43:37 [DETECT] inference took 0.28s
16:43:38 [DETECT] inference took 0.28s
16:43:39 [DETECT] inference took 0.22s
16:43:40 [DETECT] inference took 0.20s
16:43:41 [DETECT] inference took 0.22s
16:43:42 [DETECT] inference took 0.22s
16:43:43 [DETECT] inference took 0.22s
16:43:44 [DETECT] inference took 0.20s
16:43:45 [DETECT] inference took 0.22s
16:43:46 [DETECT] inference took 0.20s
16:43:47 [DETECT] inference took 0.20s
16:43:48 [DETECT] inference took 0.20s
16:43:49 [DETECT] inference took 0.26s
16:43:50 [DETECT] inference took 0.28s
16:43:52 [DETECT] inference took 0.61s
16:43:52 [DETECT] inference took 0.30s
16:43:53 [DETECT] inference took 0.28s
16:43:54 [DETECT] inference took 0.20s
16:43:55 [DETECT] inference took 0.20s
16:43:56 [DETECT] inference took 0.22s
16:43:57 [DETECT] inference took 0.22s
16:43:58 [DETECT] inference took 0.20s
16:43:59 [DETECT] inference took 0.20s
16:44:00 [DETECT] inference took 0.24s
16:44:01 [DETECT] inference took 0.20s
16:44:02 [DETECT] inference took 0.22s
16:44:03 [DETECT] inference took 0.20s
16:44:04 [DETECT] inference took 0.20s
16:44:05 [DETECT] inference took 0.33s
16:44:06 [DETECT] inference took 0.20s
16:44:07 [DETECT] inference took 0.20s
16:44:08 [DETECT] inference took 0.22s
16:44:09 [DETECT] inference took 0.20s
16:44:10 [DETECT] inference took 0.20s
16:44:11 [DETECT] inference took 0.22s
16:44:12 [DETECT] inference took 0.22s
16:44:13 [DETECT] inference took 0.20s
16:44:14 [DETECT] inference took 0.20s
16:44:15 [DETECT] inference took 0.28s
16:44:16 [DETECT] inference took 0.30s
16:44:17 [DETECT] inference took 0.30s
16:44:18 [DETECT] inference took 0.28s
16:44:19 [DETECT] inference took 0.27s
16:44:20 [DETECT] inference took 0.22s
16:44:21 [DETECT] inference took 0.22s
16:44:22 [DETECT] inference took 0.22s
16:44:23 [DETECT] inference took 0.22s
16:44:24 [DETECT] inference took 0.22s
16:44:25 [DETECT] inference took 0.22s
16:44:26 [DETECT] inference took 0.22s
16:44:27 [DETECT] inference took 0.22s
16:44:28 [DETECT] inference took 0.23s
16:44:29 [DETECT] inference took 0.30s
16:44:30 [DETECT] inference took 0.28s
16:44:31 [DETECT] inference took 0.45s
16:44:32 [DETECT] inference took 0.30s
16:44:33 [DETECT] inference took 0.28s
16:44:34 [DETECT] inference took 0.22s
16:44:35 [DETECT] inference took 0.25s
16:44:36 [DETECT] inference took 0.27s
16:44:37 [DETECT] inference took 0.22s
16:44:38 [DETECT] inference took 0.22s
16:44:39 [DETECT] inference took 0.20s
16:44:40 [DETECT] inference took 0.20s
16:44:41 [DETECT] inference took 0.20s
16:44:42 [DETECT] inference took 0.20s
16:44:43 [DETECT] inference took 0.20s
16:44:44 [DETECT] inference took 0.20s
16:44:45 [DETECT] inference took 0.20s
16:44:46 [DETECT] inference took 0.20s
16:44:47 [DETECT] inference took 0.20s
16:44:48 [DETECT] inference took 0.20s
16:44:49 [DETECT] inference took 0.22s
16:44:50 [DETECT] inference took 0.20s
16:44:51 [DETECT] inference took 0.20s
16:44:52 [DETECT] inference took 0.20s
16:44:53 [DETECT] inference took 0.20s
16:44:54 [DETECT] inference took 0.20s
16:44:55 [DETECT] inference took 0.20s
16:44:56 [DETECT] inference took 0.20s
16:44:57 [DETECT] inference took 0.20s
16:44:58 [DETECT] inference took 0.20s
16:44:59 [DETECT] inference took 0.20s
16:45:00 [DETECT] inference took 0.20s
16:45:01 [DETECT] inference took 0.20s
16:45:02 [DETECT] inference took 0.30s
16:45:03 [DETECT] inference took 0.20s
16:45:04 [DETECT] inference took 0.20s
16:45:05 [DETECT] inference took 0.20s
16:45:06 [DETECT] inference took 0.22s
16:45:07 [DETECT] inference took 0.27s
16:45:08 [DETECT] inference took 0.22s
16:45:09 [DETECT] inference took 0.30s
16:45:10 [DETECT] inference took 0.27s
16:45:11 [DETECT] inference took 0.27s
16:45:12 [DETECT] inference took 0.27s
16:45:13 [DETECT] inference took 0.27s
16:45:14 [DETECT] inference took 0.26s
16:45:15 [DETECT] inference took 0.28s
16:45:16 [DETECT] inference took 0.20s
16:45:17 [DETECT] inference took 0.20s
16:45:18 [DETECT] inference took 0.22s
16:45:19 [DETECT] inference took 0.20s
16:45:20 [DETECT] inference took 0.22s
16:45:21 [DETECT] inference took 0.20s
16:45:22 [DETECT] inference took 0.20s
16:45:23 [DETECT] inference took 0.20s
16:45:24 [DETECT] inference took 0.20s
16:45:25 [DETECT] inference took 0.20s
16:45:26 [DETECT] inference took 0.20s
16:45:27 [DETECT] inference took 0.22s
16:45:28 [DETECT] inference took 0.20s
16:45:29 [DETECT] inference took 0.20s
16:45:30 [DETECT] inference took 0.20s
16:45:31 [DETECT] inference took 0.20s
16:45:32 [DETECT] inference took 0.19s
16:45:33 [DETECT] inference took 0.31s
16:45:34 [DETECT] inference took 0.20s
16:45:35 [DETECT] inference took 0.20s
16:45:36 [DETECT] inference took 0.22s
16:45:37 [DETECT] inference took 0.23s
16:45:38 [DETECT] inference took 0.33s
16:45:39 [DETECT] inference took 0.20s
16:45:40 [DETECT] inference took 0.20s
16:45:41 [DETECT] inference took 0.22s
16:45:42 [DETECT] inference took 0.22s
16:45:43 [DETECT] inference took 0.22s
16:45:44 [DETECT] inference took 0.22s
16:45:45 [DETECT] inference took 0.20s
16:45:46 [DETECT] inference took 0.22s
16:45:47 [DETECT] inference took 0.20s
16:45:48 [DETECT] inference took 0.22s
16:45:49 [DETECT] inference took 0.20s
16:45:50 [DETECT] inference took 0.20s
16:45:51 [DETECT] inference took 0.22s
16:45:52 [DETECT] inference took 0.22s
16:45:53 [DETECT] inference took 0.20s
16:45:54 [DETECT] inference took 0.22s
16:45:55 [DETECT] inference took 0.20s
16:45:56 [DETECT] inference took 0.22s
16:45:57 [DETECT] inference took 0.22s
16:45:58 [DETECT] inference took 0.20s
16:45:59 [DETECT] inference took 0.22s
16:46:00 [DETECT] inference took 0.20s
16:46:01 [DETECT] inference took 0.22s
16:46:02 [DETECT] inference took 0.24s
